公司代码,公司名称,选项,指标,报告期,数值
300866,安克创新,常用指标,归母净利润,20260630,1702037215.39
300866,安克创新,常用指标,营业总收入,20260630,16605008753.42
300866,安克创新,常用指标,营业成本,20260630,14334481086.95
300866,安克创新,常用指标,净利润,20260630,1744822270.0
300866,安克创新,常用指标,扣非净利润,20260630,1438775165.82
300866,安克创新,常用指标,股东权益合计(净资产),20260630,11752974457.73
300866,安克创新,常用指标,商誉,20260630,
300866,安克创新,常用指标,经营现金流量净额,20260630,722529395.01
300866,安克创新,常用指标,基本每股收益,20260630,3.1743
300866,安克创新,常用指标,每股净资产,20260630,21.606824
300866,安克创新,常用指标,每股现金流,20260630,1.347307
300866,安克创新,常用指标,净资产收益率(ROE),20260630,15.11
300866,安克创新,常用指标,总资产报酬率(ROA),20260630,9.920626
300866,安克创新,常用指标,毛利率,20260630,49.822729
300866,安克创新,常用指标,销售净利率,20260630,10.507806
300866,安克创新,常用指标,期间费用率,20260630,36.074863
300866,安克创新,常用指标,资产负债率,20260630,47.578533
300866,安克创新,每股指标,基本每股收益,20260630,3.1743
300866,安克创新,每股指标,稀释每股收益,20260630,3.127
300866,安克创新,每股指标,摊薄每股收益_最新股数,20260630,2.894353
300866,安克创新,每股指标,摊薄每股净资产_期末股数,20260630,21.606824
300866,安克创新,每股指标,调整每股净资产_期末股数,20260630,20.11832
300866,安克创新,每股指标,每股净资产_最新股数,20260630,19.704349
300866,安克创新,每股指标,每股经营现金流,20260630,1.347307
300866,安克创新,每股指标,每股现金流量净额,20260630,-0.140758
300866,安克创新,每股指标,每股企业自由现金流量,20260630,1.972201
300866,安克创新,每股指标,每股股东自由现金流量,20260630,2.140016
300866,安克创新,每股指标,每股未分配利润,20260630,13.822559
300866,安克创新,每股指标,每股资本公积金,20260630,5.818409
300866,安克创新,每股指标,每股盈余公积金,20260630,0.49989
300866,安克创新,每股指标,每股留存收益,20260630,14.32245
300866,安克创新,每股指标,每股营业收入,20260630,30.963528
300866,安克创新,每股指标,每股营业总收入,20260630,30.963528
300866,安克创新,每股指标,每股息税前利润,20260630,3.929859
300866,安克创新,盈利能力,净资产收益率(ROE),20260630,15.11
300866,安克创新,盈利能力,摊薄净资产收益率,20260630,14.688905
300866,安克创新,盈利能力,净资产收益率_平均,20260630,15.395849
300866,安克创新,盈利能力,净资产收益率_平均_扣除非经常损益,20260630,13.014501
300866,安克创新,盈利能力,摊薄净资产收益率_扣除非经常损益,20260630,12.416903
300866,安克创新,盈利能力,息税前利润率,20260630,12.691897
300866,安克创新,盈利能力,总资产报酬率,20260630,9.920626
300866,安克创新,盈利能力,总资本回报率,20260630,14.381198
300866,安克创新,盈利能力,投入资本回报率,20260630,13.777341
300866,安克创新,盈利能力,息前税后总资产报酬率_平均,20260630,8.36578
300866,安克创新,盈利能力,毛利率,20260630,49.822729
300866,安克创新,盈利能力,销售净利率,20260630,10.507806
300866,安克创新,盈利能力,成本费用利润率,20260630,14.488905
300866,安克创新,盈利能力,营业利润率,20260630,12.58409
300866,安克创新,盈利能力,总资产净利率_平均,20260630,8.012028
300866,安克创新,盈利能力,总资产净利率_平均(含少数股东损益),20260630,8.213431
300866,安克创新,成长能力,归母净利润,20260630,1702037215.39
300866,安克创新,成长能力,营业总收入,20260630,16605008753.42
300866,安克创新,成长能力,净利润,20260630,1744822270.0
300866,安克创新,成长能力,扣非净利润,20260630,1438775165.82
300866,安克创新,成长能力,营业总收入增长率,20260630,29.053508
300866,安克创新,成长能力,归属母公司净利润增长率,20260630,45.857623
300866,安克创新,收益质量,经营活动净现金/销售收入,20260630,0.043512
300866,安克创新,收益质量,经营性现金净流量/营业总收入,20260630,0.043512
300866,安克创新,收益质量,成本费用率,20260630,86.252134
300866,安克创新,收益质量,期间费用率,20260630,36.074863
300866,安克创新,收益质量,销售成本率,20260630,50.17727
300866,安克创新,收益质量,经营活动净现金/归属母公司的净利润,20260630,0.424508
300866,安克创新,收益质量,所得税/利润总额,20260630,15.917298
300866,安克创新,财务风险,流动比率,20260630,2.237151
300866,安克创新,财务风险,速动比率,20260630,1.405064
300866,安克创新,财务风险,保守速动比率,20260630,1.061134
300866,安克创新,财务风险,资产负债率,20260630,47.578533
300866,安克创新,财务风险,权益乘数,20260630,1.921591
300866,安克创新,财务风险,权益乘数(含少数股权的净资产),20260630,1.907615
300866,安克创新,财务风险,产权比率,20260630,92.059807
300866,安克创新,财务风险,现金比率,20260630,0.782941
300866,安克创新,营运能力,应收账款周转率,20260630,7.593921
300866,安克创新,营运能力,应收账款周转天数,20260630,23.703167
300866,安克创新,营运能力,存货周转率,20260630,1.420511
300866,安克创新,营运能力,存货周转天数,20260630,126.714936
300866,安克创新,营运能力,总资产周转率,20260630,0.78165
300866,安克创新,营运能力,总资产周转天数,20260630,230.281982
300866,安克创新,营运能力,流动资产周转率,20260630,0.971308
300866,安克创新,营运能力,流动资产周转天数,20260630,185.317015
300866,安克创新,营运能力,应付账款周转率,20260630,4.29103
300866,安克创新,常用指标,归母净利润,20260331,471594189.71
300866,安克创新,常用指标,营业总收入,20260331,7607645545.67
300866,安克创新,常用指标,营业成本,20260331,6885741176.88
300866,安克创新,常用指标,净利润,20260331,470922424.51
300866,安克创新,常用指标,扣非净利润,20260331,546758896.9
300866,安克创新,常用指标,股东权益合计(净资产),20260331,11344196666.93
300866,安克创新,常用指标,商誉,20260331,
300866,安克创新,常用指标,经营现金流量净额,20260331,-450631808.74
300866,安克创新,常用指标,基本每股收益,20260331,0.8796
300866,安克创新,常用指标,每股净资产,20260331,20.826688
300866,安克创新,常用指标,每股现金流,20260331,-0.840481
300866,安克创新,常用指标,净资产收益率(ROE),20260331,4.35
300866,安克创新,常用指标,总资产报酬率(ROA),20260331,2.851198
300866,安克创新,常用指标,毛利率,20260331,43.640113
300866,安克创新,常用指标,销售净利率,20260331,6.19012
300866,安克创新,常用指标,期间费用率,20260331,34.086914
300866,安克创新,常用指标,资产负债率,20260331,43.919339
300866,安克创新,每股指标,基本每股收益,20260331,0.8796
300866,安克创新,每股指标,稀释每股收益,20260331,0.8714
300866,安克创新,每股指标,摊薄每股收益_最新股数,20260331,0.801956
300866,安克创新,每股指标,摊薄每股净资产_期末股数,20260331,20.826688
300866,安克创新,每股指标,调整每股净资产_期末股数,20260331,19.719616
300866,安克创新,每股指标,每股净资产_最新股数,20260331,18.988745
300866,安克创新,每股指标,每股经营现金流,20260331,-0.840481
300866,安克创新,每股指标,每股现金流量净额,20260331,-0.7416
300866,安克创新,每股指标,每股企业自由现金流量,20260331,
300866,安克创新,每股指标,每股股东自由现金流量,20260331,
300866,安克创新,每股指标,每股未分配利润,20260331,13.231037
300866,安克创新,每股指标,每股资本公积金,20260331,5.760105
300866,安克创新,每股指标,每股盈余公积金,20260331,0.499999
300866,安克创新,每股指标,每股留存收益,20260331,13.731037
300866,安克创新,每股指标,每股营业收入,20260331,14.189161
300866,安克创新,每股指标,每股营业总收入,20260331,14.189161
300866,安克创新,每股指标,每股息税前利润,20260331,1.071415
300866,安克创新,盈利能力,净资产收益率(ROE),20260331,4.35
300866,安克创新,盈利能力,摊薄净资产收益率,20260331,4.223326
300866,安克创新,盈利能力,净资产收益率_平均,20260331,4.348589
300866,安克创新,盈利能力,净资产收益率_平均_扣除非经常损益,20260331,5.041686
300866,安克创新,盈利能力,摊薄净资产收益率_扣除非经常损益,20260331,4.896458
300866,安克创新,盈利能力,息税前利润率,20260331,7.55094
300866,安克创新,盈利能力,总资产报酬率,20260331,2.851198
300866,安克创新,盈利能力,总资本回报率,20260331,4.166536
300866,安克创新,盈利能力,投入资本回报率,20260331,3.534576
300866,安克创新,盈利能力,息前税后总资产报酬率_平均,20260331,2.415408
300866,安克创新,盈利能力,毛利率,20260331,43.640113
300866,安克创新,盈利能力,销售净利率,20260331,6.19012
300866,安克创新,盈利能力,成本费用利润率,20260331,8.119956
300866,安克创新,盈利能力,营业利润率,20260331,7.402098
300866,安克创新,盈利能力,总资产净利率_平均,20260331,2.340693
300866,安克创新,盈利能力,总资产净利率_平均(含少数股东损益),20260331,2.337359
300866,安克创新,成长能力,归母净利润,20260331,471594189.71
300866,安克创新,成长能力,营业总收入,20260331,7607645545.67
300866,安克创新,成长能力,净利润,20260331,470922424.51
300866,安克创新,成长能力,扣非净利润,20260331,546758896.9
300866,安克创新,成长能力,营业总收入增长率,20260331,26.934119
300866,安克创新,成长能力,归属母公司净利润增长率,20260331,-4.874729
300866,安克创新,收益质量,经营活动净现金/销售收入,20260331,-0.059234
300866,安克创新,收益质量,经营性现金净流量/营业总收入,20260331,-0.059234
300866,安克创新,收益质量,成本费用率,20260331,90.446801
300866,安克创新,收益质量,期间费用率,20260331,34.086914
300866,安克创新,收益质量,销售成本率,20260331,56.359886
300866,安克创新,收益质量,经营活动净现金/归属母公司的净利润,20260331,-0.955549
300866,安克创新,收益质量,所得税/利润总额,20260331,15.714634
300866,安克创新,财务风险,流动比率,20260331,2.563523
300866,安克创新,财务风险,速动比率,20260331,1.679944
300866,安克创新,财务风险,保守速动比率,20260331,1.213738
300866,安克创新,财务风险,资产负债率,20260331,43.919339
300866,安克创新,财务风险,权益乘数,20260331,1.85782
300866,安克创新,财务风险,权益乘数(含少数股权的净资产),20260331,1.783145
300866,安克创新,财务风险,产权比率,20260331,79.561443
300866,安克创新,财务风险,现金比率,20260331,0.939375
300866,安克创新,营运能力,应收账款周转率,20260331,3.975495
300866,安克创新,营运能力,应收账款周转天数,20260331,22.638684
300866,安克创新,营运能力,存货周转率,20260331,0.811597
300866,安克创新,营运能力,存货周转天数,20260331,110.892463
300866,安克创新,营运能力,总资产周转率,20260331,0.377595
300866,安克创新,营运能力,总资产周转天数,20260331,238.350518
300866,安克创新,营运能力,流动资产周转率,20260331,0.471887
300866,安克创新,营运能力,流动资产周转天数,20260331,190.723247
300866,安克创新,营运能力,应付账款周转率,20260331,2.561281
300866,安克创新,常用指标,归母净利润,20251231,2545131880.4
300866,安克创新,常用指标,营业总收入,20251231,30514403376.92
300866,安克创新,常用指标,营业成本,20251231,27648582451.49
300866,安克创新,常用指标,净利润,20251231,2617193921.23
300866,安克创新,常用指标,扣非净利润,20251231,2179258144.99
300866,安克创新,常用指标,股东权益合计(净资产),20251231,10711670026.73
300866,安克创新,常用指标,商誉,20251231,
300866,安克创新,常用指标,经营现金流量净额,20251231,480806645.21
300866,安克创新,常用指标,基本每股收益,20251231,4.7715
300866,安克创新,常用指标,每股净资产,20251231,19.626847
300866,安克创新,常用指标,每股现金流,20251231,0.896761
300866,安克创新,常用指标,净资产收益率(ROE),20251231,26.1
300866,安克创新,常用指标,总资产报酬率(ROA),20251231,16.222939
300866,安克创新,常用指标,毛利率,20251231,45.065366
300866,安克创新,常用指标,销售净利率,20251231,8.576913
300866,安克创新,常用指标,期间费用率,20251231,35.607005
300866,安克创新,常用指标,资产负债率,20251231,46.620185
300866,安克创新,每股指标,基本每股收益,20251231,4.7715
300866,安克创新,每股指标,稀释每股收益,20251231,4.7174
300866,安克创新,每股指标,摊薄每股收益_最新股数,20251231,4.328055
300866,安克创新,每股指标,摊薄每股净资产_期末股数,20251231,19.626847
300866,安克创新,每股指标,调整每股净资产_期末股数,20251231,18.576761
300866,安克创新,每股指标,每股净资产_最新股数,20251231,17.894787
300866,安克创新,每股指标,每股经营现金流,20251231,0.896761
300866,安克创新,每股指标,每股现金流量净额,20251231,1.378394
300866,安克创新,每股指标,每股企业自由现金流量,20251231,-0.828052
300866,安克创新,每股指标,每股股东自由现金流量,20251231,1.26443
300866,安克创新,每股指标,每股未分配利润,20251231,12.351459
300866,安克创新,每股指标,每股资本公积金,20251231,5.731892
300866,安克创新,每股指标,每股盈余公积金,20251231,0.5
300866,安克创新,每股指标,每股留存收益,20251231,12.851459
300866,安克创新,每股指标,每股营业收入,20251231,56.912987
300866,安克创新,每股指标,每股营业总收入,20251231,56.912987
300866,安克创新,每股指标,每股息税前利润,20251231,5.547841
300866,安克创新,盈利能力,净资产收益率(ROE),20251231,26.1
300866,安克创新,盈利能力,摊薄净资产收益率,20251231,24.186122
300866,安克创新,盈利能力,净资产收益率_平均,20251231,26.129172
300866,安克创新,盈利能力,净资产收益率_平均_扣除非经常损益,20251231,22.37299
300866,安克创新,盈利能力,摊薄净资产收益率_扣除非经常损益,20251231,20.709262
300866,安克创新,盈利能力,息税前利润率,20251231,9.747936
300866,安克创新,盈利能力,总资产报酬率,20251231,16.222939
300866,安克创新,盈利能力,总资本回报率,20251231,24.686251
300866,安克创新,盈利能力,投入资本回报率,20251231,21.554607
300866,安克创新,盈利能力,息前税后总资产报酬率_平均,20251231,14.557956
300866,安克创新,盈利能力,毛利率,20251231,45.065366
300866,安克创新,盈利能力,销售净利率,20251231,8.576913
300866,安克创新,盈利能力,成本费用利润率,20251231,10.577848
300866,安克创新,盈利能力,营业利润率,20251231,9.589218
300866,安克创新,盈利能力,总资产净利率_平均,20251231,13.881048
300866,安克创新,盈利能力,总资产净利率_平均(含少数股东损益),20251231,14.274072
300866,安克创新,成长能力,归母净利润,20251231,2545131880.4
300866,安克创新,成长能力,营业总收入,20251231,30514403376.92
300866,安克创新,成长能力,净利润,20251231,2617193921.23
300866,安克创新,成长能力,扣非净利润,20251231,2179258144.99
300866,安克创新,成长能力,营业总收入增长率,20251231,23.489697
300866,安克创新,成长能力,归属母公司净利润增长率,20251231,20.369671
300866,安克创新,收益质量,经营活动净现金/销售收入,20251231,0.015756
300866,安克创新,收益质量,经营性现金净流量/营业总收入,20251231,0.015756
300866,安克创新,收益质量,成本费用率,20251231,90.541638
300866,安克创新,收益质量,期间费用率,20251231,35.607005
300866,安克创新,收益质量,销售成本率,20251231,54.934633
300866,安克创新,收益质量,经营活动净现金/归属母公司的净利润,20251231,0.188912
300866,安克创新,收益质量,所得税/利润总额,20251231,10.445934
300866,安克创新,财务风险,流动比率,20251231,2.376671
300866,安克创新,财务风险,速动比率,20251231,1.638382
300866,安克创新,财务风险,保守速动比率,20251231,1.181371
300866,安克创新,财务风险,资产负债率,20251231,46.620185
300866,安克创新,财务风险,权益乘数,20251231,1.882363
300866,安克创新,财务风险,权益乘数(含少数股权的净资产),20251231,1.873367
300866,安克创新,财务风险,产权比率,20251231,88.901701
300866,安克创新,财务风险,现金比率,20251231,0.92416
300866,安克创新,营运能力,应收账款周转率,20251231,17.304184
300866,安克创新,营运能力,应收账款周转天数,20251231,20.804216
300866,安克创新,营运能力,存货周转率,20251231,4.073293
300866,安克创新,营运能力,存货周转天数,20251231,88.380561
300866,安克创新,营运能力,总资产周转率,20251231,1.664243
300866,安克创新,营运能力,总资产周转天数,20251231,216.314501
300866,安克创新,营运能力,流动资产周转率,20251231,2.144817
300866,安克创新,营运能力,流动资产周转天数,20251231,167.84643
300866,安克创新,营运能力,应付账款周转率,20251231,10.154684
300866,安克创新,常用指标,归母净利润,20250930,1932774269.71
300866,安克创新,常用指标,营业总收入,20250930,21019233315.35
300866,安克创新,常用指标,营业成本,20250930,19038822530.45
300866,安克创新,常用指标,净利润,20250930,1969062716.53
300866,安克创新,常用指标,扣非净利润,20250930,1482655328.95
300866,安克创新,常用指标,股东权益合计(净资产),20250930,10106765847.59
300866,安克创新,常用指标,商誉,20250930,
300866,安克创新,常用指标,经营现金流量净额,20250930,-864866365.47
300866,安克创新,常用指标,基本每股收益,20250930,3.63
300866,安克创新,常用指标,每股净资产,20250930,18.444319
300866,安克创新,常用指标,每股现金流,20250930,-1.613082
300866,安克创新,常用指标,净资产收益率(ROE),20250930,20.27
300866,安克创新,常用指标,总资产报酬率(ROA),20250930,12.198409
300866,安克创新,常用指标,毛利率,20250930,44.680924
300866,安克创新,常用指标,销售净利率,20250930,9.367909
300866,安克创新,常用指标,期间费用率,20250930,35.185218
300866,安克创新,常用指标,资产负债率,20250930,49.517283
300866,安克创新,每股指标,基本每股收益,20250930,3.63
300866,安克创新,每股指标,稀释每股收益,20250930,3.6
300866,安克创新,每股指标,摊薄每股收益_最新股数,20250930,3.286726
300866,安克创新,每股指标,摊薄每股净资产_期末股数,20250930,18.444319
300866,安克创新,每股指标,调整每股净资产_期末股数,20250930,17.191854
300866,安克创新,每股指标,每股净资产_最新股数,20250930,16.816577
300866,安克创新,每股指标,每股经营现金流,20250930,-1.613082
300866,安克创新,每股指标,每股现金流量净额,20250930,0.028018
300866,安克创新,每股指标,每股企业自由现金流量,20250930,
300866,安克创新,每股指标,每股股东自由现金流量,20250930,
300866,安克创新,每股指标,每股未分配利润,20250930,11.213794
300866,安克创新,每股指标,每股资本公积金,20250930,5.999375
300866,安克创新,每股指标,每股盈余公积金,20250930,0.495573
300866,安克创新,每股指标,每股留存收益,20250930,11.709367
300866,安克创新,每股指标,每股营业收入,20250930,39.20346
300866,安克创新,每股指标,每股营业总收入,20250930,39.20346
300866,安克创新,每股指标,每股息税前利润,20250930,4.166256
300866,安克创新,盈利能力,净资产收益率(ROE),20250930,20.27
300866,安克创新,盈利能力,摊薄净资产收益率,20250930,19.544565
300866,安克创新,盈利能力,净资产收益率_平均,20250930,20.510037
300866,安克创新,盈利能力,净资产收益率_平均_扣除非经常损益,20250930,15.733506
300866,安克创新,盈利能力,摊薄净资产收益率_扣除非经常损益,20250930,14.99288
300866,安克创新,盈利能力,息税前利润率,20250930,10.627267
300866,安克创新,盈利能力,总资产报酬率,20250930,12.198409
300866,安克创新,盈利能力,总资本回报率,20250930,18.885529
300866,安克创新,盈利能力,投入资本回报率,20250930,16.651788
300866,安克创新,盈利能力,息前税后总资产报酬率_平均,20250930,10.953775
300866,安克创新,盈利能力,毛利率,20250930,44.680924
300866,安克创新,盈利能力,销售净利率,20250930,9.367909
300866,安克创新,盈利能力,成本费用利润率,20250930,11.548883
300866,安克创新,盈利能力,营业利润率,20250930,10.455209
300866,安克创新,盈利能力,总资产净利率_平均,20250930,10.554699
300866,安克创新,盈利能力,总资产净利率_平均(含少数股东损益),20250930,10.752867
300866,安克创新,成长能力,归母净利润,20250930,1932774269.71
300866,安克创新,成长能力,营业总收入,20250930,21019233315.35
300866,安克创新,成长能力,净利润,20250930,1969062716.53
300866,安克创新,成长能力,扣非净利润,20250930,1482655328.95
300866,安克创新,成长能力,营业总收入增长率,20250930,27.786943
300866,安克创新,成长能力,归属母公司净利润增长率,20250930,31.341713
300866,安克创新,收益质量,经营活动净现金/销售收入,20250930,-0.041146
300866,安克创新,收益质量,经营性现金净流量/营业总收入,20250930,-0.041146
300866,安克创新,收益质量,成本费用率,20250930,90.504294
300866,安克创新,收益质量,期间费用率,20250930,35.185218
300866,安克创新,收益质量,销售成本率,20250930,55.319075
300866,安克创新,收益质量,经营活动净现金/归属母公司的净利润,20250930,-0.447474
300866,安克创新,收益质量,所得税/利润总额,20250930,10.374111
300866,安克创新,财务风险,流动比率,20250930,2.174994
300866,安克创新,财务风险,速动比率,20250930,1.337482
300866,安克创新,财务风险,保守速动比率,20250930,0.951404
300866,安克创新,财务风险,资产负债率,20250930,49.517283
300866,安克创新,财务风险,权益乘数,20250930,1.943213
300866,安克创新,财务风险,权益乘数(含少数股权的净资产),20250930,1.980875
300866,安克创新,财务风险,产权比率,20250930,100.246955
300866,安克创新,财务风险,现金比率,20250930,0.704678
300866,安克创新,营运能力,应收账款周转率,20250930,11.965765
300866,安克创新,营运能力,应收账款周转天数,20250930,22.564372
300866,安克创新,营运能力,存货周转率,20250930,2.479051
300866,安克创新,营运能力,存货周转天数,20250930,108.912611
300866,安克创新,营运能力,总资产周转率,20250930,1.14784
300866,安克创新,营运能力,总资产周转天数,20250930,235.224288
300866,安克创新,营运能力,流动资产周转率,20250930,1.483803
300866,安克创新,营运能力,流动资产周转天数,20250930,181.964747
300866,安克创新,营运能力,应付账款周转率,20250930,6.641374
300866,安克创新,常用指标,归母净利润,20250630,1166916872.8
300866,安克创新,常用指标,营业总收入,20250630,12866762779.48
300866,安克创新,常用指标,营业成本,20250630,11572764120.32
300866,安克创新,常用指标,净利润,20250630,1166287534.15
300866,安克创新,常用指标,扣非净利润,20250630,961405802.59
300866,安克创新,常用指标,股东权益合计(净资产),20250630,9327965865.51
300866,安克创新,常用指标,商誉,20250630,
300866,安克创新,常用指标,经营现金流量净额,20250630,-1132220950.62
300866,安克创新,常用指标,基本每股收益,20250630,2.1958
300866,安克创新,常用指标,每股净资产,20250630,17.181289
300866,安克创新,常用指标,每股现金流,20250630,-2.130083
300866,安克创新,常用指标,净资产收益率(ROE),20250630,12.59
300866,安克创新,常用指标,总资产报酬率(ROA),20250630,7.297068
300866,安克创新,常用指标,毛利率,20250630,44.730191
300866,安克创新,常用指标,销售净利率,20250630,9.064343
300866,安克创新,常用指标,期间费用率,20250630,34.596583
300866,安克创新,常用指标,资产负债率,20250630,50.043584
300866,安克创新,每股指标,基本每股收益,20250630,2.1958
300866,安克创新,每股指标,稀释每股收益,20250630,2.1771
300866,安克创新,每股指标,摊薄每股收益_最新股数,20250630,1.984368
300866,安克创新,每股指标,摊薄每股净资产_期末股数,20250630,17.181289
300866,安克创新,每股指标,调整每股净资产_期末股数,20250630,15.820746
300866,安克创新,每股指标,每股净资产_最新股数,20250630,15.530045
300866,安克创新,每股指标,每股经营现金流,20250630,-2.130083
300866,安克创新,每股指标,每股现金流量净额,20250630,0.751903
300866,安克创新,每股指标,每股企业自由现金流量,20250630,0.483175
300866,安克创新,每股指标,每股股东自由现金流量,20250630,2.917787
300866,安克创新,每股指标,每股未分配利润,20250630,10.5765
300866,安克创新,每股指标,每股资本公积金,20250630,5.726474
300866,安克创新,每股指标,每股盈余公积金,20250630,0.49988
300866,安克创新,每股指标,每股留存收益,20250630,11.07638
300866,安克创新,每股指标,每股营业收入,20250630,24.206656
300866,安克创新,每股指标,每股营业总收入,20250630,24.206656
300866,安克创新,每股指标,每股息税前利润,20250630,2.421375
300866,安克创新,盈利能力,净资产收益率(ROE),20250630,12.59
300866,安克创新,盈利能力,摊薄净资产收益率,20250630,12.777611
300866,安克创新,盈利能力,净资产收益率_平均,20250630,12.900841
300866,安克创新,盈利能力,净资产收益率_平均_扣除非经常损益,20250630,10.628814
300866,安克创新,盈利能力,摊薄净资产收益率_扣除非经常损益,20250630,10.527288
300866,安克创新,盈利能力,息税前利润率,20250630,10.002933
300866,安克创新,盈利能力,总资产报酬率,20250630,7.297068
300866,安克创新,盈利能力,总资本回报率,20250630,11.321745
300866,安克创新,盈利能力,投入资本回报率,20250630,10.444938
300866,安克创新,盈利能力,息前税后总资产报酬率_平均,20250630,6.728382
300866,安克创新,盈利能力,毛利率,20250630,44.730191
300866,安克创新,盈利能力,销售净利率,20250630,9.064343
300866,安克创新,盈利能力,成本费用利润率,20250630,10.953935
300866,安克创新,盈利能力,营业利润率,20250630,9.846698
300866,安克创新,盈利能力,总资产净利率_平均,20250630,6.615941
300866,安克创新,盈利能力,总资产净利率_平均(含少数股东损益),20250630,6.612372
300866,安克创新,成长能力,归母净利润,20250630,1166916872.8
300866,安克创新,成长能力,营业总收入,20250630,12866762779.48
300866,安克创新,成长能力,净利润,20250630,1166287534.15
300866,安克创新,成长能力,扣非净利润,20250630,961405802.59
300866,安克创新,成长能力,营业总收入增长率,20250630,33.357446
300866,安克创新,成长能力,归属母公司净利润增长率,20250630,33.80138
300866,安克创新,收益质量,经营活动净现金/销售收入,20250630,-0.087995
300866,安克创新,收益质量,经营性现金净流量/营业总收入,20250630,-0.087995
300866,安克创新,收益质量,成本费用率,20250630,89.866391
300866,安克创新,收益质量,期间费用率,20250630,34.596583
300866,安克创新,收益质量,销售成本率,20250630,55.269808
300866,安克创新,收益质量,经营活动净现金/归属母公司的净利润,20250630,-0.970267
300866,安克创新,收益质量,所得税/利润总额,20250630,7.919246
300866,安克创新,财务风险,流动比率,20250630,2.073399
300866,安克创新,财务风险,速动比率,20250630,1.291519
300866,安克创新,财务风险,保守速动比率,20250630,0.94642
300866,安克创新,财务风险,资产负债率,20250630,50.043584
300866,安克创新,财务风险,权益乘数,20250630,1.949963
300866,安克创新,财务风险,权益乘数(含少数股权的净资产),20250630,2.001744
300866,安克创新,财务风险,产权比率,20250630,102.318427
300866,安克创新,财务风险,现金比率,20250630,0.680263
300866,安克创新,营运能力,应收账款周转率,20250630,7.395151
300866,安克创新,营运能力,应收账款周转天数,20250630,24.34027
300866,安克创新,营运能力,存货周转率,20250630,1.667743
300866,安克创新,营运能力,存货周转天数,20250630,107.930278
300866,安克创新,营运能力,总资产周转率,20250630,0.729492
300866,安克创新,营运能力,总资产周转天数,20250630,246.746786
300866,安克创新,营运能力,流动资产周转率,20250630,0.974459
300866,安克创新,营运能力,流动资产周转天数,20250630,184.717783
300866,安克创新,营运能力,应付账款周转率,20250630,4.504786
300866,安克创新,常用指标,归母净利润,20250331,495761205.29
300866,安克创新,常用指标,营业总收入,20250331,5993381106.11
300866,安克创新,常用指标,营业成本,20250331,5441385955.6
300866,安克创新,常用指标,净利润,20250331,524316392.72
300866,安克创新,常用指标,扣非净利润,20250331,439558407.22
300866,安克创新,常用指标,股东权益合计(净资产),20250331,9577395568.63
300866,安克创新,常用指标,商誉,20250331,
300866,安克创新,常用指标,经营现金流量净额,20250331,-287656970.9
300866,安克创新,常用指标,基本每股收益,20250331,0.9329
300866,安克创新,常用指标,每股净资产,20250331,17.613782
300866,安克创新,常用指标,每股现金流,20250331,-0.541308
300866,安克创新,常用指标,净资产收益率(ROE),20250331,5.41
300866,安克创新,常用指标,总资产报酬率(ROA),20250331,3.490605
300866,安克创新,常用指标,毛利率,20250331,43.278606
300866,安克创新,常用指标,销售净利率,20250331,8.748257
300866,安克创新,常用指标,期间费用率,20250331,33.970833
300866,安克创新,常用指标,资产负债率,20250331,44.657686
300866,安克创新,每股指标,基本每股收益,20250331,0.9329
300866,安克创新,每股指标,稀释每股收益,20250331,0.9312
300866,安克创新,每股指标,摊薄每股收益_最新股数,20250331,0.843053
300866,安克创新,每股指标,摊薄每股净资产_期末股数,20250331,17.613782
300866,安克创新,每股指标,调整每股净资产_期末股数,20250331,16.323203
300866,安克创新,每股指标,每股净资产_最新股数,20250331,15.917155
300866,安克创新,每股指标,每股经营现金流,20250331,-0.541308
300866,安克创新,每股指标,每股现金流量净额,20250331,-0.422487
300866,安克创新,每股指标,每股企业自由现金流量,20250331,
300866,安克创新,每股指标,每股股东自由现金流量,20250331,
300866,安克创新,每股指标,每股未分配利润,20250331,10.816426
300866,安克创新,每股指标,每股资本公积金,20250331,5.639469
300866,安克创新,每股指标,每股盈余公积金,20250331,0.5
300866,安克创新,每股指标,每股留存收益,20250331,11.316426
300866,安克创新,每股指标,每股营业收入,20250331,11.278245
300866,安克创新,每股指标,每股营业总收入,20250331,11.278245
300866,安克创新,每股指标,每股息税前利润,20250331,1.113681
300866,安克创新,盈利能力,净资产收益率(ROE),20250331,5.41
300866,安克创新,盈利能力,摊薄净资产收益率,20250331,5.296507
300866,安克创新,盈利能力,净资产收益率_平均,20250331,5.412772
300866,安克创新,盈利能力,净资产收益率_平均_扣除非经常损益,20250331,4.799144
300866,安克创新,盈利能力,摊薄净资产收益率_扣除非经常损益,20250331,4.696059
300866,安克创新,盈利能力,息税前利润率,20250331,9.8746
300866,安克创新,盈利能力,总资产报酬率,20250331,3.490605
300866,安克创新,盈利能力,总资本回报率,20250331,5.475316
300866,安克创新,盈利能力,投入资本回报率,20250331,4.689131
300866,安克创新,盈利能力,息前税后总资产报酬率_平均,20250331,3.157819
300866,安克创新,盈利能力,毛利率,20250331,43.278606
300866,安克创新,盈利能力,销售净利率,20250331,8.748257
300866,安克创新,盈利能力,成本费用利润率,20250331,10.684131
300866,安克创新,盈利能力,营业利润率,20250331,9.669729
300866,安克创新,盈利能力,总资产净利率_平均,20250331,2.92403
300866,安克创新,盈利能力,总资产净利率_平均(含少数股东损益),20250331,3.09245
300866,安克创新,成长能力,归母净利润,20250331,495761205.29
300866,安克创新,成长能力,营业总收入,20250331,5993381106.11
300866,安克创新,成长能力,净利润,20250331,524316392.72
300866,安克创新,成长能力,扣非净利润,20250331,439558407.22
300866,安克创新,成长能力,营业总收入增长率,20250331,36.906168
300866,安克创新,成长能力,归属母公司净利润增长率,20250331,59.565619
300866,安克创新,收益质量,经营活动净现金/销售收入,20250331,-0.047995
300866,安克创新,收益质量,经营性现金净流量/营业总收入,20250331,-0.047995
300866,安克创新,收益质量,成本费用率,20250331,90.692227
300866,安克创新,收益质量,期间费用率,20250331,33.970833
300866,安克创新,收益质量,销售成本率,20250331,56.721393
300866,安克创新,收益质量,经营活动净现金/归属母公司的净利润,20250331,-0.580232
300866,安克创新,收益质量,所得税/利润总额,20250331,9.7157
300866,安克创新,财务风险,流动比率,20250331,2.132299
300866,安克创新,财务风险,速动比率,20250331,1.44208
300866,安克创新,财务风险,保守速动比率,20250331,1.023654
300866,安克创新,财务风险,资产负债率,20250331,44.657686
300866,安克创新,财务风险,权益乘数,20250331,1.851134
300866,安克创新,财务风险,权益乘数(含少数股权的净资产),20250331,1.806935
300866,安克创新,财务风险,产权比率,20250331,82.566402
300866,安克创新,财务风险,现金比率,20250331,0.764201
300866,安克创新,营运能力,应收账款周转率,20250331,3.718679
300866,安克创新,营运能力,应收账款周转天数,20250331,24.202136
300866,安克创新,营运能力,存货周转率,20250331,0.917791
300866,安克创新,营运能力,存货周转天数,20250331,98.061494
300866,安克创新,营运能力,总资产周转率,20250331,0.353493
300866,安克创新,营运能力,总资产周转天数,20250331,254.6017
300866,安克创新,营运能力,流动资产周转率,20250331,0.474462
300866,安克创新,营运能力,流动资产周转天数,20250331,189.688526
300866,安克创新,营运能力,应付账款周转率,20250331,2.250762
300866,安克创新,常用指标,归母净利润,20241231,2114429526.95
300866,安克创新,常用指标,营业总收入,20241231,24710080329.34
300866,安克创新,常用指标,营业成本,20241231,22508362922.69
300866,安克创新,常用指标,净利润,20241231,2211123968.32
300866,安克创新,常用指标,扣非净利润,20241231,1887765741.4
300866,安克创新,常用指标,股东权益合计(净资产),20241231,9144519240.49
300866,安克创新,常用指标,商誉,20241231,
300866,安克创新,常用指标,经营现金流量净额,20241231,2745458716.91
300866,安克创新,常用指标,基本每股收益,20241231,3.9939
300866,安克创新,常用指标,每股净资产,20241231,16.857097
300866,安克创新,常用指标,每股现金流,20241231,5.166358
300866,安克创新,常用指标,净资产收益率(ROE),20241231,24.87
300866,安克创新,常用指标,总资产报酬率(ROA),20241231,16.174782
300866,安克创新,常用指标,毛利率,20241231,43.673175
300866,安克创新,常用指标,销售净利率,20241231,8.948267
300866,安克创新,常用指标,期间费用率,20241231,34.689977
300866,安克创新,常用指标,资产负债率,20241231,44.924834
300866,安克创新,每股指标,基本每股收益,20241231,3.9939
300866,安克创新,每股指标,稀释每股收益,20241231,3.9712
300866,安克创新,每股指标,摊薄每股收益_最新股数,20241231,3.595635
300866,安克创新,每股指标,摊薄每股净资产_期末股数,20241231,16.857097
300866,安克创新,每股指标,调整每股净资产_期末股数,20241231,15.709217
300866,安克创新,每股指标,每股净资产_最新股数,20241231,15.233358
300866,安克创新,每股指标,每股经营现金流,20241231,5.166358
300866,安克创新,每股指标,每股现金流量净额,20241231,1.015416
300866,安克创新,每股指标,每股企业自由现金流量,20241231,2.175559
300866,安克创新,每股指标,每股股东自由现金流量,20241231,3.421161
300866,安克创新,每股指标,每股未分配利润,20241231,9.883511
300866,安克创新,每股指标,每股资本公积金,20241231,5.603105
300866,安克创新,每股指标,每股盈余公积金,20241231,0.5
300866,安克创新,每股指标,每股留存收益,20241231,10.383511
300866,安克创新,每股指标,每股营业收入,20241231,46.49902
300866,安克创新,每股指标,每股营业总收入,20241231,46.49902
300866,安克创新,每股指标,每股息税前利润,20241231,4.471321
300866,安克创新,盈利能力,净资产收益率(ROE),20241231,24.87
300866,安克创新,盈利能力,摊薄净资产收益率,20241231,23.603698
300866,安克创新,盈利能力,净资产收益率_平均,20241231,24.937305
300866,安克创新,盈利能力,净资产收益率_平均_扣除非经常损益,20241231,22.264062
300866,安克创新,盈利能力,摊薄净资产收益率_扣除非经常损益,20241231,21.073415
300866,安克创新,盈利能力,息税前利润率,20241231,9.615948
300866,安克创新,盈利能力,总资产报酬率,20241231,16.174782
300866,安克创新,盈利能力,总资本回报率,20241231,24.169755
300866,安克创新,盈利能力,投入资本回报率,20241231,21.790334
300866,安克创新,盈利能力,息前税后总资产报酬率_平均,20241231,15.240659
300866,安克创新,盈利能力,毛利率,20241231,43.673175
300866,安克创新,盈利能力,销售净利率,20241231,8.948267
300866,安克创新,盈利能力,成本费用利润率,20241231,10.441594
300866,安克创新,盈利能力,营业利润率,20241231,9.619215
300866,安克创新,盈利能力,总资产净利率_平均,20241231,14.393465
300866,安克创新,盈利能力,总资产净利率_平均(含少数股东损益),20241231,15.051689
300866,安克创新,成长能力,归母净利润,20241231,2114429526.95
300866,安克创新,成长能力,营业总收入,20241231,24710080329.34
300866,安克创新,成长能力,净利润,20241231,2211123968.32
300866,安克创新,成长能力,扣非净利润,20241231,1887765741.4
300866,安克创新,成长能力,营业总收入增长率,20241231,41.142363
300866,安克创新,成长能力,归属母公司净利润增长率,20241231,30.934809
300866,安克创新,收益质量,经营活动净现金/销售收入,20241231,0.111106
300866,安克创新,收益质量,经营性现金净流量/营业总收入,20241231,0.111106
300866,安克创新,收益质量,成本费用率,20241231,91.016802
300866,安克创新,收益质量,期间费用率,20241231,34.689977
300866,安克创新,收益质量,销售成本率,20241231,56.326824
300866,安克创新,收益质量,经营活动净现金/归属母公司的净利润,20241231,1.298439
300866,安克创新,收益质量,所得税/利润总额,20241231,5.843447
300866,安克创新,财务风险,流动比率,20241231,2.095657
300866,安克创新,财务风险,速动比率,20241231,1.547738
300866,安克创新,财务风险,保守速动比率,20241231,1.104546
300866,安克创新,财务风险,资产负债率,20241231,44.924834
300866,安克创新,财务风险,权益乘数,20241231,1.732543
300866,安克创新,财务风险,权益乘数(含少数股权的净资产),20241231,1.8157
300866,安克创新,财务风险,产权比率,20241231,83.268049
300866,安克创新,财务风险,现金比率,20241231,0.824244
300866,安克创新,营运能力,应收账款周转率,20241231,15.531076
300866,安克创新,营运能力,应收账款周转天数,20241231,23.179332
300866,安克创新,营运能力,存货周转率,20241231,4.93135
300866,安克创新,营运能力,存货周转天数,20241231,73.002318
300866,安克创新,营运能力,总资产周转率,20241231,1.682078
300866,安克创新,营运能力,总资产周转天数,20241231,214.020895
300866,安克创新,营运能力,流动资产周转率,20241231,2.294076
300866,安克创新,营运能力,流动资产周转天数,20241231,156.925874
300866,安克创新,营运能力,应付账款周转率,20241231,10.035744
300866,安克创新,常用指标,归母净利润,20240930,1471561642.43
300866,安克创新,常用指标,营业总收入,20240930,16448654845.5
300866,安克创新,常用指标,营业成本,20240930,14793622196.13
300866,安克创新,常用指标,净利润,20240930,1529260182.54
300866,安克创新,常用指标,扣非净利润,20240930,1302677898.09
300866,安克创新,常用指标,股东权益合计(净资产),20240930,8419964812.35
300866,安克创新,常用指标,商誉,20240930,
300866,安克创新,常用指标,经营现金流量净额,20240930,1651200264.69
300866,安克创新,常用指标,基本每股收益,20240930,2.78
300866,安克创新,常用指标,每股净资产,20240930,15.575684
300866,安克创新,常用指标,每股现金流,20240930,3.107201
300866,安克创新,常用指标,净资产收益率(ROE),20240930,17.8
300866,安克创新,常用指标,总资产报酬率(ROA),20240930,11.913325
300866,安克创新,常用指标,毛利率,20240930,44.275555
300866,安克创新,常用指标,销售净利率,20240930,9.297174
300866,安克创新,常用指标,期间费用率,20240930,34.134681
300866,安克创新,常用指标,资产负债率,20240930,47.767217
300866,安克创新,每股指标,基本每股收益,20240930,2.78
300866,安克创新,每股指标,稀释每股收益,20240930,2.77
300866,安克创新,每股指标,摊薄每股收益_最新股数,20240930,2.502424
300866,安克创新,每股指标,摊薄每股净资产_期末股数,20240930,15.575684
300866,安克创新,每股指标,调整每股净资产_期末股数,20240930,14.537647
300866,安克创新,每股指标,每股净资产_最新股数,20240930,14.075376
300866,安克创新,每股指标,每股经营现金流,20240930,3.107201
300866,安克创新,每股指标,每股现金流量净额,20240930,0.29391
300866,安克创新,每股指标,每股企业自由现金流量,20240930,
300866,安克创新,每股指标,每股股东自由现金流量,20240930,
300866,安克创新,每股指标,每股未分配利润,20240930,8.791369
300866,安克创新,每股指标,每股资本公积金,20240930,5.582015
300866,安克创新,每股指标,每股盈余公积金,20240930,0.382403
300866,安克创新,每股指标,每股留存收益,20240930,9.173773
300866,安克创新,每股指标,每股营业收入,20240930,30.952806
300866,安克创新,每股指标,每股营业总收入,20240930,30.952806
300866,安克创新,每股指标,每股息税前利润,20240930,3.239082
300866,安克创新,盈利能力,净资产收益率(ROE),20240930,17.8
300866,安克创新,盈利能力,摊薄净资产收益率,20240930,17.778738
300866,安克创新,盈利能力,净资产收益率_平均,20240930,18.081477
300866,安克创新,盈利能力,净资产收益率_平均_扣除非经常损益,20240930,16.006357
300866,安克创新,盈利能力,摊薄净资产收益率_扣除非经常损益,20240930,15.738362
300866,安克创新,盈利能力,息税前利润率,20240930,10.464585
300866,安克创新,盈利能力,总资产报酬率,20240930,11.913325
300866,安克创新,盈利能力,总资本回报率,20240930,18.530395
300866,安克创新,盈利能力,投入资本回报率,20240930,16.062484
300866,安克创新,盈利能力,息前税后总资产报酬率_平均,20240930,10.726029
300866,安克创新,盈利能力,毛利率,20240930,44.275555
300866,安克创新,盈利能力,销售净利率,20240930,9.297174
300866,安克创新,盈利能力,成本费用利润率,20240930,11.506997
300866,安克创新,盈利能力,营业利润率,20240930,10.476907
300866,安克创新,盈利能力,总资产净利率_平均,20240930,10.184953
300866,安克创新,盈利能力,总资产净利率_平均(含少数股东损益),20240930,10.584295
300866,安克创新,成长能力,归母净利润,20240930,1471561642.43
300866,安克创新,成长能力,营业总收入,20240930,16448654845.5
300866,安克创新,成长能力,净利润,20240930,1529260182.54
300866,安克创新,成长能力,扣非净利润,20240930,1302677898.09
300866,安克创新,成长能力,营业总收入增长率,20240930,39.555444
300866,安克创新,成长能力,归属母公司净利润增长率,20240930,21.292026
300866,安克创新,收益质量,经营活动净现金/销售收入,20240930,0.100385
300866,安克创新,收益质量,经营性现金净流量/营业总收入,20240930,0.100385
300866,安克创新,收益质量,成本费用率,20240930,89.859126
300866,安克创新,收益质量,期间费用率,20240930,34.134681
300866,安克创新,收益质量,销售成本率,20240930,55.724444
300866,安克创新,收益质量,经营活动净现金/归属母公司的净利润,20240930,1.122073
300866,安克创新,收益质量,所得税/利润总额,20240930,10.086108
300866,安克创新,财务风险,流动比率,20240930,2.011558
300866,安克创新,财务风险,速动比率,20240930,1.339913
300866,安克创新,财务风险,保守速动比率,20240930,0.959321
300866,安克创新,财务风险,资产负债率,20240930,47.767217
300866,安克创新,财务风险,权益乘数,20240930,1.775312
300866,安克创新,财务风险,权益乘数(含少数股权的净资产),20240930,1.914506
300866,安克创新,财务风险,产权比率,20240930,93.029254
300866,安克创新,财务风险,现金比率,20240930,0.680653
300866,安克创新,营运能力,应收账款周转率,20240930,10.191094
300866,安克创新,营运能力,应收账款周转天数,20240930,26.493718
300866,安克创新,营运能力,存货周转率,20240930,2.8163
300866,安克创新,营运能力,存货周转天数,20240930,95.870459
300866,安克创新,营运能力,总资产周转率,20240930,1.138442
300866,安克创新,营运能力,总资产周转天数,20240930,237.166205
300866,安克创新,营运能力,流动资产周转率,20240930,1.533816
300866,安克创新,营运能力,流动资产周转天数,20240930,176.031509
300866,安克创新,营运能力,应付账款周转率,20240930,5.830204
300866,安克创新,常用指标,归母净利润,20240630,872126186.17
300866,安克创新,常用指标,营业总收入,20240630,9648327221.81
300866,安克创新,常用指标,营业成本,20240630,8599518597.12
300866,安克创新,常用指标,净利润,20240630,904890986.26
300866,安克创新,常用指标,扣非净利润,20240630,765765311.77
300866,安克创新,常用指标,股东权益合计(净资产),20240630,8372198355.74
300866,安克创新,常用指标,商誉,20240630,
300866,安克创新,常用指标,经营现金流量净额,20240630,841301280.92
300866,安克创新,常用指标,基本每股收益,20240630,1.6505
300866,安克创新,常用指标,每股净资产,20240630,15.464603
300866,安克创新,常用指标,每股现金流,20240630,1.591918
300866,安克创新,常用指标,净资产收益率(ROE),20240630,10.44
300866,安克创新,常用指标,总资产报酬率(ROA),20240630,7.465965
300866,安克创新,常用指标,毛利率,20240630,45.179128
300866,安克创新,常用指标,销售净利率,20240630,9.378734
300866,安克创新,常用指标,期间费用率,20240630,34.223396
300866,安克创新,常用指标,资产负债率,20240630,41.60396
300866,安克创新,每股指标,基本每股收益,20240630,1.6505
300866,安克创新,每股指标,稀释每股收益,20240630,1.6397
300866,安克创新,每股指标,摊薄每股收益_最新股数,20240630,1.48307
300866,安克创新,每股指标,摊薄每股净资产_期末股数,20240630,15.464603
300866,安克创新,每股指标,调整每股净资产_期末股数,20240630,14.544965
300866,安克创新,每股指标,每股净资产_最新股数,20240630,13.897994
300866,安克创新,每股指标,每股经营现金流,20240630,1.591918
300866,安克创新,每股指标,每股现金流量净额,20240630,-0.128687
300866,安克创新,每股指标,每股企业自由现金流量,20240630,0.888847
300866,安克创新,每股指标,每股股东自由现金流量,20240630,1.482601
300866,安克创新,每股指标,每股未分配利润,20240630,8.309143
300866,安克创新,每股指标,每股资本公积金,20240630,5.783674
300866,安克创新,每股指标,每股盈余公积金,20240630,0.384522
300866,安克创新,每股指标,每股留存收益,20240630,8.693666
300866,安克创新,每股指标,每股营业收入,20240630,18.256653
300866,安克创新,每股指标,每股营业总收入,20240630,18.256653
300866,安克创新,每股指标,每股息税前利润,20240630,1.915194
300866,安克创新,盈利能力,净资产收益率(ROE),20240630,10.44
300866,安克创新,盈利能力,摊薄净资产收益率,20240630,10.671112
300866,安克创新,盈利能力,净资产收益率_平均,20240630,10.785167
300866,安克创新,盈利能力,净资产收益率_平均_扣除非经常损益,20240630,9.469853
300866,安克创新,盈利能力,摊薄净资产收益率_扣除非经常损益,20240630,9.369707
300866,安克创新,盈利能力,息税前利润率,20240630,10.490389
300866,安克创新,盈利能力,总资产报酬率,20240630,7.465965
300866,安克创新,盈利能力,总资本回报率,20240630,10.959728
300866,安克创新,盈利能力,投入资本回报率,20240630,9.588476
300866,安克创新,盈利能力,息前税后总资产报酬率_平均,20240630,6.773529
300866,安克创新,盈利能力,毛利率,20240630,45.179128
300866,安克创新,盈利能力,销售净利率,20240630,9.378734
300866,安克创新,盈利能力,成本费用利润率,20240630,11.625311
300866,安克创新,盈利能力,营业利润率,20240630,10.546583
300866,安克创新,盈利能力,总资产净利率_平均,20240630,6.43312
300866,安克创新,盈利能力,总资产净利率_平均(含少数股东损益),20240630,6.674805
300866,安克创新,成长能力,归母净利润,20240630,872126186.17
300866,安克创新,成长能力,营业总收入,20240630,9648327221.81
300866,安克创新,成长能力,净利润,20240630,904890986.26
300866,安克创新,成长能力,扣非净利润,20240630,765765311.77
300866,安克创新,成长能力,营业总收入增长率,20240630,36.551763
300866,安克创新,成长能力,归属母公司净利润增长率,20240630,6.356247
300866,安克创新,收益质量,经营活动净现金/销售收入,20240630,0.087196
300866,安克创新,收益质量,经营性现金净流量/营业总收入,20240630,0.087196
300866,安克创新,收益质量,成本费用率,20240630,89.044267
300866,安克创新,收益质量,期间费用率,20240630,34.223396
300866,安克创新,收益质量,销售成本率,20240630,54.820871
300866,安克创新,收益质量,经营活动净现金/归属母公司的净利润,20240630,0.964655
300866,安克创新,收益质量,所得税/利润总额,20240630,9.398855
300866,安克创新,财务风险,流动比率,20240630,2.405254
300866,安克创新,财务风险,速动比率,20240630,1.707982
300866,安克创新,财务风险,保守速动比率,20240630,1.193261
300866,安克创新,财务风险,资产负债率,20240630,41.60396
300866,安克创新,财务风险,权益乘数,20240630,1.676506
300866,安克创新,财务风险,权益乘数(含少数股权的净资产),20240630,1.712444
300866,安克创新,财务风险,产权比率,20240630,72.982907
300866,安克创新,财务风险,现金比率,20240630,0.797457
300866,安克创新,营运能力,应收账款周转率,20240630,5.842485
300866,安克创新,营运能力,应收账款周转天数,20240630,30.808807
300866,安克创新,营运能力,存货周转率,20240630,1.928998
300866,安克创新,营运能力,存货周转天数,20240630,93.312691
300866,安克创新,营运能力,总资产周转率,20240630,0.711695
300866,安克创新,营运能力,总资产周转天数,20240630,252.917071
300866,安克创新,营运能力,流动资产周转率,20240630,0.975849
300866,安克创新,营运能力,流动资产周转天数,20240630,184.454641
300866,安克创新,营运能力,应付账款周转率,20240630,3.810446
300866,安克创新,常用指标,归母净利润,20240331,310694250.33
300866,安克创新,常用指标,营业总收入,20240331,4377729053.27
300866,安克创新,常用指标,营业成本,20240331,3946247048.79
300866,安克创新,常用指标,净利润,20240331,325957213.56
300866,安克创新,常用指标,扣非净利润,20240331,315422980.49
300866,安克创新,常用指标,股东权益合计(净资产),20240331,8540668402.88
300866,安克创新,常用指标,商誉,20240331,
300866,安克创新,常用指标,经营现金流量净额,20240331,180906236.0
300866,安克创新,常用指标,基本每股收益,20240331,0.588
300866,安克创新,常用指标,每股净资产,20240331,20.572489
300866,安克创新,常用指标,每股现金流,20240331,0.445113
300866,安克创新,常用指标,净资产收益率(ROE),20240331,3.8
300866,安克创新,常用指标,总资产报酬率(ROA),20240331,3.034804
300866,安克创新,常用指标,毛利率,20240331,45.12109
300866,安克创新,常用指标,销售净利率,20240331,7.445806
300866,安克创新,常用指标,期间费用率,20240331,35.169344
300866,安克创新,常用指标,资产负债率,20240331,35.947629
300866,安克创新,每股指标,基本每股收益,20240331,0.588
300866,安克创新,每股指标,稀释每股收益,20240331,0.5862
300866,安克创新,每股指标,摊薄每股收益_最新股数,20240331,0.528342
300866,安克创新,每股指标,摊薄每股净资产_期末股数,20240331,20.572489
300866,安克创新,每股指标,调整每股净资产_期末股数,20240331,19.498321
300866,安克创新,每股指标,每股净资产_最新股数,20240331,14.218445
300866,安克创新,每股指标,每股经营现金流,20240331,0.445113
300866,安克创新,每股指标,每股现金流量净额,20240331,0.063127
300866,安克创新,每股指标,每股企业自由现金流量,20240331,
300866,安克创新,每股指标,每股股东自由现金流量,20240331,
300866,安克创新,每股指标,每股未分配利润,20240331,11.42359
300866,安克创新,每股指标,每股资本公积金,20240331,7.753132
300866,安克创新,每股指标,每股盈余公积金,20240331,0.5
300866,安克创新,每股指标,每股留存收益,20240331,11.92359
300866,安克创新,每股指标,每股营业收入,20240331,10.771249
300866,安克创新,每股指标,每股营业总收入,20240331,10.771249
300866,安克创新,每股指标,每股息税前利润,20240331,0.974842
300866,安克创新,盈利能力,净资产收益率(ROE),20240331,3.8
300866,安克创新,盈利能力,摊薄净资产收益率,20240331,3.715896
300866,安克创新,盈利能力,净资产收益率_平均,20240331,3.797953
300866,安克创新,盈利能力,净资产收益率_平均_扣除非经常损益,20240331,3.855758
300866,安克创新,盈利能力,摊薄净资产收益率_扣除非经常损益,20240331,3.772451
300866,安克创新,盈利能力,息税前利润率,20240331,9.050412
300866,安克创新,盈利能力,总资产报酬率,20240331,3.034804
300866,安克创新,盈利能力,总资本回报率,20240331,4.25134
300866,安克创新,盈利能力,投入资本回报率,20240331,3.400008
300866,安克创新,盈利能力,息前税后总资产报酬率_平均,20240331,2.543993
300866,安克创新,盈利能力,毛利率,20240331,45.12109
300866,安克创新,盈利能力,销售净利率,20240331,7.445806
300866,安克创新,盈利能力,成本费用利润率,20240331,9.894144
300866,安克创新,盈利能力,营业利润率,20240331,8.979188
300866,安克创新,盈利能力,总资产净利率_平均,20240331,2.379833
300866,安克创新,盈利能力,总资产净利率_平均(含少数股东损益),20240331,2.496743
300866,安克创新,成长能力,归母净利润,20240331,310694250.33
300866,安克创新,成长能力,营业总收入,20240331,4377729053.27
300866,安克创新,成长能力,净利润,20240331,325957213.56
300866,安克创新,成长能力,扣非净利润,20240331,315422980.49
300866,安克创新,成长能力,营业总收入增长率,20240331,30.091945
300866,安克创新,成长能力,归属母公司净利润增长率,20240331,1.598109
300866,安克创新,收益质量,经营活动净现金/销售收入,20240331,0.041324
300866,安克创新,收益质量,经营性现金净流量/营业总收入,20240331,0.041324
300866,安克创新,收益质量,成本费用率,20240331,90.048254
300866,安克创新,收益质量,期间费用率,20240331,35.169344
300866,安克创新,收益质量,销售成本率,20240331,54.878909
300866,安克创新,收益质量,经营活动净现金/归属母公司的净利润,20240331,0.582264
300866,安克创新,收益质量,所得税/利润总额,20240331,16.428502
300866,安克创新,财务风险,流动比率,20240331,2.858495
300866,安克创新,财务风险,速动比率,20240331,2.080276
300866,安克创新,财务风险,保守速动比率,20240331,1.567277
300866,安克创新,财务风险,资产负债率,20240331,35.947629
300866,安克创新,财务风险,权益乘数,20240331,1.59589
300866,安克创新,财务风险,权益乘数(含少数股权的净资产),20240331,1.561222
300866,安克创新,财务风险,产权比率,20240331,57.326746
300866,安克创新,财务风险,现金比率,20240331,1.16795
300866,安克创新,营运能力,应收账款周转率,20240331,3.030572
300866,安克创新,营运能力,应收账款周转天数,20240331,29.697362
300866,安克创新,营运能力,存货周转率,20240331,0.948815
300866,安克创新,营运能力,存货周转天数,20240331,94.855148
300866,安克创新,营运能力,总资产周转率,20240331,0.335322
300866,安克创新,营运能力,总资产周转天数,20240331,268.39859
300866,安克创新,营运能力,流动资产周转率,20240331,0.462786
300866,安克创新,营运能力,流动资产周转天数,20240331,194.474137
300866,安克创新,营运能力,应付账款周转率,20240331,2.254696
300866,安克创新,常用指标,归母净利润,20231231,1614871961.81
300866,安克创新,常用指标,营业总收入,20231231,17507203144.25
300866,安克创新,常用指标,营业成本,20231231,15865108272.0
300866,安克创新,常用指标,净利润,20231231,1693938678.63
300866,安克创新,常用指标,扣非净利润,20231231,1343566088.93
300866,安克创新,常用指标,股东权益合计(净资产),20231231,8161299431.47
300866,安克创新,常用指标,商誉,20231231,
300866,安克创新,常用指标,经营现金流量净额,20231231,1429913364.18
300866,安克创新,常用指标,基本每股收益,20231231,3.0562
300866,安克创新,常用指标,每股净资产,20231231,19.683523
300866,安克创新,常用指标,每股现金流,20231231,3.518252
300866,安克创新,常用指标,净资产收益率(ROE),20231231,21.88
300866,安克创新,常用指标,总资产报酬率(ROA),20231231,16.035669
300866,安克创新,常用指标,毛利率,20231231,43.536042
300866,安克创新,常用指标,销售净利率,20231231,9.675667
300866,安克创新,常用指标,期间费用率,20231231,34.100978
300866,安克创新,常用指标,资产负债率,20231231,36.123579
300866,安克创新,每股指标,基本每股收益,20231231,3.0562
300866,安克创新,每股指标,稀释每股收益,20231231,3.0496
300866,安克创新,每股指标,摊薄每股收益_最新股数,20231231,2.746126
300866,安克创新,每股指标,摊薄每股净资产_期末股数,20231231,19.683523
300866,安克创新,每股指标,调整每股净资产_期末股数,20231231,18.633514
300866,安克创新,每股指标,每股净资产_最新股数,20231231,13.604046
300866,安克创新,每股指标,每股经营现金流,20231231,3.518252
300866,安克创新,每股指标,每股现金流量净额,20231231,2.117208
300866,安克创新,每股指标,每股企业自由现金流量,20231231,2.001157
300866,安克创新,每股指标,每股股东自由现金流量,20231231,2.017428
300866,安克创新,每股指标,每股未分配利润,20231231,10.659138
300866,安克创新,每股指标,每股资本公积金,20231231,7.697316
300866,安克创新,每股指标,每股盈余公积金,20231231,0.5
300866,安克创新,每股指标,每股留存收益,20231231,11.159138
300866,安克创新,每股指标,每股营业收入,20231231,43.075864
300866,安克创新,每股指标,每股营业总收入,20231231,43.075864
300866,安克创新,每股指标,每股息税前利润,20231231,4.519458
300866,安克创新,盈利能力,净资产收益率(ROE),20231231,21.88
300866,安克创新,盈利能力,摊薄净资产收益率,20231231,20.186102
300866,安克创新,盈利能力,净资产收益率_平均,20231231,21.759101
300866,安克创新,盈利能力,净资产收益率_平均_扣除非经常损益,20231231,18.103472
300866,安克创新,盈利能力,摊薄净资产收益率_扣除非经常损益,20231231,16.794744
300866,安克创新,盈利能力,息税前利润率,20231231,10.491857
300866,安克创新,盈利能力,总资产报酬率,20231231,16.035669
300866,安克创新,盈利能力,总资本回报率,20231231,21.802783
300866,安克创新,盈利能力,投入资本回报率,20231231,19.456254
300866,安克创新,盈利能力,息前税后总资产报酬率_平均,20231231,15.000514
300866,安克创新,盈利能力,毛利率,20231231,43.536042
300866,安克创新,盈利能力,销售净利率,20231231,9.675667
300866,安克创新,盈利能力,成本费用利润率,20231231,11.431522
300866,安克创新,盈利能力,营业利润率,20231231,10.313752
300866,安克创新,盈利能力,总资产净利率_平均,20231231,14.097952
300866,安克创新,盈利能力,总资产净利率_平均(含少数股东损益),20231231,14.78821
300866,安克创新,成长能力,归母净利润,20231231,1614871961.81
300866,安克创新,成长能力,营业总收入,20231231,17507203144.25
300866,安克创新,成长能力,净利润,20231231,1693938678.63
300866,安克创新,成长能力,扣非净利润,20231231,1343566088.93
300866,安克创新,成长能力,营业总收入增长率,20231231,22.853084
300866,安克创新,成长能力,归属母公司净利润增长率,20231231,41.223561
300866,安克创新,收益质量,经营活动净现金/销售收入,20231231,0.081675
300866,安克创新,收益质量,经营性现金净流量/营业总收入,20231231,0.081675
300866,安克创新,收益质量,成本费用率,20231231,90.564936
300866,安克创新,收益质量,期间费用率,20231231,34.100978
300866,安克创新,收益质量,销售成本率,20231231,56.463957
300866,安克创新,收益质量,经营活动净现金/归属母公司的净利润,20231231,0.885465
300866,安克创新,收益质量,所得税/利润总额,20231231,6.541938
300866,安克创新,财务风险,流动比率,20231231,2.681821
300866,安克创新,财务风险,速动比率,20231231,1.976999
300866,安克创新,财务风险,保守速动比率,20231231,1.458734
300866,安克创新,财务风险,资产负债率,20231231,36.123579
300866,安克创新,财务风险,权益乘数,20231231,1.543422
300866,安克创新,财务风险,权益乘数(含少数股权的净资产),20231231,1.565522
300866,安克创新,财务风险,产权比率,20231231,57.693101
300866,安克创新,财务风险,现金比率,20231231,1.012156
300866,安克创新,营运能力,应收账款周转率,20231231,12.731353
300866,安克创新,营运能力,应收账款周转天数,20231231,28.276647
300866,安克创新,营运能力,存货周转率,20231231,5.080956
300866,安克创新,营运能力,存货周转天数,20231231,70.852797
300866,安克创新,营运能力,总资产周转率,20231231,1.528391
300866,安克创新,营运能力,总资产周转天数,20231231,235.541691
300866,安克创新,营运能力,流动资产周转率,20231231,2.163538
300866,安克创新,营运能力,流动资产周转天数,20231231,166.394087
300866,安克创新,营运能力,应付账款周转率,20231231,11.456083
300866,安克创新,常用指标,归母净利润,20230930,1213238568.5
300866,安克创新,常用指标,营业总收入,20230930,11786465835.14
300866,安克创新,常用指标,营业成本,20230930,10660923332.37
300866,安克创新,常用指标,净利润,20230930,1251348386.59
300866,安克创新,常用指标,扣非净利润,20230930,923050482.27
300866,安克创新,常用指标,股东权益合计(净资产),20230930,7688057111.61
300866,安克创新,常用指标,商誉,20230930,
300866,安克创新,常用指标,经营现金流量净额,20230930,927320314.49
300866,安克创新,常用指标,基本每股收益,20230930,2.99
300866,安克创新,常用指标,每股净资产,20230930,18.629838
300866,安克创新,常用指标,每股现金流,20230930,2.281639
300866,安克创新,常用指标,净资产收益率(ROE),20230930,16.77
300866,安克创新,常用指标,总资产报酬率(ROA),20230930,11.736592
300866,安克创新,常用指标,毛利率,20230930,43.292794
300866,安克创新,常用指标,销售净利率,20230930,10.616824
300866,安克创新,常用指标,期间费用率,20230930,33.683793
300866,安克创新,常用指标,资产负债率,20230930,41.155172
300866,安克创新,每股指标,基本每股收益,20230930,2.99
300866,安克创新,每股指标,稀释每股收益,20230930,2.98
300866,安克创新,每股指标,摊薄每股收益_最新股数,20230930,2.06314
300866,安克创新,每股指标,摊薄每股净资产_期末股数,20230930,18.629838
300866,安克创新,每股指标,调整每股净资产_期末股数,20230930,17.535585
300866,安克创新,每股指标,每股净资产_最新股数,20230930,12.875803
300866,安克创新,每股指标,每股经营现金流,20230930,2.281639
300866,安克创新,每股指标,每股现金流量净额,20230930,1.23245
300866,安克创新,每股指标,每股企业自由现金流量,20230930,
300866,安克创新,每股指标,每股股东自由现金流量,20230930,
300866,安克创新,每股指标,每股未分配利润,20230930,9.670933
300866,安克创新,每股指标,每股资本公积金,20230930,7.668617
300866,安克创新,每股指标,每股盈余公积金,20230930,0.5
300866,安克创新,每股指标,每股留存收益,20230930,10.170933
300866,安克创新,每股指标,每股营业收入,20230930,29.000189
300866,安克创新,每股指标,每股营业总收入,20230930,29.000189
300866,安克创新,每股指标,每股息税前利润,20230930,3.349437
300866,安克创新,盈利能力,净资产收益率(ROE),20230930,16.77
300866,安克创新,盈利能力,摊薄净资产收益率,20230930,16.023388
300866,安克创新,盈利能力,净资产收益率_平均,20230930,16.833071
300866,安克创新,盈利能力,净资产收益率_平均_扣除非经常损益,20230930,12.806858
300866,安克创新,盈利能力,摊薄净资产收益率_扣除非经常损益,20230930,12.190839
300866,安克创新,盈利能力,息税前利润率,20230930,11.549709
300866,安克创新,盈利能力,总资产报酬率,20230930,11.736592
300866,安克创新,盈利能力,总资本回报率,20230930,16.412399
300866,安克创新,盈利能力,投入资本回报率,20230930,14.867161
300866,安克创新,盈利能力,息前税后总资产报酬率_平均,20230930,10.960475
300866,安克创新,盈利能力,毛利率,20230930,43.292794
300866,安克创新,盈利能力,销售净利率,20230930,10.616824
300866,安克创新,盈利能力,成本费用利润率,20230930,12.590394
300866,安克创新,盈利能力,营业利润率,20230930,11.343321
300866,安克创新,盈利能力,总资产净利率_平均,20230930,10.460045
300866,安克创新,盈利能力,总资产净利率_平均(含少数股东损益),20230930,10.788612
300866,安克创新,成长能力,归母净利润,20230930,1213238568.5
300866,安克创新,成长能力,营业总收入,20230930,11786465835.14
300866,安克创新,成长能力,净利润,20230930,1251348386.59
300866,安克创新,成长能力,扣非净利润,20230930,923050482.27
300866,安克创新,成长能力,营业总收入增长率,20230930,23.59288
300866,安克创新,成长能力,归属母公司净利润增长率,20230930,46.089193
300866,安克创新,收益质量,经营活动净现金/销售收入,20230930,0.078676
300866,安克创新,收益质量,经营性现金净流量/营业总收入,20230930,0.078676
300866,安克创新,收益质量,成本费用率,20230930,90.390999
300866,安克创新,收益质量,期间费用率,20230930,33.683793
300866,安克创新,收益质量,销售成本率,20230930,56.707205
300866,安克创新,收益质量,经营活动净现金/归属母公司的净利润,20230930,0.764334
300866,安克创新,收益质量,所得税/利润总额,20230930,6.711067
300866,安克创新,财务风险,流动比率,20230930,2.25528
300866,安克创新,财务风险,速动比率,20230930,1.519252
300866,安克创新,财务风险,保守速动比率,20230930,1.116544
300866,安克创新,财务风险,资产负债率,20230930,41.155172
300866,安克创新,财务风险,权益乘数,20230930,1.609273
300866,安克创新,财务风险,权益乘数(含少数股权的净资产),20230930,1.699384
300866,安克创新,财务风险,产权比率,20230930,71.013494
300866,安克创新,财务风险,现金比率,20230930,0.787914
300866,安克创新,营运能力,应收账款周转率,20230930,9.102625
300866,安克创新,营运能力,应收账款周转天数,20230930,29.66177
300866,安克创新,营运能力,存货周转率,20230930,2.943095
300866,安克创新,营运能力,存货周转天数,20230930,91.740144
300866,安克创新,营运能力,总资产周转率,20230930,1.01618
300866,安克创新,营运能力,总资产周转天数,20230930,265.700768
300866,安克创新,营运能力,流动资产周转率,20230930,1.438083
300866,安克创新,营运能力,流动资产周转天数,20230930,187.749866
300866,安克创新,营运能力,应付账款周转率,20230930,6.253594
300866,安克创新,常用指标,归母净利润,20230630,820004659.35
300866,安克创新,常用指标,营业总收入,20230630,7065692139.83
300866,安克创新,常用指标,营业成本,20230630,6408136392.12
300866,安克创新,常用指标,净利润,20230630,835844317.73
300866,安克创新,常用指标,扣非净利润,20230630,544894728.35
300866,安克创新,常用指标,股东权益合计(净资产),20230630,7278844258.61
300866,安克创新,常用指标,商誉,20230630,
300866,安克创新,常用指标,经营现金流量净额,20230630,610039124.4
300866,安克创新,常用指标,基本每股收益,20230630,2.0176
300866,安克创新,常用指标,每股净资产,20230630,17.617173
300866,安克创新,常用指标,每股现金流,20230630,1.50098
300866,安克创新,常用指标,净资产收益率(ROE),20230630,11.44
300866,安克创新,常用指标,总资产报酬率(ROA),20230630,8.550275
300866,安克创新,常用指标,毛利率,20230630,43.179034
300866,安克创新,常用指标,销售净利率,20230630,11.829616
300866,安克创新,常用指标,期间费用率,20230630,33.814185
300866,安克创新,常用指标,资产负债率,20230630,36.636188
300866,安克创新,每股指标,基本每股收益,20230630,2.0176
300866,安克创新,每股指标,稀释每股收益,20230630,2.0152
300866,安克创新,每股指标,摊薄每股收益_最新股数,20230630,1.394436
300866,安克创新,每股指标,摊薄每股净资产_期末股数,20230630,17.617173
300866,安克创新,每股指标,调整每股净资产_期末股数,20230630,16.653316
300866,安克创新,每股指标,每股净资产_最新股数,20230630,12.175911
300866,安克创新,每股指标,每股经营现金流,20230630,1.50098
300866,安克创新,每股指标,每股现金流量净额,20230630,0.731802
300866,安克创新,每股指标,每股企业自由现金流量,20230630,1.86175
300866,安克创新,每股指标,每股股东自由现金流量,20230630,1.976451
300866,安克创新,每股指标,每股未分配利润,20230630,8.703394
300866,安克创新,每股指标,每股资本公积金,20230630,7.621776
300866,安克创新,每股指标,每股盈余公积金,20230630,0.5
300866,安克创新,每股指标,每股留存收益,20230630,9.203394
300866,安克创新,每股指标,每股营业收入,20230630,17.384889
300866,安克创新,每股指标,每股营业总收入,20230630,17.384889
300866,安克创新,每股指标,每股息税前利润,20230630,2.27417
300866,安克创新,盈利能力,净资产收益率(ROE),20230630,11.44
300866,安克创新,盈利能力,摊薄净资产收益率,20230630,11.452421
300866,安克创新,盈利能力,净资产收益率_平均,20230630,11.711537
300866,安克创新,盈利能力,净资产收益率_平均_扣除非经常损益,20230630,7.782339
300866,安克创新,盈利能力,摊薄净资产收益率_扣除非经常损益,20230630,7.610156
300866,安克创新,盈利能力,息税前利润率,20230630,13.081303
300866,安克创新,盈利能力,总资产报酬率,20230630,8.550275
300866,安克创新,盈利能力,总资本回报率,20230630,11.524883
300866,安克创新,盈利能力,投入资本回报率,20230630,10.387717
300866,安克创新,盈利能力,息前税后总资产报酬率_平均,20230630,7.853386
300866,安克创新,盈利能力,毛利率,20230630,43.179034
300866,安克创新,盈利能力,销售净利率,20230630,11.829616
300866,安克创新,盈利能力,成本费用利润率,20230630,14.228263
300866,安克创新,盈利能力,营业利润率,20230630,12.830376
300866,安克创新,盈利能力,总资产净利率_平均,20230630,7.585613
300866,安克创新,盈利能力,总资产净利率_平均(含少数股东损益),20230630,7.732141
300866,安克创新,成长能力,归母净利润,20230630,820004659.35
300866,安克创新,成长能力,营业总收入,20230630,7065692139.83
300866,安克创新,成长能力,净利润,20230630,835844317.73
300866,安克创新,成长能力,扣非净利润,20230630,544894728.35
300866,安克创新,成长能力,营业总收入增长率,20230630,20.014378
300866,安克创新,成长能力,归属母公司净利润增长率,20230630,42.329132
300866,安克创新,收益质量,经营活动净现金/销售收入,20230630,0.086338
300866,安克创新,收益质量,经营性现金净流量/营业总收入,20230630,0.086338
300866,安克创新,收益质量,成本费用率,20230630,90.635151
300866,安克创新,收益质量,期间费用率,20230630,33.814185
300866,安克创新,收益质量,销售成本率,20230630,56.820965
300866,安克创新,收益质量,经营活动净现金/归属母公司的净利润,20230630,0.743945
300866,安克创新,收益质量,所得税/利润总额,20230630,8.267733
300866,安克创新,财务风险,流动比率,20230630,2.657224
300866,安克创新,财务风险,速动比率,20230630,1.895637
300866,安克创新,财务风险,保守速动比率,20230630,1.373892
300866,安克创新,财务风险,资产负债率,20230630,36.636188
300866,安克创新,财务风险,权益乘数,20230630,1.543914
300866,安克创新,财务风险,权益乘数(含少数股权的净资产),20230630,1.578187
300866,安克创新,财务风险,产权比率,20230630,58.777676
300866,安克创新,财务风险,现金比率,20230630,0.966913
300866,安克创新,营运能力,应收账款周转率,20230630,5.79645
300866,安克创新,营运能力,应收账款周转天数,20230630,31.053485
300866,安克创新,营运能力,存货周转率,20230630,2.138721
300866,安克创新,营运能力,存货周转天数,20230630,84.162434
300866,安克创新,营运能力,总资产周转率,20230630,0.653625
300866,安克创新,营运能力,总资产周转天数,20230630,275.38697
300866,安克创新,营运能力,流动资产周转率,20230630,0.945551
300866,安克创新,营运能力,流动资产周转天数,20230630,190.365007
300866,安克创新,营运能力,应付账款周转率,20230630,4.761849
300866,安克创新,常用指标,归母净利润,20230331,305807117.41
300866,安克创新,常用指标,营业总收入,20230331,3365103838.16
300866,安克创新,常用指标,营业成本,20230331,3127114579.16
300866,安克创新,常用指标,净利润,20230331,309214897.65
300866,安克创新,常用指标,扣非净利润,20230331,244441341.34
300866,安克创新,常用指标,股东权益合计(净资产),20230331,7243762233.25
300866,安克创新,常用指标,商誉,20230331,
300866,安克创新,常用指标,经营现金流量净额,20230331,472741725.33
300866,安克创新,常用指标,基本每股收益,20230331,0.7524
300866,安克创新,常用指标,每股净资产,20230331,17.564673
300866,安克创新,常用指标,每股现金流,20230331,1.163164
300866,安克创新,常用指标,净资产收益率(ROE),20230331,4.37
300866,安克创新,常用指标,总资产报酬率(ROA),20230331,3.391054
300866,安克创新,常用指标,毛利率,20230331,41.536042
300866,安克创新,常用指标,销售净利率,20230331,9.188866
300866,安克创新,常用指标,期间费用率,20230331,34.409557
300866,安克创新,常用指标,资产负债率,20230331,32.158308
300866,安克创新,每股指标,基本每股收益,20230331,0.7524
300866,安克创新,每股指标,稀释每股收益,20230331,0.7524
300866,安克创新,每股指标,摊薄每股收益_最新股数,20230331,0.520032
300866,安克创新,每股指标,摊薄每股净资产_期末股数,20230331,17.564673
300866,安克创新,每股指标,调整每股净资产_期末股数,20230331,16.815272
300866,安克创新,每股指标,每股净资产_最新股数,20230331,12.139627
300866,安克创新,每股指标,每股经营现金流,20230331,1.163164
300866,安克创新,每股指标,每股现金流量净额,20230331,0.981853
300866,安克创新,每股指标,每股企业自由现金流量,20230331,
300866,安克创新,每股指标,每股股东自由现金流量,20230331,
300866,安克创新,每股指标,每股未分配利润,20230331,8.737168
300866,安克创新,每股指标,每股资本公积金,20230331,7.387574
300866,安克创新,每股指标,每股盈余公积金,20230331,0.5
300866,安克创新,每股指标,每股留存收益,20230331,9.237168
300866,安克创新,每股指标,每股营业收入,20230331,8.27972
300866,安克创新,每股指标,每股营业总收入,20230331,8.27972
300866,安克创新,每股指标,每股息税前利润,20230331,0.868151
300866,安克创新,盈利能力,净资产收益率(ROE),20230331,4.37
300866,安克创新,盈利能力,摊薄净资产收益率,20230331,4.283756
300866,安克创新,盈利能力,净资产收益率_平均,20230331,4.374288
300866,安克创新,盈利能力,净资产收益率_平均_扣除非经常损益,20230331,3.496507
300866,安克创新,盈利能力,摊薄净资产收益率_扣除非经常损益,20230331,3.424142
300866,安克创新,盈利能力,息税前利润率,20230331,10.485269
300866,安克创新,盈利能力,总资产报酬率,20230331,3.391054
300866,安克创新,盈利能力,总资本回报率,20230331,4.422105
300866,安克创新,盈利能力,投入资本回报率,20230331,3.917714
300866,安克创新,盈利能力,息前税后总资产报酬率_平均,20230331,3.037112
300866,安克创新,盈利能力,毛利率,20230331,41.536042
300866,安克创新,盈利能力,销售净利率,20230331,9.188866
300866,安克创新,盈利能力,成本费用利润率,20230331,11.072335
300866,安克创新,盈利能力,营业利润率,20230331,10.299314
300866,安克创新,盈利能力,总资产净利率_平均,20230331,2.939031
300866,安克创新,盈利能力,总资产净利率_平均(含少数股东损益),20230331,2.971782
300866,安克创新,成长能力,归母净利润,20230331,305807117.41
300866,安克创新,成长能力,营业总收入,20230331,3365103838.16
300866,安克创新,成长能力,净利润,20230331,309214897.65
300866,安克创新,成长能力,扣非净利润,20230331,244441341.34
300866,安克创新,成长能力,营业总收入增长率,20230331,17.467675
300866,安克创新,成长能力,归属母公司净利润增长率,20230331,53.79713
300866,安克创新,收益质量,经营活动净现金/销售收入,20230331,0.140483
300866,安克创新,收益质量,经营性现金净流量/营业总收入,20230331,0.140483
300866,安克创新,收益质量,成本费用率,20230331,92.873514
300866,安克创新,收益质量,期间费用率,20230331,34.409557
300866,安克创新,收益质量,销售成本率,20230331,58.463957
300866,安克创新,收益质量,经营活动净现金/归属母公司的净利润,20230331,1.545882
300866,安克创新,收益质量,所得税/利润总额,20230331,10.642535
300866,安克创新,财务风险,流动比率,20230331,3.236067
300866,安克创新,财务风险,速动比率,20230331,2.402192
300866,安克创新,财务风险,保守速动比率,20230331,1.715089
300866,安克创新,财务风险,资产负债率,20230331,32.158308
300866,安克创新,财务风险,权益乘数,20230331,1.488343
300866,安克创新,财务风险,权益乘数(含少数股权的净资产),20230331,1.474019
300866,安克创新,财务风险,产权比率,20230331,48.099201
300866,安克创新,财务风险,现金比率,20230331,1.363504
300866,安克创新,营运能力,应收账款周转率,20230331,3.296687
300866,安克创新,营运能力,应收账款周转天数,20230331,27.300134
300866,安克创新,营运能力,存货周转率,20230331,1.14969
300866,安克创新,营运能力,存货周转天数,20230331,78.281942
300866,安克创新,营运能力,总资产周转率,20230331,0.323411
300866,安克创新,营运能力,总资产周转天数,20230331,278.283455
300866,安克创新,营运能力,流动资产周转率,20230331,0.462625
300866,安克创新,营运能力,流动资产周转天数,20230331,194.541816
300866,安克创新,营运能力,应付账款周转率,20230331,2.856944
300866,安克创新,常用指标,归母净利润,20221231,1143486217.19
300866,安克创新,常用指标,营业总收入,20221231,14250519798.29
300866,安克创新,常用指标,营业成本,20221231,13288280783.82
300866,安克创新,常用指标,净利润,20221231,1185343333.09
300866,安克创新,常用指标,扣非净利润,20221231,781226366.93
300866,安克创新,常用指标,股东权益合计(净资产),20221231,6944593070.53
300866,安克创新,常用指标,商誉,20221231,
300866,安克创新,常用指标,经营现金流量净额,20221231,1423925484.01
300866,安克创新,常用指标,基本每股收益,20221231,2.8135
300866,安克创新,常用指标,每股净资产,20221231,16.836375
300866,安克创新,常用指标,每股现金流,20221231,3.503519
300866,安克创新,常用指标,净资产收益率(ROE),20221231,17.81
300866,安克创新,常用指标,总资产报酬率(ROA),20221231,13.759994
300866,安克创新,常用指标,毛利率,20221231,38.732096
300866,安克创新,常用指标,销售净利率,20221231,8.314508
300866,安克创新,常用指标,期间费用率,20221231,31.933154
300866,安克创新,常用指标,资产负债率,20221231,31.463724
300866,安克创新,每股指标,基本每股收益,20221231,2.8135
300866,安克创新,每股指标,稀释每股收益,20221231,2.8135
300866,安克创新,每股指标,摊薄每股收益_最新股数,20221231,1.943703
300866,安克创新,每股指标,摊薄每股净资产_期末股数,20221231,16.836375
300866,安克创新,每股指标,调整每股净资产_期末股数,20221231,16.088065
300866,安克创新,每股指标,每股净资产_最新股数,20221231,11.636272
300866,安克创新,每股指标,每股经营现金流,20221231,3.503519
300866,安克创新,每股指标,每股现金流量净额,20221231,-0.538055
300866,安克创新,每股指标,每股企业自由现金流量,20221231,1.110487
300866,安克创新,每股指标,每股股东自由现金流量,20221231,2.800167
300866,安克创新,每股指标,每股未分配利润,20221231,7.983676
300866,安克创新,每股指标,每股资本公积金,20221231,7.368335
300866,安克创新,每股指标,每股盈余公积金,20221231,0.5
300866,安克创新,每股指标,每股留存收益,20221231,8.483676
300866,安克创新,每股指标,每股营业收入,20221231,35.062908
300866,安克创新,每股指标,每股营业总收入,20221231,35.062908
300866,安克创新,每股指标,每股息税前利润,20221231,3.149659
300866,安克创新,盈利能力,净资产收益率(ROE),20221231,17.81
300866,安克创新,盈利能力,摊薄净资产收益率,20221231,16.703834
300866,安克创新,盈利能力,净资产收益率_平均,20221231,17.731728
300866,安克创新,盈利能力,净资产收益率_平均_扣除非经常损益,20221231,12.119379
300866,安克创新,盈利能力,摊薄净资产收益率_扣除非经常损益,20221231,11.416829
300866,安克创新,盈利能力,息税前利润率,20221231,8.982882
300866,安克创新,盈利能力,总资产报酬率,20221231,13.759994
300866,安克创新,盈利能力,总资本回报率,20221231,18.056602
300866,安克创新,盈利能力,投入资本回报率,20221231,16.296303
300866,安克创新,盈利能力,息前税后总资产报酬率_平均,20221231,12.868488
300866,安克创新,盈利能力,毛利率,20221231,38.732096
300866,安克创新,盈利能力,销售净利率,20221231,8.314508
300866,安克创新,盈利能力,成本费用利润率,20221231,9.545499
300866,安克创新,盈利能力,营业利润率,20221231,8.943721
300866,安克创新,盈利能力,总资产净利率_平均,20221231,12.286251
300866,安克创新,盈利能力,总资产净利率_平均(含少数股东损益),20221231,12.736177
300866,安克创新,成长能力,归母净利润,20221231,1143486217.19
300866,安克创新,成长能力,营业总收入,20221231,14250519798.29
300866,安克创新,成长能力,净利润,20221231,1185343333.09
300866,安克创新,成长能力,扣非净利润,20221231,781226366.93
300866,安克创新,成长能力,营业总收入增长率,20221231,13.331393
300866,安克创新,成长能力,归属母公司净利润增长率,20221231,16.427809
300866,安克创新,收益质量,经营活动净现金/销售收入,20221231,0.09992
300866,安克创新,收益质量,经营性现金净流量/营业总收入,20221231,0.09992
300866,安克创新,收益质量,成本费用率,20221231,93.201057
300866,安克创新,收益质量,期间费用率,20221231,31.933154
300866,安克创新,收益质量,销售成本率,20221231,61.267903
300866,安克创新,收益质量,经营活动净现金/归属母公司的净利润,20221231,1.245775
300866,安克创新,收益质量,所得税/利润总额,20221231,6.541873
300866,安克创新,财务风险,流动比率,20221231,3.269533
300866,安克创新,财务风险,速动比率,20221231,2.579236
300866,安克创新,财务风险,保守速动比率,20221231,1.81378
300866,安克创新,财务风险,资产负债率,20221231,31.463724
300866,安克创新,财务风险,权益乘数,20221231,1.443217
300866,安克创新,财务风险,权益乘数(含少数股权的净资产),20221231,1.459081
300866,安克创新,财务风险,产权比率,20221231,46.587933
300866,安克创新,财务风险,现金比率,20221231,1.243818
300866,安克创新,营运能力,应收账款周转率,20221231,12.316014
300866,安克创新,营运能力,应收账款周转天数,20221231,29.230234
300866,安克创新,营运能力,存货周转率,20221231,4.931306
300866,安克创新,营运能力,存货周转天数,20221231,73.002964
300866,安克创新,营运能力,总资产周转率,20221231,1.531801
300866,安克创新,营运能力,总资产周转天数,20221231,235.017374
300866,安克创新,营运能力,流动资产周转率,20221231,2.023907
300866,安克创新,营运能力,流动资产周转天数,20221231,177.873771
300866,安克创新,营运能力,应付账款周转率,20221231,11.587249
300866,安克创新,常用指标,归母净利润,20220930,830477967.65
300866,安克创新,常用指标,营业总收入,20220930,9536524928.22
300866,安克创新,常用指标,营业成本,20220930,8817663534.01
300866,安克创新,常用指标,净利润,20220930,851353539.1
300866,安克创新,常用指标,扣非净利润,20220930,534258687.1
300866,安克创新,常用指标,股东权益合计(净资产),20220930,6562183743.71
300866,安克创新,常用指标,商誉,20220930,
300866,安克创新,常用指标,经营现金流量净额,20220930,379346241.71
300866,安克创新,常用指标,基本每股收益,20220930,2.04
300866,安克创新,常用指标,每股净资产,20220930,15.947907
300866,安克创新,常用指标,每股现金流,20220930,0.933368
300866,安克创新,常用指标,净资产收益率(ROE),20220930,13.22
300866,安克创新,常用指标,总资产报酬率(ROA),20220930,10.5666
300866,安克创新,常用指标,毛利率,20220930,38.876178
300866,安克创新,常用指标,销售净利率,20220930,8.924203
300866,安克创新,常用指标,期间费用率,20220930,31.29114
300866,安克创新,常用指标,资产负债率,20220930,29.863625
300866,安克创新,每股指标,基本每股收益,20220930,2.04
300866,安克创新,每股指标,稀释每股收益,20220930,2.04
300866,安克创新,每股指标,摊薄每股收益_最新股数,20220930,1.411745
300866,安克创新,每股指标,摊薄每股净资产_期末股数,20220930,15.947907
300866,安克创新,每股指标,调整每股净资产_期末股数,20220930,15.232681
300866,安克创新,每股指标,每股净资产_最新股数,20220930,11.022217
300866,安克创新,每股指标,每股经营现金流,20220930,0.933368
300866,安克创新,每股指标,每股现金流量净额,20220930,-1.268043
300866,安克创新,每股指标,每股企业自由现金流量,20220930,
300866,安克创新,每股指标,每股股东自由现金流量,20220930,
300866,安克创新,每股指标,每股未分配利润,20220930,7.213993
300866,安克创新,每股指标,每股资本公积金,20220930,7.35336
300866,安克创新,每股指标,每股盈余公积金,20220930,0.5
300866,安克创新,每股指标,每股留存收益,20220930,7.713993
300866,安克创新,每股指标,每股营业收入,20220930,23.464287
300866,安克创新,每股指标,每股营业总收入,20220930,23.464287
300866,安克创新,每股指标,每股息税前利润,20220930,2.31786
300866,安克创新,盈利能力,净资产收益率(ROE),20220930,13.22
300866,安克创新,盈利能力,摊薄净资产收益率,20220930,12.808182
300866,安克创新,盈利能力,净资产收益率_平均,20220930,13.249981
300866,安克创新,盈利能力,净资产收益率_平均_扣除非经常损益,20220930,8.526933
300866,安克创新,盈利能力,摊薄净资产收益率_扣除非经常损益,20220930,8.242616
300866,安克创新,盈利能力,息税前利润率,20220930,9.878248
300866,安克创新,盈利能力,总资产报酬率,20220930,10.5666
300866,安克创新,盈利能力,总资本回报率,20220930,14.16385
300866,安克创新,盈利能力,投入资本回报率,20220930,12.603466
300866,安克创新,盈利能力,息前税后总资产报酬率_平均,20220930,9.636668
300866,安克创新,盈利能力,毛利率,20220930,38.876178
300866,安克创新,盈利能力,销售净利率,20220930,8.924203
300866,安克创新,盈利能力,成本费用利润率,20220930,10.59737
300866,安克创新,盈利能力,营业利润率,20220930,9.913871
300866,安克创新,盈利能力,总资产净利率_平均,20220930,9.311919
300866,安克创新,盈利能力,总资产净利率_平均(含少数股东损益),20220930,9.546074
300866,安克创新,成长能力,归母净利润,20220930,830477967.65
300866,安克创新,成长能力,营业总收入,20220930,9536524928.22
300866,安克创新,成长能力,净利润,20220930,851353539.1
300866,安克创新,成长能力,扣非净利润,20220930,534258687.1
300866,安克创新,成长能力,营业总收入增长率,20220930,13.190602
300866,安克创新,成长能力,归属母公司净利润增长率,20220930,28.601036
300866,安克创新,收益质量,经营活动净现金/销售收入,20220930,0.039778
300866,安克创新,收益质量,经营性现金净流量/营业总收入,20220930,0.039778
300866,安克创新,收益质量,成本费用率,20220930,92.414961
300866,安克创新,收益质量,期间费用率,20220930,31.29114
300866,安克创新,收益质量,销售成本率,20220930,61.123821
300866,安克创新,收益质量,经营活动净现金/归属母公司的净利润,20220930,0.456942
300866,安克创新,收益质量,所得税/利润总额,20220930,8.876781
300866,安克创新,财务风险,流动比率,20220930,2.780879
300866,安克创新,财务风险,速动比率,20220930,1.803662
300866,安克创新,财务风险,保守速动比率,20220930,1.3122
300866,安克创新,财务风险,资产负债率,20220930,29.863625
300866,安克创新,财务风险,权益乘数,20220930,1.422905
300866,安克创新,财务风险,权益乘数(含少数股权的净资产),20220930,1.425793
300866,安克创新,财务风险,产权比率,20220930,43.108321
300866,安克创新,财务风险,现金比率,20220930,0.933877
300866,安克创新,营运能力,应收账款周转率,20220930,9.296625
300866,安克创新,营运能力,应收账款周转天数,20220930,29.042795
300866,安克创新,营运能力,存货周转率,20220930,2.567488
300866,安克创新,营运能力,存货周转天数,20220930,105.161142
300866,安克创新,营运能力,总资产周转率,20220930,1.069683
300866,安克创新,营运能力,总资产周转天数,20220930,252.411077
300866,安克创新,营运能力,流动资产周转率,20220930,1.349917
300866,安克创新,营运能力,流动资产周转天数,20220930,200.01218
300866,安克创新,营运能力,应付账款周转率,20220930,7.331281
300866,安克创新,常用指标,归母净利润,20220630,576132691.51
300866,安克创新,常用指标,营业总收入,20220630,5887371356.89
300866,安克创新,常用指标,营业成本,20220630,5446906444.76
300866,安克创新,常用指标,净利润,20220630,580920955.55
300866,安克创新,常用指标,扣非净利润,20220630,306087674.3
300866,安克创新,常用指标,股东权益合计(净资产),20220630,6394535928.07
300866,安克创新,常用指标,商誉,20220630,
300866,安克创新,常用指标,经营现金流量净额,20220630,86714464.0
300866,安克创新,常用指标,基本每股收益,20220630,1.4176
300866,安克创新,常用指标,每股净资产,20220630,15.492658
300866,安克创新,常用指标,每股现金流,20220630,0.213357
300866,安克创新,常用指标,净资产收益率(ROE),20220630,9.17
300866,安克创新,常用指标,总资产报酬率(ROA),20220630,7.247059
300866,安克创新,常用指标,毛利率,20220630,39.371387
300866,安克创新,常用指标,销售净利率,20220630,9.860835
300866,安克创新,常用指标,期间费用率,20220630,31.849687
300866,安克创新,常用指标,资产负债率,20220630,28.890803
300866,安克创新,每股指标,基本每股收益,20220630,1.4176
300866,安克创新,每股指标,稀释每股收益,20220630,1.4176
300866,安克创新,每股指标,摊薄每股收益_最新股数,20220630,0.979085
300866,安克创新,每股指标,摊薄每股净资产_期末股数,20220630,15.492658
300866,安克创新,每股指标,调整每股净资产_期末股数,20220630,14.829531
300866,安克创新,每股指标,每股净资产_最新股数,20220630,10.707576
300866,安克创新,每股指标,每股经营现金流,20220630,0.213357
300866,安克创新,每股指标,每股现金流量净额,20220630,-1.476887
300866,安克创新,每股指标,每股企业自由现金流量,20220630,2.078031
300866,安克创新,每股指标,每股股东自由现金流量,20220630,3.109241
300866,安克创新,每股指标,每股未分配利润,20220630,6.587983
300866,安克创新,每股指标,每股资本公积金,20220630,7.45594
300866,安克创新,每股指标,每股盈余公积金,20220630,0.5
300866,安克创新,每股指标,每股留存收益,20220630,7.087983
300866,安克创新,每股指标,每股营业收入,20220630,14.485672
300866,安克创新,每股指标,每股营业总收入,20220630,14.485672
300866,安克创新,每股指标,每股息税前利润,20220630,1.557263
300866,安克创新,盈利能力,净资产收益率(ROE),20220630,9.17
300866,安克创新,盈利能力,摊薄净资产收益率,20220630,9.14386
300866,安克创新,盈利能力,净资产收益率_平均,20220630,9.326954
300866,安克创新,盈利能力,净资产收益率_平均_扣除非经常损益,20220630,4.958467
300866,安克创新,盈利能力,摊薄净资产收益率_扣除非经常损益,20220630,4.861128
300866,安克创新,盈利能力,息税前利润率,20220630,10.750372
300866,安克创新,盈利能力,总资产报酬率,20220630,7.247059
300866,安克创新,盈利能力,总资本回报率,20220630,9.472618
300866,安克创新,盈利能力,投入资本回报率,20220630,8.690323
300866,安克创新,盈利能力,息前税后总资产报酬率_平均,20220630,6.703388
300866,安克创新,盈利能力,毛利率,20220630,39.371387
300866,安克创新,盈利能力,销售净利率,20220630,9.860835
300866,安克创新,盈利能力,成本费用利润率,20220630,11.534947
300866,安克创新,盈利能力,营业利润率,20220630,10.695236
300866,安克创新,盈利能力,总资产净利率_平均,20220630,6.592576
300866,安克创新,盈利能力,总资产净利率_平均(含少数股东损益),20220630,6.647403
300866,安克创新,成长能力,归母净利润,20220630,576132691.51
300866,安克创新,成长能力,营业总收入,20220630,5887371356.89
300866,安克创新,成长能力,净利润,20220630,580920955.55
300866,安克创新,成长能力,扣非净利润,20220630,306087674.3
300866,安克创新,成长能力,营业总收入增长率,20220630,9.622699
300866,安克创新,成长能力,归属母公司净利润增长率,20220630,41.014012
300866,安克创新,收益质量,经营活动净现金/销售收入,20220630,0.014728
300866,安克创新,收益质量,经营性现金净流量/营业总收入,20220630,0.014728
300866,安克创新,收益质量,成本费用率,20220630,92.478299
300866,安克创新,收益质量,期间费用率,20220630,31.849687
300866,安克创新,收益质量,销售成本率,20220630,60.628612
300866,安克创新,收益质量,经营活动净现金/归属母公司的净利润,20220630,0.150609
300866,安克创新,收益质量,所得税/利润总额,20220630,7.560352
300866,安克创新,财务风险,流动比率,20220630,3.213832
300866,安克创新,财务风险,速动比率,20220630,2.145906
300866,安克创新,财务风险,保守速动比率,20220630,1.502749
300866,安克创新,财务风险,资产负债率,20220630,28.890803
300866,安克创新,财务风险,权益乘数,20220630,1.414766
300866,安克创新,财务风险,权益乘数(含少数股权的净资产),20220630,1.406287
300866,安克创新,财务风险,产权比率,20220630,41.260469
300866,安克创新,财务风险,现金比率,20220630,1.073252
300866,安克创新,营运能力,应收账款周转率,20220630,5.906987
300866,安克创新,营运能力,应收账款周转天数,20220630,30.472383
300866,安克创新,营运能力,存货周转率,20220630,1.658981
300866,安克创新,营运能力,存货周转天数,20220630,108.500286
300866,安克创新,营运能力,总资产周转率,20220630,0.674121
300866,安克创新,营运能力,总资产周转天数,20220630,267.014091
300866,安克创新,营运能力,流动资产周转率,20220630,0.852001
300866,安克创新,营运能力,流动资产周转天数,20220630,211.267237
300866,安克创新,营运能力,应付账款周转率,20220630,5.843702
300866,安克创新,常用指标,归母净利润,20220331,198837986.04
300866,安克创新,常用指标,营业总收入,20220331,2864706247.87
300866,安克创新,常用指标,营业成本,20220331,2667146122.27
300866,安克创新,常用指标,净利润,20220331,202072142.76
300866,安克创新,常用指标,扣非净利润,20220331,158178690.13
300866,安克创新,常用指标,股东权益合计(净资产),20220331,6345361147.18
300866,安克创新,常用指标,商誉,20220331,
300866,安克创新,常用指标,经营现金流量净额,20220331,-193232216.83
300866,安克创新,常用指标,基本每股收益,20220331,0.49
300866,安克创新,常用指标,每股净资产,20220331,15.376119
300866,安克创新,常用指标,每股现金流,20220331,-0.475441
300866,安克创新,常用指标,净资产收益率(ROE),20220331,3.23
300866,安克创新,常用指标,总资产报酬率(ROA),20220331,2.725374
300866,安克创新,常用指标,毛利率,20220331,38.160229
300866,安克创新,常用指标,销售净利率,20220331,7.053711
300866,安克创新,常用指标,期间费用率,20220331,31.224662
300866,安克创新,常用指标,资产负债率,20220331,24.527698
300866,安克创新,每股指标,基本每股收益,20220331,0.49
300866,安克创新,每股指标,稀释每股收益,20220331,0.49
300866,安克创新,每股指标,摊薄每股收益_最新股数,20220331,0.338121
300866,安克创新,每股指标,摊薄每股净资产_期末股数,20220331,15.376119
300866,安克创新,每股指标,调整每股净资产_期末股数,20220331,14.809418
300866,安克创新,每股指标,每股净资产_最新股数,20220331,10.627032
300866,安克创新,每股指标,每股经营现金流,20220331,-0.475441
300866,安克创新,每股指标,每股现金流量净额,20220331,-1.065037
300866,安克创新,每股指标,每股企业自由现金流量,20220331,
300866,安克创新,每股指标,每股股东自由现金流量,20220331,
300866,安克创新,每股指标,每股未分配利润,20220331,6.46058
300866,安克创新,每股指标,每股资本公积金,20220331,7.451987
300866,安克创新,每股指标,每股盈余公积金,20220331,0.5
300866,安克创新,每股指标,每股留存收益,20220331,6.96058
300866,安克创新,每股指标,每股营业收入,20220331,7.04851
300866,安克创新,每股指标,每股营业总收入,20220331,7.04851
300866,安克创新,每股指标,每股息税前利润,20220331,0.566019
300866,安克创新,盈利能力,净资产收益率(ROE),20220331,3.23
300866,安克创新,盈利能力,摊薄净资产收益率,20220331,3.181713
300866,安克创新,盈利能力,净资产收益率_平均,20220331,3.233415
300866,安克创新,盈利能力,净资产收益率_平均_扣除非经常损益,20220331,2.572283
300866,安克创新,盈利能力,摊薄净资产收益率_扣除非经常损益,20220331,2.531153
300866,安克创新,盈利能力,息税前利润率,20220331,8.030342
300866,安克创新,盈利能力,总资产报酬率,20220331,2.725374
300866,安克创新,盈利能力,总资本回报率,20220331,3.527554
300866,安克创新,盈利能力,投入资本回报率,20220331,3.086528
300866,安克创新,盈利能力,息前税后总资产报酬率_平均,20220331,2.422955
300866,安克创新,盈利能力,毛利率,20220331,38.160229
300866,安克创新,盈利能力,销售净利率,20220331,7.053711
300866,安克创新,盈利能力,成本费用利润率,20220331,8.536871
300866,安克创新,盈利能力,营业利润率,20220331,7.983293
300866,安克创新,盈利能力,总资产净利率_平均,20220331,2.355605
300866,安克创新,盈利能力,总资产净利率_平均(含少数股东损益),20220331,2.393921
300866,安克创新,成长能力,归母净利润,20220331,198837986.04
300866,安克创新,成长能力,营业总收入,20220331,2864706247.87
300866,安克创新,成长能力,净利润,20220331,202072142.76
300866,安克创新,成长能力,扣非净利润,20220331,158178690.13
300866,安克创新,成长能力,营业总收入增长率,20220331,18.041004
300866,安克创新,成长能力,归属母公司净利润增长率,20220331,-2.742823
300866,安克创新,收益质量,经营活动净现金/销售收入,20220331,-0.067452
300866,安克创新,收益质量,经营性现金净流量/营业总收入,20220331,-0.067452
300866,安克创新,收益质量,成本费用率,20220331,93.064432
300866,安克创新,收益质量,期间费用率,20220331,31.224662
300866,安克创新,收益质量,销售成本率,20220331,61.83977
300866,安克创新,收益质量,经营活动净现金/归属母公司的净利润,20220331,-0.971827
300866,安克创新,收益质量,所得税/利润总额,20220331,11.215904
300866,安克创新,财务风险,流动比率,20220331,4.149935
300866,安克创新,财务风险,速动比率,20220331,2.72806
300866,安克创新,财务风险,保守速动比率,20220331,1.762996
300866,安克创新,财务风险,资产负债率,20220331,24.527698
300866,安克创新,财务风险,权益乘数,20220331,1.372647
300866,安克创新,财务风险,权益乘数(含少数股权的净资产),20220331,1.324989
300866,安克创新,财务风险,产权比率,20220331,32.998639
300866,安克创新,财务风险,现金比率,20220331,1.292412
300866,安克创新,营运能力,应收账款周转率,20220331,3.107408
300866,安克创新,营运能力,应收账款周转天数,20220331,28.96304
300866,安克创新,营运能力,存货周转率,20220331,0.817564
300866,安克创新,营运能力,存货周转天数,20220331,110.083064
300866,安克创新,营运能力,总资产周转率,20220331,0.339384
300866,安克创新,营运能力,总资产周转天数,20220331,265.185852
300866,安克创新,营运能力,流动资产周转率,20220331,0.418033
300866,安克创新,营运能力,流动资产周转天数,20220331,215.293758
300866,安克创新,营运能力,应付账款周转率,20220331,3.388684
300866,安克创新,常用指标,归母净利润,20211231,981727237.06
300866,安克创新,常用指标,营业总收入,20211231,12574203308.96
300866,安克创新,常用指标,营业成本,20211231,11730238166.86
300866,安克创新,常用指标,净利润,20211231,1024427226.78
300866,安克创新,常用指标,扣非净利润,20211231,707686268.98
300866,安克创新,常用指标,股东权益合计(净资产),20211231,6142109213.63
300866,安克创新,常用指标,商誉,20211231,
300866,安克创新,常用指标,经营现金流量净额,20211231,449042613.6
300866,安克创新,常用指标,基本每股收益,20211231,2.42
300866,安克创新,常用指标,每股净资产,20211231,14.884394
300866,安克创新,常用指标,每股现金流,20211231,1.104853
300866,安克创新,常用指标,净资产收益率(ROE),20211231,17.32
300866,安克创新,常用指标,总资产报酬率(ROA),20211231,14.173974
300866,安克创新,常用指标,毛利率,20211231,35.722981
300866,安克创新,常用指标,销售净利率,20211231,8.147054
300866,安克创新,常用指标,期间费用率,20211231,28.969982
300866,安克创新,常用指标,资产负债率,20211231,27.520166
300866,安克创新,每股指标,基本每股收益,20211231,2.42
300866,安克创新,每股指标,稀释每股收益,20211231,2.42
300866,安克创新,每股指标,摊薄每股收益_最新股数,20211231,1.669449
300866,安克创新,每股指标,摊薄每股净资产_期末股数,20211231,14.884394
300866,安克创新,每股指标,调整每股净资产_期末股数,20211231,14.298098
300866,安克创新,每股指标,每股净资产_最新股数,20211231,10.287182
300866,安克创新,每股指标,每股经营现金流,20211231,1.104853
300866,安克创新,每股指标,每股现金流量净额,20211231,1.090405
300866,安克创新,每股指标,每股企业自由现金流量,20211231,1.738193
300866,安克创新,每股指标,每股股东自由现金流量,20211231,1.813117
300866,安克创新,每股指标,每股未分配利润,20211231,5.971356
300866,安克创新,每股指标,每股资本公积金,20211231,7.454052
300866,安克创新,每股指标,每股盈余公积金,20211231,0.5
300866,安克创新,每股指标,每股留存收益,20211231,6.471356
300866,安克创新,每股指标,每股营业收入,20211231,30.938389
300866,安克创新,每股指标,每股营业总收入,20211231,30.938389
300866,安克创新,每股指标,每股息税前利润,20211231,2.695278
300866,安克创新,盈利能力,净资产收益率(ROE),20211231,17.32
300866,安克创新,盈利能力,摊薄净资产收益率,20211231,16.228445
300866,安克创新,盈利能力,净资产收益率_平均,20211231,17.151162
300866,安克创新,盈利能力,净资产收益率_平均_扣除非经常损益,20211231,12.363558
300866,安克创新,盈利能力,摊薄净资产收益率_扣除非经常损益,20211231,11.698409
300866,安克创新,盈利能力,息税前利润率,20211231,8.711761
300866,安克创新,盈利能力,总资产报酬率,20211231,14.173974
300866,安克创新,盈利能力,总资本回报率,20211231,18.436236
300866,安克创新,盈利能力,投入资本回报率,20211231,16.701027
300866,安克创新,盈利能力,息前税后总资产报酬率_平均,20211231,13.392428
300866,安克创新,盈利能力,毛利率,20211231,35.722981
300866,安克创新,盈利能力,销售净利率,20211231,8.147054
300866,安克创新,盈利能力,成本费用利润率,20211231,9.252219
300866,安克创新,盈利能力,营业利润率,20211231,8.68703
300866,安克创新,盈利能力,总资产净利率_平均,20211231,12.702699
300866,安克创新,盈利能力,总资产净利率_平均(含少数股东损益),20211231,13.2552
300866,安克创新,成长能力,归母净利润,20211231,981727237.06
300866,安克创新,成长能力,营业总收入,20211231,12574203308.96
300866,安克创新,成长能力,净利润,20211231,1024427226.78
300866,安克创新,成长能力,扣非净利润,20211231,707686268.98
300866,安克创新,成长能力,营业总收入增长率,20211231,34.445649
300866,安克创新,成长能力,归属母公司净利润增长率,20211231,14.696761
300866,安克创新,收益质量,经营活动净现金/销售收入,20211231,0.035711
300866,安克创新,收益质量,经营性现金净流量/营业总收入,20211231,0.035711
300866,安克创新,收益质量,成本费用率,20211231,93.247001
300866,安克创新,收益质量,期间费用率,20211231,28.969982
300866,安克创新,收益质量,销售成本率,20211231,64.277018
300866,安克创新,收益质量,经营活动净现金/归属母公司的净利润,20211231,0.4574
300866,安克创新,收益质量,所得税/利润总额,20211231,5.567857
300866,安克创新,财务风险,流动比率,20211231,3.827128
300866,安克创新,财务风险,速动比率,20211231,2.711848
300866,安克创新,财务风险,保守速动比率,20211231,1.849368
300866,安克创新,财务风险,资产负债率,20211231,27.520166
300866,安克创新,财务风险,权益乘数,20211231,1.350198
300866,安克创新,财务风险,权益乘数(含少数股权的净资产),20211231,1.379694
300866,安克创新,财务风险,产权比率,20211231,38.551161
300866,安克创新,财务风险,现金比率,20211231,1.258677
300866,安克创新,营运能力,应收账款周转率,20211231,12.834895
300866,安克创新,营运能力,应收账款周转天数,20211231,28.048533
300866,安克创新,营运能力,存货周转率,20211231,4.428004
300866,安克创新,营运能力,存货周转天数,20211231,81.300734
300866,安克创新,营运能力,总资产周转率,20211231,1.626992
300866,安克创新,营运能力,总资产周转天数,20211231,221.267095
300866,安克创新,营运能力,流动资产周转率,20211231,1.865079
300866,安克创新,营运能力,流动资产周转天数,20211231,193.021282
300866,安克创新,营运能力,应付账款周转率,20211231,14.185882
300866,安克创新,常用指标,归母净利润,20210930,645549467.34
300866,安克创新,常用指标,营业总收入,20210930,8425191432.82
300866,安克创新,常用指标,营业成本,20210930,7767315763.56
300866,安克创新,常用指标,净利润,20210930,672420552.57
300866,安克创新,常用指标,扣非净利润,20210930,497260692.92
300866,安克创新,常用指标,股东权益合计(净资产),20210930,5792593996.21
300866,安克创新,常用指标,商誉,20210930,
300866,安克创新,常用指标,经营现金流量净额,20210930,-172999857.52
300866,安克创新,常用指标,基本每股收益,20210930,1.59
300866,安克创新,常用指标,每股净资产,20210930,14.064047
300866,安克创新,常用指标,每股现金流,20210930,-0.42566
300866,安克创新,常用指标,净资产收益率(ROE),20210930,11.65
300866,安克创新,常用指标,总资产报酬率(ROA),20210930,9.418789
300866,安克创新,常用指标,毛利率,20210930,44.221824
300866,安克创新,常用指标,销售净利率,20210930,7.981071
300866,安克创新,常用指标,期间费用率,20210930,36.369339
300866,安克创新,常用指标,资产负债率,20210930,32.952596
300866,安克创新,每股指标,基本每股收益,20210930,1.59
300866,安克创新,每股指标,稀释每股收益,20210930,1.59
300866,安克创新,每股指标,摊薄每股收益_最新股数,20210930,1.097771
300866,安克创新,每股指标,摊薄每股净资产_期末股数,20210930,14.064047
300866,安克创新,每股指标,调整每股净资产_期末股数,20210930,13.549774
300866,安克创新,每股指标,每股净资产_最新股数,20210930,9.720208
300866,安克创新,每股指标,每股经营现金流,20210930,-0.42566
300866,安克创新,每股指标,每股现金流量净额,20210930,-0.563864
300866,安克创新,每股指标,每股企业自由现金流量,20210930,
300866,安克创新,每股指标,每股股东自由现金流量,20210930,
300866,安克创新,每股指标,每股未分配利润,20210930,5.144202
300866,安克创新,每股指标,每股资本公积金,20210930,7.458144
300866,安克创新,每股指标,每股盈余公积金,20210930,0.5
300866,安克创新,每股指标,每股留存收益,20210930,5.644202
300866,安克创新,每股指标,每股营业收入,20210930,20.72989
300866,安克创新,每股指标,每股营业总收入,20210930,20.72989
300866,安克创新,每股指标,每股息税前利润,20210930,1.810203
300866,安克创新,盈利能力,净资产收益率(ROE),20210930,11.65
300866,安克创新,盈利能力,摊薄净资产收益率,20210930,11.293704
300866,安克创新,盈利能力,净资产收益率_平均,20210930,11.616319
300866,安克创新,盈利能力,净资产收益率_平均_扣除非经常损益,20210930,8.947941
300866,安克创新,盈利能力,摊薄净资产收益率_扣除非经常损益,20210930,8.699434
300866,安克创新,盈利能力,息税前利润率,20210930,8.732334
300866,安克创新,盈利能力,总资产报酬率,20210930,9.418789
300866,安克创新,盈利能力,总资本回报率,20210930,12.513504
300866,安克创新,盈利能力,投入资本回报率,20210930,11.11346
300866,安克创新,盈利能力,息前税后总资产报酬率_平均,20210930,8.708999
300866,安克创新,盈利能力,毛利率,20210930,44.221824
300866,安克创新,盈利能力,销售净利率,20210930,7.981071
300866,安克创新,盈利能力,成本费用利润率,20210930,9.375327
300866,安克创新,盈利能力,营业利润率,20210930,8.617553
300866,安克创新,盈利能力,总资产净利率_平均,20210930,8.264459
300866,安克创新,盈利能力,总资产净利率_平均(含少数股东损益),20210930,8.608468
300866,安克创新,成长能力,归母净利润,20210930,645549467.34
300866,安克创新,成长能力,营业总收入,20210930,8425191432.82
300866,安克创新,成长能力,净利润,20210930,672420552.57
300866,安克创新,成长能力,扣非净利润,20210930,497260692.92
300866,安克创新,成长能力,营业总收入增长率,20210930,39.986169
300866,安克创新,成长能力,归属母公司净利润增长率,20210930,21.165993
300866,安克创新,收益质量,经营活动净现金/销售收入,20210930,-0.020533
300866,安克创新,收益质量,经营性现金净流量/营业总收入,20210930,-0.020533
300866,安克创新,收益质量,成本费用率,20210930,92.147514
300866,安克创新,收益质量,期间费用率,20210930,36.369339
300866,安克创新,收益质量,销售成本率,20210930,55.778175
300866,安克创新,收益质量,经营活动净现金/归属母公司的净利润,20210930,-0.267988
300866,安克创新,收益质量,所得税/利润总额,20210930,7.617194
300866,安克创新,财务风险,流动比率,20210930,3.106433
300866,安克创新,财务风险,速动比率,20210930,1.853127
300866,安克创新,财务风险,保守速动比率,20210930,1.140884
300866,安克创新,财务风险,资产负债率,20210930,32.952596
300866,安克创新,财务风险,权益乘数,20210930,1.405575
300866,安克创新,财务风险,权益乘数(含少数股权的净资产),20210930,1.491482
300866,安克创新,财务风险,产权比率,20210930,49.806687
300866,安克创新,财务风险,现金比率,20210930,0.810108
300866,安克创新,营运能力,应收账款周转率,20210930,10.120052
300866,安克创新,营运能力,应收账款周转天数,20210930,26.679702
300866,安克创新,营运能力,存货周转率,20210930,2.038541
300866,安克创新,营运能力,存货周转天数,20210930,132.447653
300866,安克创新,营运能力,总资产周转率,20210930,1.07861
300866,安克创新,营运能力,总资产周转天数,20210930,250.32203
300866,安克创新,营运能力,流动资产周转率,20210930,1.212339
300866,安克创新,营运能力,流动资产周转天数,20210930,222.709821
300866,安克创新,营运能力,应付账款周转率,20210930,7.353897
300866,安克创新,常用指标,归母净利润,20210630,408296834.33
300866,安克创新,常用指标,营业总收入,20210630,5370576888.61
300866,安克创新,常用指标,营业成本,20210630,4947059317.99
300866,安克创新,常用指标,净利润,20210630,429262233.29
300866,安克创新,常用指标,扣非净利润,20210630,300274157.71
300866,安克创新,常用指标,股东权益合计(净资产),20210630,5558213884.63
300866,安克创新,常用指标,商誉,20210630,
300866,安克创新,常用指标,经营现金流量净额,20210630,-116246759.72
300866,安克创新,常用指标,基本每股收益,20210630,1.0
300866,安克创新,常用指标,每股净资产,20210630,13.4646
300866,安克创新,常用指标,每股现金流,20210630,-0.286021
300866,安克创新,常用指标,净资产收益率(ROE),20210630,7.44
300866,安克创新,常用指标,总资产报酬率(ROA),20210630,6.327198
300866,安克创新,常用指标,毛利率,20210630,44.876634
300866,安克创新,常用指标,销售净利率,20210630,7.992851
300866,安克创新,常用指标,期间费用率,20210630,36.948948
300866,安克创新,常用指标,资产负债率,20210630,29.231726
300866,安克创新,每股指标,基本每股收益,20210630,1.0
300866,安克创新,每股指标,稀释每股收益,20210630,1.0
300866,安克创新,每股指标,摊薄每股收益_最新股数,20210630,0.694318
300866,安克创新,每股指标,摊薄每股净资产_期末股数,20210630,13.4646
300866,安克创新,每股指标,调整每股净资产_期末股数,20210630,13.009489
300866,安克创新,每股指标,每股净资产_最新股数,20210630,9.305907
300866,安克创新,每股指标,每股经营现金流,20210630,-0.286021
300866,安克创新,每股指标,每股现金流量净额,20210630,-0.058863
300866,安克创新,每股指标,每股企业自由现金流量,20210630,1.061889
300866,安克创新,每股指标,每股股东自由现金流量,20210630,1.215808
300866,安克创新,每股指标,每股未分配利润,20210630,4.56045
300866,安克创新,每股指标,每股资本公积金,20210630,7.456148
300866,安克创新,每股指标,每股盈余公积金,20210630,0.5
300866,安克创新,每股指标,每股留存收益,20210630,5.06045
300866,安克创新,每股指标,每股营业收入,20210630,13.214117
300866,安克创新,每股指标,每股营业总收入,20210630,13.214117
300866,安克创新,每股指标,每股息税前利润,20210630,1.15489
300866,安克创新,盈利能力,净资产收益率(ROE),20210630,7.44
300866,安克创新,盈利能力,摊薄净资产收益率,20210630,7.461046
300866,安克创新,盈利能力,净资产收益率_平均,20210630,7.511742
300866,安克创新,盈利能力,净资产收益率_平均_扣除非经常损益,20210630,5.524368
300866,安克创新,盈利能力,摊薄净资产收益率_扣除非经常损益,20210630,5.487085
300866,安克创新,盈利能力,息税前利润率,20210630,8.739819
300866,安克创新,盈利能力,总资产报酬率,20210630,6.327198
300866,安克创新,盈利能力,总资本回报率,20210630,8.310006
300866,安克创新,盈利能力,投入资本回报率,20210630,7.302577
300866,安克创新,盈利能力,息前税后总资产报酬率_平均,20210630,5.842759
300866,安克创新,盈利能力,毛利率,20210630,44.876634
300866,安克创新,盈利能力,销售净利率,20210630,7.992851
300866,安克创新,盈利能力,成本费用利润率,20210630,9.407835
300866,安克创新,盈利能力,营业利润率,20210630,8.672286
300866,安克创新,盈利能力,总资产净利率_平均,20210630,5.503818
300866,安克创新,盈利能力,总资产净利率_平均(含少数股东损益),20210630,5.78643
300866,安克创新,成长能力,归母净利润,20210630,408296834.33
300866,安克创新,成长能力,营业总收入,20210630,5370576888.61
300866,安克创新,成长能力,净利润,20210630,429262233.29
300866,安克创新,成长能力,扣非净利润,20210630,300274157.71
300866,安克创新,成长能力,营业总收入增长率,20210630,52.239603
300866,安克创新,成长能力,归属母公司净利润增长率,20210630,47.63225
300866,安克创新,收益质量,经营活动净现金/销售收入,20210630,-0.021645
300866,安克创新,收益质量,经营性现金净流量/营业总收入,20210630,-0.021645
300866,安克创新,收益质量,成本费用率,20210630,92.072314
300866,安克创新,收益质量,期间费用率,20210630,36.948948
300866,安克创新,收益质量,销售成本率,20210630,55.123365
300866,安克创新,收益质量,经营活动净现金/归属母公司的净利润,20210630,-0.284711
300866,安克创新,收益质量,所得税/利润总额,20210630,7.72523
300866,安克创新,财务风险,流动比率,20210630,3.672964
300866,安克创新,财务风险,速动比率,20210630,2.437032
300866,安克创新,财务风险,保守速动比率,20210630,1.628961
300866,安克创新,财务风险,资产负债率,20210630,29.231726
300866,安克创新,财务风险,权益乘数,20210630,1.364823
300866,安克创新,财务风险,权益乘数(含少数股权的净资产),20210630,1.413062
300866,安克创新,财务风险,产权比率,20210630,41.954143
300866,安克创新,财务风险,现金比率,20210630,1.083129
300866,安克创新,营运能力,应收账款周转率,20210630,5.643607
300866,安克创新,营运能力,应收账款周转天数,20210630,31.894493
300866,安克创新,营运能力,存货周转率,20210630,1.504993
300866,安克创新,营运能力,存货周转天数,20210630,119.601808
300866,安克创新,营运能力,总资产周转率,20210630,0.72395
300866,安克创新,营运能力,总资产周转天数,20210630,248.635713
300866,安克创新,营运能力,流动资产周转率,20210630,0.802833
300866,安克创新,营运能力,流动资产周转天数,20210630,224.206024
300866,安克创新,营运能力,应付账款周转率,20210630,4.945397
300866,安克创新,常用指标,归母净利润,20210331,204441412.16
300866,安克创新,常用指标,营业总收入,20210331,2426873839.61
300866,安克创新,常用指标,营业成本,20210331,2216716839.04
300866,安克创新,常用指标,净利润,20210331,213906235.22
300866,安克创新,常用指标,扣非净利润,20210331,159565365.26
300866,安克创新,常用指标,股东权益合计(净资产),20210331,5683407337.04
300866,安克创新,常用指标,商誉,20210331,
300866,安克创新,常用指标,经营现金流量净额,20210331,-202315874.81
300866,安克创新,常用指标,基本每股收益,20210331,0.5
300866,安克创新,常用指标,每股净资产,20210331,13.802075
300866,安克创新,常用指标,每股现金流,20210331,-0.497791
300866,安克创新,常用指标,净资产收益率(ROE),20210331,3.71
300866,安克创新,常用指标,总资产报酬率(ROA),20210331,3.582047
300866,安克创新,常用指标,毛利率,20210331,45.079227
300866,安克创新,常用指标,销售净利率,20210331,8.814064
300866,安克创新,常用指标,期间费用率,20210331,36.377508
300866,安克创新,常用指标,资产负债率,20210331,22.731697
300866,安克创新,每股指标,基本每股收益,20210331,0.5
300866,安克创新,每股指标,稀释每股收益,20210331,0.5
300866,安克创新,每股指标,摊薄每股收益_最新股数,20210331,0.347657
300866,安克创新,每股指标,摊薄每股净资产_期末股数,20210331,13.802075
300866,安克创新,每股指标,调整每股净资产_期末股数,20210331,13.400569
300866,安克创新,每股指标,每股净资产_最新股数,20210331,9.539149
300866,安克创新,每股指标,每股经营现金流,20210331,-0.497791
300866,安克创新,每股指标,每股现金流量净额,20210331,0.147551
300866,安克创新,每股指标,每股企业自由现金流量,20210331,
300866,安克创新,每股指标,每股股东自由现金流量,20210331,
300866,安克创新,每股指标,每股未分配利润,20210331,4.858871
300866,安克创新,每股指标,每股资本公积金,20210331,7.453813
300866,安克创新,每股指标,每股盈余公积金,20210331,0.5
300866,安克创新,每股指标,每股留存收益,20210331,5.358871
300866,安克创新,每股指标,每股营业收入,20210331,5.971238
300866,安克创新,每股指标,每股营业总收入,20210331,5.971238
300866,安克创新,每股指标,每股息税前利润,20210331,0.631847
300866,安克创新,盈利能力,净资产收益率(ROE),20210331,3.71
300866,安克创新,盈利能力,摊薄净资产收益率,20210331,3.644531
300866,安克创新,盈利能力,净资产收益率_平均,20210331,3.714396
300866,安克创新,盈利能力,净资产收益率_平均_扣除非经常损益,20210331,2.899065
300866,安克创新,盈利能力,摊薄净资产收益率_扣除非经常损益,20210331,2.844536
300866,安克创新,盈利能力,息税前利润率,20210331,10.581517
300866,安克创新,盈利能力,总资产报酬率,20210331,3.582047
300866,安克创新,盈利能力,总资本回报率,20210331,4.491619
300866,安克创新,盈利能力,投入资本回报率,20210331,3.611011
300866,安克创新,盈利能力,息前税后总资产报酬率_平均,20210331,3.011789
300866,安克创新,盈利能力,毛利率,20210331,45.079227
300866,安克创新,盈利能力,销售净利率,20210331,8.814064
300866,安克创新,盈利能力,成本费用利润率,20210331,11.499264
300866,安克创新,盈利能力,营业利润率,20210331,10.564782
300866,安克创新,盈利能力,总资产净利率_平均,20210331,2.851708
300866,安克创新,盈利能力,总资产净利率_平均(含少数股东损益),20210331,2.98373
300866,安克创新,成长能力,归母净利润,20210331,204441412.16
300866,安克创新,成长能力,营业总收入,20210331,2426873839.61
300866,安克创新,成长能力,净利润,20210331,213906235.22
300866,安克创新,成长能力,扣非净利润,20210331,159565365.26
300866,安克创新,成长能力,营业总收入增长率,20210331,57.940697
300866,安克创新,成长能力,归属母公司净利润增长率,20210331,47.271839
300866,安克创新,收益质量,经营活动净现金/销售收入,20210331,-0.083364
300866,安克创新,收益质量,经营性现金净流量/营业总收入,20210331,-0.083364
300866,安克创新,收益质量,成本费用率,20210331,91.298281
300866,安克创新,收益质量,期间费用率,20210331,36.377508
300866,安克创新,收益质量,销售成本率,20210331,54.920772
300866,安克创新,收益质量,经营活动净现金/归属母公司的净利润,20210331,-0.989603
300866,安克创新,收益质量,所得税/利润总额,20210331,16.045576
300866,安克创新,财务风险,流动比率,20210331,4.796891
300866,安克创新,财务风险,速动比率,20210331,3.291434
300866,安克创新,财务风险,保守速动比率,20210331,2.08656
300866,安克创新,财务风险,资产负债率,20210331,22.731697
300866,安克创新,财务风险,权益乘数,20210331,1.302516
300866,安克创新,财务风险,权益乘数(含少数股权的净资产),20210331,1.294191
300866,安克创新,财务风险,产权比率,20210331,29.806577
300866,安克创新,财务风险,现金比率,20210331,1.565042
300866,安克创新,营运能力,应收账款周转率,20210331,3.062973
300866,安克创新,营运能力,应收账款周转天数,20210331,29.383209
300866,安克创新,营运能力,存货周转率,20210331,0.728535
300866,安克创新,营运能力,存货周转天数,20210331,123.535499
300866,安克创新,营运能力,总资产周转率,20210331,0.338519
300866,安克创新,营运能力,总资产周转天数,20210331,265.863748
300866,安克创新,营运能力,流动资产周转率,20210331,0.373211
300866,安克创新,营运能力,流动资产周转天数,20210331,241.149981
300866,安克创新,营运能力,应付账款周转率,20210331,3.034611
300866,安克创新,常用指标,归母净利润,20201231,855932830.11
300866,安克创新,常用指标,营业总收入,20201231,9352629343.29
300866,安克创新,常用指标,营业成本,20201231,8423699497.91
300866,安克创新,常用指标,净利润,20201231,894869336.24
300866,安克创新,常用指标,扣非净利润,20201231,727215391.09
300866,安克创新,常用指标,股东权益合计(净资产),20201231,5463967870.79
300866,安克创新,常用指标,商誉,20201231,
300866,安克创新,常用指标,经营现金流量净额,20201231,187801106.38
300866,安克创新,常用指标,基本每股收益,20201231,2.25
300866,安克创新,常用指标,每股净资产,20201231,13.282859
300866,安克创新,常用指标,每股现金流,20201231,0.462078
300866,安克创新,常用指标,净资产收益率(ROE),20201231,26.34
300866,安克创新,常用指标,总资产报酬率(ROA),20201231,19.845546
300866,安克创新,常用指标,毛利率,20201231,43.853831
300866,安克创新,常用指标,销售净利率,20201231,9.568104
300866,安克创新,常用指标,期间费用率,20201231,33.874382
300866,安克创新,常用指标,资产负债率,20201231,21.75053
300866,安克创新,每股指标,基本每股收益,20201231,2.25
300866,安克创新,每股指标,稀释每股收益,20201231,2.25
300866,安克创新,每股指标,摊薄每股收益_最新股数,20201231,1.455533
300866,安克创新,每股指标,摊薄每股净资产_期末股数,20201231,13.282859
300866,安克创新,每股指标,调整每股净资产_期末股数,20201231,12.916846
300866,安克创新,每股指标,每股净资产_最新股数,20201231,9.180299
300866,安克创新,每股指标,每股经营现金流,20201231,0.462078
300866,安克创新,每股指标,每股现金流量净额,20201231,-0.397826
300866,安克创新,每股指标,每股企业自由现金流量,20201231,-6.14839
300866,安克创新,每股指标,每股股东自由现金流量,20201231,-5.822638
300866,安克创新,每股指标,每股未分配利润,20201231,4.35585
300866,安克创新,每股指标,每股资本公积金,20201231,7.436614
300866,安克创新,每股指标,每股盈余公积金,20201231,0.5
300866,安克创新,每股指标,每股留存收益,20201231,4.85585
300866,安克创新,每股指标,每股营业收入,20201231,23.011819
300866,安克创新,每股指标,每股营业总收入,20201231,23.011819
300866,安克创新,每股指标,每股息税前利润,20201231,2.440289
300866,安克创新,盈利能力,净资产收益率(ROE),20201231,26.34
300866,安克创新,盈利能力,摊薄净资产收益率,20201231,15.854966
300866,安克创新,盈利能力,净资产收益率_平均,20201231,23.250825
300866,安克创新,盈利能力,净资产收益率_平均_扣除非经常损益,20201231,19.754305
300866,安克创新,盈利能力,摊薄净资产收益率_扣除非经常损益,20201231,13.470654
300866,安克创新,盈利能力,息税前利润率,20201231,10.604505
300866,安克创新,盈利能力,总资产报酬率,20201231,19.845546
300866,安克创新,盈利能力,总资本回报率,20201231,26.46452
300866,安克创新,盈利能力,投入资本回报率,20201231,22.899121
300866,安克创新,盈利能力,息前税后总资产报酬率_平均,20201231,17.950984
300866,安克创新,盈利能力,毛利率,20201231,43.853831
300866,安克创新,盈利能力,销售净利率,20201231,9.568104
300866,安克创新,盈利能力,成本费用利润率,20201231,11.75339
300866,安克创新,盈利能力,营业利润率,20201231,10.766183
300866,安克创新,盈利能力,总资产净利率_平均,20201231,17.126893
300866,安克创新,盈利能力,总资产净利率_平均(含少数股东损益),20201231,17.905998
300866,安克创新,成长能力,归母净利润,20201231,855932830.11
300866,安克创新,成长能力,营业总收入,20201231,9352629343.29
300866,安克创新,成长能力,净利润,20201231,894869336.24
300866,安克创新,成长能力,扣非净利润,20201231,727215391.09
300866,安克创新,成长能力,营业总收入增长率,20201231,40.540906
300866,安克创新,成长能力,归属母公司净利润增长率,20201231,18.701441
300866,安克创新,收益质量,经营活动净现金/销售收入,20201231,0.02008
300866,安克创新,收益质量,经营性现金净流量/营业总收入,20201231,0.02008
300866,安克创新,收益质量,成本费用率,20201231,90.02055
300866,安克创新,收益质量,期间费用率,20201231,33.874382
300866,安克创新,收益质量,销售成本率,20201231,56.146168
300866,安克创新,收益质量,经营活动净现金/归属母公司的净利润,20201231,0.219411
300866,安克创新,收益质量,所得税/利润总额,20201231,9.568221
300866,安克创新,财务风险,流动比率,20201231,4.819199
300866,安克创新,财务风险,速动比率,20201231,3.624431
300866,安克创新,财务风险,保守速动比率,20201231,2.438108
300866,安克创新,财务风险,资产负债率,20201231,21.75053
300866,安克创新,财务风险,权益乘数,20201231,1.357562
300866,安克创新,财务风险,权益乘数(含少数股权的净资产),20201231,1.277963
300866,安克创新,财务风险,产权比率,20201231,28.133401
300866,安克创新,财务风险,现金比率,20201231,1.78583
300866,安克创新,营运能力,应收账款周转率,20201231,13.634007
300866,安克创新,营运能力,应收账款周转天数,20201231,26.404561
300866,安克创新,营运能力,存货周转率,20201231,3.880158
300866,安克创新,营运能力,存货周转天数,20201231,92.779715
300866,安克创新,营运能力,总资产周转率,20201231,1.871425
300866,安克创新,营运能力,总资产周转天数,20201231,192.366682
300866,安克创新,营运能力,流动资产周转率,20201231,2.066766
300866,安克创新,营运能力,流动资产周转天数,20201231,174.185171
300866,安克创新,营运能力,应付账款周转率,20201231,10.245844
300866,安克创新,常用指标,归母净利润,20200930,532781060.16
300866,安克创新,常用指标,营业总收入,20200930,6018588473.84
300866,安克创新,常用指标,营业成本,20200930,5305116162.45
300866,安克创新,常用指标,净利润,20200930,561656813.42
300866,安克创新,常用指标,扣非净利润,20200930,479386364.62
300866,安克创新,常用指标,股东权益合计(净资产),20200930,5120395041.21
300866,安克创新,常用指标,商誉,20200930,
300866,安克创新,常用指标,经营现金流量净额,20200930,60906512.29
300866,安克创新,常用指标,基本每股收益,20200930,1.44
300866,安克创新,常用指标,每股净资产,20200930,12.47217
300866,安克创新,常用指标,每股现金流,20200930,0.149858
300866,安克创新,常用指标,净资产收益率(ROE),20200930,19.25
300866,安克创新,常用指标,总资产报酬率(ROA),20200930,13.673349
300866,安克创新,常用指标,毛利率,20200930,44.714477
300866,安克创新,常用指标,销售净利率,20200930,9.332035
300866,安克创新,常用指标,期间费用率,20200930,32.821255
300866,安克创新,常用指标,资产负债率,20200930,21.858644
300866,安克创新,每股指标,基本每股收益,20200930,1.44
300866,安克创新,每股指标,稀释每股收益,20200930,1.44
300866,安克创新,每股指标,摊薄每股收益_最新股数,20200930,0.906006
300866,安克创新,每股指标,摊薄每股净资产_期末股数,20200930,12.47217
300866,安克创新,每股指标,调整每股净资产_期末股数,20200930,12.151969
300866,安克创新,每股指标,每股净资产_最新股数,20200930,8.62
300866,安克创新,每股指标,每股经营现金流,20200930,0.149858
300866,安克创新,每股指标,每股现金流量净额,20200930,-0.940291
300866,安克创新,每股指标,每股企业自由现金流量,20200930,
300866,安克创新,每股指标,每股股东自由现金流量,20200930,
300866,安克创新,每股指标,每股未分配利润,20200930,3.590829
300866,安克创新,每股指标,每股资本公积金,20200930,7.334362
300866,安克创新,每股指标,每股盈余公积金,20200930,0.469917
300866,安克创新,每股指标,每股留存收益,20200930,4.060746
300866,安克创新,每股指标,每股营业收入,20200930,14.808527
300866,安克创新,每股指标,每股营业总收入,20200930,14.808527
300866,安克创新,每股指标,每股息税前利润,20200930,1.608995
300866,安克创新,盈利能力,净资产收益率(ROE),20200930,19.25
300866,安克创新,盈利能力,摊薄净资产收益率,20200930,10.510514
300866,安克创新,盈利能力,净资产收益率_平均,20200930,15.150641
300866,安克创新,盈利能力,净资产收益率_平均_扣除非经常损益,20200930,13.632261
300866,安克创新,盈利能力,摊薄净资产收益率_扣除非经常损益,20200930,9.457162
300866,安克创新,盈利能力,息税前利润率,20200930,10.865331
300866,安克创新,盈利能力,总资产报酬率,20200930,13.673349
300866,安克创新,盈利能力,总资本回报率,20200930,18.378309
300866,安克创新,盈利能力,投入资本回报率,20200930,15.014426
300866,安克创新,盈利能力,息前税后总资产报酬率_平均,20200930,11.77441
300866,安克创新,盈利能力,毛利率,20200930,44.714477
300866,安克创新,盈利能力,销售净利率,20200930,9.332035
300866,安克创新,盈利能力,成本费用利润率,20200930,12.304388
300866,安克创新,盈利能力,营业利润率,20200930,10.94794
300866,安克创新,盈利能力,总资产净利率_平均,20200930,11.140022
300866,安克创新,盈利能力,总资产净利率_平均(含少数股东损益),20200930,11.743791
300866,安克创新,成长能力,归母净利润,20200930,532781060.16
300866,安克创新,成长能力,营业总收入,20200930,6018588473.84
300866,安克创新,成长能力,净利润,20200930,561656813.42
300866,安克创新,成长能力,扣非净利润,20200930,479386364.62
300866,安克创新,成长能力,营业总收入增长率,20200930,32.447074
300866,安克创新,成长能力,归属母公司净利润增长率,20200930,15.679218
300866,安克创新,收益质量,经营活动净现金/销售收入,20200930,0.010119
300866,安克创新,收益质量,经营性现金净流量/营业总收入,20200930,0.010119
300866,安克创新,收益质量,成本费用率,20200930,88.106777
300866,安克创新,收益质量,期间费用率,20200930,32.821255
300866,安克创新,收益质量,销售成本率,20200930,55.285522
300866,安克创新,收益质量,经营活动净现金/归属母公司的净利润,20200930,0.114318
300866,安克创新,收益质量,所得税/利润总额,20200930,13.919054
300866,安克创新,财务风险,流动比率,20200930,4.597241
300866,安克创新,财务风险,速动比率,20200930,3.341777
300866,安克创新,财务风险,保守速动比率,20200930,2.455526
300866,安克创新,财务风险,资产负债率,20200930,21.858644
300866,安克创新,财务风险,权益乘数,20200930,1.360018
300866,安克创新,财务风险,权益乘数(含少数股权的净资产),20200930,1.279732
300866,安克创新,财务风险,产权比率,20200930,28.256667
300866,安克创新,财务风险,现金比率,20200930,1.935431
300866,安克创新,营运能力,应收账款周转率,20200930,10.073459
300866,安克创新,营运能力,应收账款周转天数,20200930,26.803104
300866,安克创新,营运能力,存货周转率,20200930,2.389917
300866,安克创新,营运能力,存货周转天数,20200930,112.974615
300866,安克创新,营运能力,总资产周转率,20200930,1.258438
300866,安克创新,营运能力,总资产周转天数,20200930,214.551637
300866,安克创新,营运能力,流动资产周转率,20200930,1.376501
300866,安克创新,营运能力,流动资产周转天数,20200930,196.149377
300866,安克创新,营运能力,应付账款周转率,20200930,5.689524
300866,安克创新,常用指标,归母净利润,20200630,276563442.55
300866,安克创新,常用指标,营业总收入,20200630,3527713393.54
300866,安克创新,常用指标,营业成本,20200630,3112670520.62
300866,安克创新,常用指标,净利润,20200630,276165251.98
300866,安克创新,常用指标,扣非净利润,20200630,244472141.43
300866,安克创新,常用指标,股东权益合计(净资产),20200630,2281234293.23
300866,安克创新,常用指标,商誉,20200630,
300866,安克创新,常用指标,经营现金流量净额,20200630,184088641.92
300866,安克创新,常用指标,基本每股收益,20200630,0.76
300866,安克创新,常用指标,每股净资产,20200630,6.182513
300866,安克创新,常用指标,每股现金流,20200630,0.503762
300866,安克创新,常用指标,净资产收益率(ROE),20200630,13.1
300866,安克创新,常用指标,总资产报酬率(ROA),20200630,10.211875
300866,安克创新,常用指标,毛利率,20200630,44.878651
300866,安克创新,常用指标,销售净利率,20200630,7.828449
300866,安克创新,常用指标,期间费用率,20200630,33.065085
300866,安克创新,常用指标,资产负债率,20200630,32.61253
300866,安克创新,每股指标,基本每股收益,20200630,0.76
300866,安克创新,每股指标,稀释每股收益,20200630,0.76
300866,安克创新,每股指标,摊薄每股收益_最新股数,20200630,0.470302
300866,安克创新,每股指标,摊薄每股净资产_期末股数,20200630,6.182513
300866,安克创新,每股指标,调整每股净资产_期末股数,20200630,5.882802
300866,安克创新,每股指标,每股净资产_最新股数,20200630,3.841921
300866,安克创新,每股指标,每股经营现金流,20200630,0.503762
300866,安克创新,每股指标,每股现金流量净额,20200630,0.589149
300866,安克创新,每股指标,每股企业自由现金流量,20200630,
300866,安克创新,每股指标,每股股东自由现金流量,20200630,
300866,安克创新,每股指标,每股未分配利润,20200630,3.350945
300866,安克创新,每股指标,每股资本公积金,20200630,1.221648
300866,安克创新,每股指标,每股盈余公积金,20200630,0.464261
300866,安克创新,每股指标,每股留存收益,20200630,3.815206
300866,安克创新,每股指标,每股营业收入,20200630,9.653669
300866,安克创新,每股指标,每股营业总收入,20200630,9.653669
300866,安克创新,每股指标,每股息税前利润,20200630,0.893917
300866,安克创新,盈利能力,净资产收益率(ROE),20200630,13.1
300866,安克创新,盈利能力,摊薄净资产收益率,20200630,12.241335
300866,安克创新,盈利能力,净资产收益率_平均,20200630,13.096891
300866,安克创新,盈利能力,净资产收益率_平均_扣除非经常损益,20200630,11.577181
300866,安克创新,盈利能力,摊薄净资产收益率_扣除非经常损益,20200630,10.8209
300866,安克创新,盈利能力,息税前利润率,20200630,9.259876
300866,安克创新,盈利能力,总资产报酬率,20200630,10.211875
300866,安克创新,盈利能力,总资本回报率,20200630,15.338497
300866,安克创新,盈利能力,投入资本回报率,20200630,13.029167
300866,安克创新,盈利能力,息前税后总资产报酬率_平均,20200630,8.66195
300866,安克创新,盈利能力,毛利率,20200630,44.878651
300866,安克创新,盈利能力,销售净利率,20200630,7.828449
300866,安克创新,盈利能力,成本费用利润率,20200630,10.470866
300866,安克创新,盈利能力,营业利润率,20200630,9.382683
300866,安克创新,盈利能力,总资产净利率_平均,20200630,8.645732
300866,安克创新,盈利能力,总资产净利率_平均(含少数股东损益),20200630,8.633284
300866,安克创新,成长能力,归母净利润,20200630,276563442.55
300866,安克创新,成长能力,营业总收入,20200630,3527713393.54
300866,安克创新,成长能力,净利润,20200630,276165251.98
300866,安克创新,成长能力,扣非净利润,20200630,244472141.43
300866,安克创新,成长能力,营业总收入增长率,20200630,24.521084
300866,安克创新,成长能力,归属母公司净利润增长率,20200630,8.270343
300866,安克创新,收益质量,经营活动净现金/销售收入,20200630,0.052183
300866,安克创新,收益质量,经营性现金净流量/营业总收入,20200630,0.052183
300866,安克创新,收益质量,成本费用率,20200630,88.186433
300866,安克创新,收益质量,期间费用率,20200630,33.065085
300866,安克创新,收益质量,销售成本率,20200630,55.121348
300866,安克创新,收益质量,经营活动净现金/归属母公司的净利润,20200630,0.665628
300866,安克创新,收益质量,所得税/利润总额,20200630,15.220402
300866,安克创新,财务风险,流动比率,20200630,3.012394
300866,安克创新,财务风险,速动比率,20200630,1.795944
300866,安克创新,财务风险,保守速动比率,20200630,1.626667
300866,安克创新,财务风险,资产负债率,20200630,32.61253
300866,安克创新,财务风险,权益乘数,20200630,1.514838
300866,安克创新,财务风险,权益乘数(含少数股权的净资产),20200630,1.483955
300866,安克创新,财务风险,产权比率,20200630,48.866278
300866,安克创新,财务风险,现金比率,20200630,1.10827
300866,安克创新,营运能力,应收账款周转率,20200630,6.96234
300866,安克创新,营运能力,应收账款周转天数,20200630,25.853374
300866,安克创新,营运能力,存货周转率,20200630,1.682143
300866,安克创新,营运能力,存货周转天数,20200630,107.00632
300866,安克创新,营运能力,总资产周转率,20200630,1.102809
300866,安克创新,营运能力,总资产周转天数,20200630,163.219549
300866,安克创新,营运能力,流动资产周转率,20200630,1.260301
300866,安克创新,营运能力,流动资产周转天数,20200630,142.822954
300866,安克创新,营运能力,应付账款周转率,20200630,3.590761
300866,安克创新,常用指标,归母净利润,20200331,138819079.32
300866,安克创新,常用指标,营业总收入,20200331,1536572827.32
300866,安克创新,常用指标,营业成本,20200331,1344879249.77
300866,安克创新,常用指标,净利润,20200331,138644147.13
300866,安克创新,常用指标,扣非净利润,20200331,130057467.58
300866,安克创新,常用指标,股东权益合计(净资产),20200331,
300866,安克创新,常用指标,商誉,20200331,
300866,安克创新,常用指标,经营现金流量净额,20200331,-37435290.14
300866,安克创新,常用指标,基本每股收益,20200331,0.38
300866,安克创新,常用指标,每股净资产,20200331,
300866,安克创新,常用指标,每股现金流,20200331,-0.102442
300866,安克创新,常用指标,净资产收益率(ROE),20200331,6.81
300866,安克创新,常用指标,总资产报酬率(ROA),20200331,
300866,安克创新,常用指标,毛利率,20200331,43.217495
300866,安克创新,常用指标,销售净利率,20200331,9.022946
300866,安克创新,常用指标,期间费用率,20200331,30.714301
300866,安克创新,常用指标,资产负债率,20200331,
300866,安克创新,每股指标,基本每股收益,20200331,0.38
300866,安克创新,每股指标,稀释每股收益,20200331,0.38
300866,安克创新,每股指标,摊薄每股收益_最新股数,20200331,0.236065
300866,安克创新,每股指标,摊薄每股净资产_期末股数,20200331,
300866,安克创新,每股指标,调整每股净资产_期末股数,20200331,
300866,安克创新,每股指标,每股净资产_最新股数,20200331,
300866,安克创新,每股指标,每股经营现金流,20200331,-0.102442
300866,安克创新,每股指标,每股现金流量净额,20200331,-1.219703
300866,安克创新,每股指标,每股企业自由现金流量,20200331,
300866,安克创新,每股指标,每股股东自由现金流量,20200331,
300866,安克创新,每股指标,每股未分配利润,20200331,
300866,安克创新,每股指标,每股资本公积金,20200331,
300866,安克创新,每股指标,每股盈余公积金,20200331,
300866,安克创新,每股指标,每股留存收益,20200331,
300866,安克创新,每股指标,每股营业收入,20200331,4.204867
300866,安克创新,每股指标,每股营业总收入,20200331,4.204867
300866,安克创新,每股指标,每股息税前利润,20200331,0.469504
300866,安克创新,盈利能力,净资产收益率(ROE),20200331,6.81
300866,安克创新,盈利能力,摊薄净资产收益率,20200331,
300866,安克创新,盈利能力,净资产收益率_平均,20200331,
300866,安克创新,盈利能力,净资产收益率_平均_扣除非经常损益,20200331,
300866,安克创新,盈利能力,摊薄净资产收益率_扣除非经常损益,20200331,
300866,安克创新,盈利能力,息税前利润率,20200331,11.165728
300866,安克创新,盈利能力,总资产报酬率,20200331,
300866,安克创新,盈利能力,总资本回报率,20200331,
300866,安克创新,盈利能力,投入资本回报率,20200331,
300866,安克创新,盈利能力,息前税后总资产报酬率_平均,20200331,
300866,安克创新,盈利能力,毛利率,20200331,43.217495
300866,安克创新,盈利能力,销售净利率,20200331,9.022946
300866,安克创新,盈利能力,成本费用利润率,20200331,12.710861
300866,安克创新,盈利能力,营业利润率,20200331,11.475706
300866,安克创新,盈利能力,总资产净利率_平均,20200331,
300866,安克创新,盈利能力,总资产净利率_平均(含少数股东损益),20200331,
300866,安克创新,成长能力,归母净利润,20200331,138819079.32
300866,安克创新,成长能力,营业总收入,20200331,1536572827.32
300866,安克创新,成长能力,净利润,20200331,138644147.13
300866,安克创新,成长能力,扣非净利润,20200331,130057467.58
300866,安克创新,成长能力,营业总收入增长率,20200331,
300866,安克创新,成长能力,归属母公司净利润增长率,20200331,
300866,安克创新,收益质量,经营活动净现金/销售收入,20200331,-0.024362
300866,安克创新,收益质量,经营性现金净流量/营业总收入,20200331,-0.024362
300866,安克创新,收益质量,成本费用率,20200331,87.496805
300866,安克创新,收益质量,期间费用率,20200331,30.714301
300866,安克创新,收益质量,销售成本率,20200331,56.782504
300866,安克创新,收益质量,经营活动净现金/归属母公司的净利润,20200331,-0.269669
300866,安克创新,收益质量,所得税/利润总额,20200331,18.87005
300866,安克创新,财务风险,流动比率,20200331,
300866,安克创新,财务风险,速动比率,20200331,
300866,安克创新,财务风险,保守速动比率,20200331,
300866,安克创新,财务风险,资产负债率,20200331,
300866,安克创新,财务风险,权益乘数,20200331,
300866,安克创新,财务风险,权益乘数(含少数股权的净资产),20200331,
300866,安克创新,财务风险,产权比率,20200331,
300866,安克创新,财务风险,现金比率,20200331,
300866,安克创新,营运能力,应收账款周转率,20200331,
300866,安克创新,营运能力,应收账款周转天数,20200331,
300866,安克创新,营运能力,存货周转率,20200331,
300866,安克创新,营运能力,存货周转天数,20200331,
300866,安克创新,营运能力,总资产周转率,20200331,
300866,安克创新,营运能力,总资产周转天数,20200331,
300866,安克创新,营运能力,流动资产周转率,20200331,
300866,安克创新,营运能力,流动资产周转天数,20200331,
300866,安克创新,营运能力,应付账款周转率,20200331,
300866,安克创新,常用指标,归母净利润,20191231,721080402.18
300866,安克创新,常用指标,营业总收入,20191231,6654738184.93
300866,安克创新,常用指标,营业成本,20191231,5973829759.3
300866,安克创新,常用指标,净利润,20191231,721734458.99
300866,安克创新,常用指标,扣非净利润,20191231,575883190.27
300866,安克创新,常用指标,股东权益合计(净资产),20191231,1985755033.24
300866,安克创新,常用指标,商誉,20191231,
300866,安克创新,常用指标,经营现金流量净额,20191231,383415813.34
300866,安克创新,常用指标,基本每股收益,20191231,1.97
300866,安克创新,常用指标,每股净资产,20191231,5.374767
300866,安克创新,常用指标,每股现金流,20191231,1.049226
300866,安克创新,常用指标,净资产收益率(ROE),20191231,44.2
300866,安克创新,常用指标,总资产报酬率(ROA),20191231,31.585734
300866,安克创新,常用指标,毛利率,20191231,49.909124
300866,安克创新,常用指标,销售净利率,20191231,10.845422
300866,安克创新,常用指标,期间费用率,20191231,39.645933
300866,安克创新,常用指标,资产负债率,20191231,34.081433
300866,安克创新,每股指标,基本每股收益,20191231,1.97
300866,安克创新,每股指标,稀释每股收益,20191231,1.97
300866,安克创新,每股指标,摊薄每股收益_最新股数,20191231,1.226213
300866,安克创新,每股指标,摊薄每股净资产_期末股数,20191231,5.374767
300866,安克创新,每股指标,调整每股净资产_期末股数,20191231,5.173315
300866,安克创新,每股指标,每股净资产_最新股数,20191231,3.339973
300866,安克创新,每股指标,每股经营现金流,20191231,1.049226
300866,安克创新,每股指标,每股现金流量净额,20191231,0.739632
300866,安克创新,每股指标,每股企业自由现金流量,20191231,0.530104
300866,安克创新,每股指标,每股股东自由现金流量,20191231,0.569075
300866,安克创新,每股指标,每股未分配利润,20191231,2.594122
300866,安克创新,每股指标,每股资本公积金,20191231,1.199044
300866,安克创新,每股指标,每股盈余公积金,20191231,0.464261
300866,安克创新,每股指标,每股留存收益,20191231,3.058384
300866,安克创新,每股指标,每股营业收入,20191231,18.210844
300866,安克创新,每股指标,每股营业总收入,20191231,18.210844
300866,安克创新,每股指标,每股息税前利润,20191231,2.188176
300866,安克创新,盈利能力,净资产收益率(ROE),20191231,44.2
300866,安克创新,盈利能力,摊薄净资产收益率,20191231,36.713277
300866,安克创新,盈利能力,净资产收益率_平均,20191231,43.592375
300866,安克创新,盈利能力,净资产收益率_平均_扣除非经常损益,20191231,34.814586
300866,安克创新,盈利能力,摊薄净资产收益率_扣除非经常损益,20191231,29.320668
300866,安克创新,盈利能力,息税前利润率,20191231,12.01579
300866,安克创新,盈利能力,总资产报酬率,20191231,31.585734
300866,安克创新,盈利能力,总资本回报率,20191231,48.289584
300866,安克创新,盈利能力,投入资本回报率,20191231,43.552303
300866,安克创新,盈利能力,息前税后总资产报酬率_平均,20191231,28.512962
300866,安克创新,盈利能力,毛利率,20191231,49.909124
300866,安克创新,盈利能力,销售净利率,20191231,10.845422
300866,安克创新,盈利能力,成本费用利润率,20191231,13.388442
300866,安克创新,盈利能力,营业利润率,20191231,12.104799
300866,安克创新,盈利能力,总资产净利率_平均,20191231,28.483369
300866,安克创新,盈利能力,总资产净利率_平均(含少数股东损益),20191231,28.509204
300866,安克创新,成长能力,归母净利润,20191231,721080402.18
300866,安克创新,成长能力,营业总收入,20191231,6654738184.93
300866,安克创新,成长能力,净利润,20191231,721734458.99
300866,安克创新,成长能力,扣非净利润,20191231,575883190.27
300866,安克创新,成长能力,营业总收入增长率,20191231,27.187702
300866,安克创新,成长能力,归属母公司净利润增长率,20191231,68.849086
300866,安克创新,收益质量,经营活动净现金/销售收入,20191231,0.057615
300866,安克创新,收益质量,经营性现金净流量/营业总收入,20191231,0.057615
300866,安克创新,收益质量,成本费用率,20191231,89.736809
300866,安克创新,收益质量,期间费用率,20191231,39.645933
300866,安克创新,收益质量,销售成本率,20191231,50.090875
300866,安克创新,收益质量,经营活动净现金/归属母公司的净利润,20191231,0.531724
300866,安克创新,收益质量,所得税/利润总额,20191231,9.729512
300866,安克创新,财务风险,流动比率,20191231,2.805512
300866,安克创新,财务风险,速动比率,20191231,1.618065
300866,安克创新,财务风险,保守速动比率,20191231,1.470051
300866,安克创新,财务风险,资产负债率,20191231,34.081433
300866,安克创新,财务风险,权益乘数,20191231,1.53045
300866,安克创新,财务风险,权益乘数(含少数股权的净资产),20191231,1.517023
300866,安克创新,财务风险,产权比率,20191231,52.272735
300866,安克创新,财务风险,现金比率,20191231,0.934135
300866,安克创新,营运能力,应收账款周转率,20191231,15.617545
300866,安克创新,营运能力,应收账款周转天数,20191231,23.050997
300866,安克创新,营运能力,存货周转率,20191231,3.512346
300866,安克创新,营运能力,存货周转天数,20191231,102.495582
300866,安克创新,营运能力,总资产周转率,20191231,2.628685
300866,安克创新,营运能力,总资产周转天数,20191231,136.950575
300866,安克创新,营运能力,流动资产周转率,20191231,2.988451
300866,安克创新,营运能力,流动资产周转天数,20191231,120.463711
300866,安克创新,营运能力,应付账款周转率,20191231,7.326726
300866,安克创新,常用指标,归母净利润,20190930,460567650.69
300866,安克创新,常用指标,营业总收入,20190930,4544146035.78
300866,安克创新,常用指标,营业成本,20190930,4023508895.92
300866,安克创新,常用指标,净利润,20190930,460415409.8
300866,安克创新,常用指标,扣非净利润,20190930,
300866,安克创新,常用指标,股东权益合计(净资产),20190930,
300866,安克创新,常用指标,商誉,20190930,
300866,安克创新,常用指标,经营现金流量净额,20190930,322588146.95
300866,安克创新,常用指标,基本每股收益,20190930,
300866,安克创新,常用指标,每股净资产,20190930,
300866,安克创新,常用指标,每股现金流,20190930,0.882769
300866,安克创新,常用指标,净资产收益率(ROE),20190930,
300866,安克创新,常用指标,总资产报酬率(ROA),20190930,
300866,安克创新,常用指标,毛利率,20190930,50.203227
300866,安克创新,常用指标,销售净利率,20190930,10.132055
300866,安克创新,常用指标,期间费用率,20190930,38.706472
300866,安克创新,常用指标,资产负债率,20190930,
300866,安克创新,每股指标,基本每股收益,20190930,
300866,安克创新,每股指标,稀释每股收益,20190930,
300866,安克创新,每股指标,摊薄每股收益_最新股数,20190930,0.783205
300866,安克创新,每股指标,摊薄每股净资产_期末股数,20190930,
300866,安克创新,每股指标,调整每股净资产_期末股数,20190930,
300866,安克创新,每股指标,每股净资产_最新股数,20190930,
300866,安克创新,每股指标,每股经营现金流,20190930,0.882769
300866,安克创新,每股指标,每股现金流量净额,20190930,-0.599387
300866,安克创新,每股指标,每股企业自由现金流量,20190930,
300866,安克创新,每股指标,每股股东自由现金流量,20190930,
300866,安克创新,每股指标,每股未分配利润,20190930,
300866,安克创新,每股指标,每股资本公积金,20190930,
300866,安克创新,每股指标,每股盈余公积金,20190930,
300866,安克创新,每股指标,每股留存收益,20190930,
300866,安克创新,每股指标,每股营业收入,20190930,12.43516
300866,安克创新,每股指标,每股营业总收入,20190930,12.43516
300866,安克创新,每股指标,每股息税前利润,20190930,1.522093
300866,安克创新,盈利能力,净资产收益率(ROE),20190930,
300866,安克创新,盈利能力,摊薄净资产收益率,20190930,
300866,安克创新,盈利能力,净资产收益率_平均,20190930,
300866,安克创新,盈利能力,净资产收益率_平均_扣除非经常损益,20190930,
300866,安克创新,盈利能力,摊薄净资产收益率_扣除非经常损益,20190930,
300866,安克创新,盈利能力,息税前利润率,20190930,12.240241
300866,安克创新,盈利能力,总资产报酬率,20190930,
300866,安克创新,盈利能力,总资本回报率,20190930,
300866,安克创新,盈利能力,投入资本回报率,20190930,
300866,安克创新,盈利能力,息前税后总资产报酬率_平均,20190930,
300866,安克创新,盈利能力,毛利率,20190930,50.203227
300866,安克创新,盈利能力,销售净利率,20190930,10.132055
300866,安克创新,盈利能力,成本费用利润率,20190930,13.827626
300866,安克创新,盈利能力,营业利润率,20190930,12.326053
300866,安克创新,盈利能力,总资产净利率_平均,20190930,
300866,安克创新,盈利能力,总资产净利率_平均(含少数股东损益),20190930,
300866,安克创新,成长能力,归母净利润,20190930,460567650.69
300866,安克创新,成长能力,营业总收入,20190930,4544146035.78
300866,安克创新,成长能力,净利润,20190930,460415409.8
300866,安克创新,成长能力,扣非净利润,20190930,
300866,安克创新,成长能力,营业总收入增长率,20190930,
300866,安克创新,成长能力,归属母公司净利润增长率,20190930,
300866,安克创新,收益质量,经营活动净现金/销售收入,20190930,0.070989
300866,安克创新,收益质量,经营性现金净流量/营业总收入,20190930,0.070989
300866,安克创新,收益质量,成本费用率,20190930,88.503245
300866,安克创新,收益质量,期间费用率,20190930,38.706472
300866,安克创新,收益质量,销售成本率,20190930,49.796772
300866,安克创新,收益质量,经营活动净现金/归属母公司的净利润,20190930,0.700414
300866,安克创新,收益质量,所得税/利润总额,20190930,17.20755
300866,安克创新,财务风险,流动比率,20190930,
300866,安克创新,财务风险,速动比率,20190930,
300866,安克创新,财务风险,保守速动比率,20190930,
300866,安克创新,财务风险,资产负债率,20190930,
300866,安克创新,财务风险,权益乘数,20190930,
300866,安克创新,财务风险,权益乘数(含少数股权的净资产),20190930,
300866,安克创新,财务风险,产权比率,20190930,
300866,安克创新,财务风险,现金比率,20190930,
300866,安克创新,营运能力,应收账款周转率,20190930,
300866,安克创新,营运能力,应收账款周转天数,20190930,
300866,安克创新,营运能力,存货周转率,20190930,
300866,安克创新,营运能力,存货周转天数,20190930,
300866,安克创新,营运能力,总资产周转率,20190930,
300866,安克创新,营运能力,总资产周转天数,20190930,
300866,安克创新,营运能力,流动资产周转率,20190930,
300866,安克创新,营运能力,流动资产周转天数,20190930,
300866,安克创新,营运能力,应付账款周转率,20190930,
300866,安克创新,常用指标,归母净利润,20190630,255437853.54
300866,安克创新,常用指标,营业总收入,20190630,2833024940.62
300866,安克创新,常用指标,营业成本,20190630,2528776561.32
300866,安克创新,常用指标,净利润,20190630,255636500.05
300866,安克创新,常用指标,扣非净利润,20190630,208238400.0
300866,安克创新,常用指标,股东权益合计(净资产),20190630,1505214681.52
300866,安克创新,常用指标,商誉,20190630,
300866,安克创新,常用指标,经营现金流量净额,20190630,227716723.92
300866,安克创新,常用指标,基本每股收益,20190630,0.7
300866,安克创新,常用指标,每股净资产,20190630,4.063855
300866,安克创新,常用指标,每股现金流,20190630,0.623152
300866,安克创新,常用指标,净资产收益率(ROE),20190630,17.77
300866,安克创新,常用指标,总资产报酬率(ROA),20190630,14.148432
300866,安克创新,常用指标,毛利率,20190630,50.090614
300866,安克创新,常用指标,销售净利率,20190630,9.023446
300866,安克创新,常用指标,期间费用率,20190630,39.330692
300866,安克创新,常用指标,资产负债率,20190630,34.237077
300866,安克创新,每股指标,基本每股收益,20190630,0.7
300866,安克创新,每股指标,稀释每股收益,20190630,0.7
300866,安克创新,每股指标,摊薄每股收益_最新股数,20190630,0.434377
300866,安克创新,每股指标,摊薄每股净资产_期末股数,20190630,4.063855
300866,安克创新,每股指标,调整每股净资产_期末股数,20190630,3.919877
300866,安克创新,每股指标,每股净资产_最新股数,20190630,2.52535
300866,安克创新,每股指标,每股经营现金流,20190630,0.623152
300866,安克创新,每股指标,每股现金流量净额,20190630,0.300906
300866,安克创新,每股指标,每股企业自由现金流量,20190630,
300866,安克创新,每股指标,每股股东自由现金流量,20190630,
300866,安克创新,每股指标,每股未分配利润,20190630,1.474679
300866,安克创新,每股指标,每股资本公积金,20190630,1.186463
300866,安克创新,每股指标,每股盈余公积金,20190630,0.309463
300866,安克创新,每股指标,每股留存收益,20190630,1.784143
300866,安克创新,每股指标,每股营业收入,20190630,7.752638
300866,安克创新,每股指标,每股营业总收入,20190630,7.752638
300866,安克创新,每股指标,每股息税前利润,20190630,0.840088
300866,安克创新,盈利能力,净资产收益率(ROE),20190630,17.77
300866,安克创新,盈利能力,摊薄净资产收益率,20190630,17.200697
300866,安克创新,盈利能力,净资产收益率_平均,20190630,18.056967
300866,安克创新,盈利能力,净资产收益率_平均_扣除非经常损益,20190630,14.720426
300866,安克创新,盈利能力,摊薄净资产收益率_扣除非经常损益,20190630,
300866,安克创新,盈利能力,息税前利润率,20190630,10.836169
300866,安克创新,盈利能力,总资产报酬率,20190630,14.148432
300866,安克创新,盈利能力,总资本回报率,20190630,21.572678
300866,安克创新,盈利能力,投入资本回报率,20190630,17.953322
300866,安克创新,盈利能力,息前税后总资产报酬率_平均,20190630,11.783834
300866,安克创新,盈利能力,毛利率,20190630,50.090614
300866,安克创新,盈利能力,销售净利率,20190630,9.023446
300866,安克创新,盈利能力,成本费用利润率,20190630,12.140815
300866,安克创新,盈利能力,营业利润率,20190630,10.914385
300866,安克创新,盈利能力,总资产净利率_平均,20190630,11.772465
300866,安克创新,盈利能力,总资产净利率_平均(含少数股东损益),20190630,11.78162
300866,安克创新,成长能力,归母净利润,20190630,255437853.54
300866,安克创新,成长能力,营业总收入,20190630,2833024940.62
300866,安克创新,成长能力,净利润,20190630,255636500.05
300866,安克创新,成长能力,扣非净利润,20190630,208238400.0
300866,安克创新,成长能力,营业总收入增长率,20190630,
300866,安克创新,成长能力,归属母公司净利润增长率,20190630,
300866,安克创新,收益质量,经营活动净现金/销售收入,20190630,0.080379
300866,安克创新,收益质量,经营性现金净流量/营业总收入,20190630,0.080379
300866,安克创新,收益质量,成本费用率,20190630,89.240077
300866,安克创新,收益质量,期间费用率,20190630,39.330692
300866,安克创新,收益质量,销售成本率,20190630,49.909385
300866,安克创新,收益质量,经营活动净现金/归属母公司的净利润,20190630,0.891476
300866,安克创新,收益质量,所得税/利润总额,20190630,16.715406
300866,安克创新,财务风险,流动比率,20190630,2.765157
300866,安克创新,财务风险,速动比率,20190630,1.559979
300866,安克创新,财务风险,保守速动比率,20190630,1.462233
300866,安克创新,财务风险,资产负债率,20190630,34.237077
300866,安克创新,财务风险,权益乘数,20190630,1.53383
300866,安克创新,财务风险,权益乘数(含少数股权的净资产),20190630,1.520613
300866,安克创新,财务风险,产权比率,20190630,52.76851
300866,安克创新,财务风险,现金比率,20190630,0.982146
300866,安克创新,营运能力,应收账款周转率,20190630,8.143171
300866,安克创新,营运能力,应收账款周转天数,20190630,22.104408
300866,安克创新,营运能力,存货周转率,20190630,1.709688
300866,安克创新,营运能力,存货周转天数,20190630,105.282349
300866,安克创新,营运能力,总资产周转率,20190630,1.305667
300866,安克创新,营运能力,总资产周转天数,20190630,137.860531
300866,安克创新,营运能力,流动资产周转率,20190630,1.484278
300866,安克创新,营运能力,流动资产周转天数,20190630,121.271017
300866,安克创新,营运能力,应付账款周转率,20190630,3.459959
300866,安克创新,常用指标,归母净利润,20181231,427056145.37
300866,安克创新,常用指标,营业总收入,20181231,5232218241.52
300866,安克创新,常用指标,营业成本,20181231,4714035032.2
300866,安克创新,常用指标,净利润,20181231,426782013.67
300866,安克创新,常用指标,扣非净利润,20181231,415260358.17
300866,安克创新,常用指标,股东权益合计(净资产),20181231,1363251593.65
300866,安克创新,常用指标,商誉,20181231,
300866,安克创新,常用指标,经营现金流量净额,20181231,347871458.33
300866,安克创新,常用指标,基本每股收益,20181231,1.17
300866,安克创新,常用指标,每股净资产,20181231,3.678436
300866,安克创新,常用指标,每股现金流,20181231,0.951958
300866,安克创新,常用指标,净资产收益率(ROE),20181231,36.66
300866,安克创新,常用指标,总资产报酬率(ROA),20181231,28.151727
300866,安克创新,常用指标,毛利率,20181231,50.107958
300866,安克创新,常用指标,销售净利率,20181231,8.156808
300866,安克创新,常用指标,期间费用率,20181231,40.182921
300866,安克创新,常用指标,资产负债率,20181231,33.523637
300866,安克创新,每股指标,基本每股收益,20181231,1.17
300866,安克创新,每股指标,稀释每股收益,20181231,1.17
300866,安克创新,每股指标,摊薄每股收益_最新股数,20181231,0.726218
300866,安克创新,每股指标,摊薄每股净资产_期末股数,20181231,3.678436
300866,安克创新,每股指标,调整每股净资产_期末股数,20181231,3.575149
300866,安克创新,每股指标,每股净资产_最新股数,20181231,2.285844
300866,安克创新,每股指标,每股经营现金流,20181231,0.951958
300866,安克创新,每股指标,每股现金流量净额,20181231,0.234432
300866,安克创新,每股指标,每股企业自由现金流量,20181231,0.443155
300866,安克创新,每股指标,每股股东自由现金流量,20181231,0.448116
300866,安克创新,每股指标,每股未分配利润,20181231,1.182994
300866,安克创新,每股指标,每股资本公积金,20181231,1.139925
300866,安克创新,每股指标,每股盈余公积金,20181231,0.266892
300866,安克创新,每股指标,每股留存收益,20181231,1.449887
300866,安克创新,每股指标,每股营业收入,20181231,14.318086
300866,安克创新,每股指标,每股营业总收入,20181231,14.318086
300866,安克创新,每股指标,每股息税前利润,20181231,1.369498
300866,安克创新,盈利能力,净资产收益率(ROE),20181231,36.66
300866,安克创新,盈利能力,摊薄净资产收益率,20181231,31.770267
300866,安克创新,盈利能力,净资产收益率_平均,20181231,36.182903
300866,安克创新,盈利能力,净资产收益率_平均_扣除非经常损益,20181231,35.183489
300866,安克创新,盈利能力,摊薄净资产收益率_扣除非经常损益,20181231,30.892736
300866,安克创新,盈利能力,息税前利润率,20181231,9.564813
300866,安克创新,盈利能力,总资产报酬率,20181231,28.151727
300866,安克创新,盈利能力,总资本回报率,20181231,42.309585
300866,安克创新,盈利能力,投入资本回报率,20181231,36.113967
300866,安克创新,盈利能力,息前税后总资产报酬率_平均,20181231,24.013899
300866,安克创新,盈利能力,毛利率,20181231,50.107958
300866,安克创新,盈利能力,销售净利率,20181231,8.156808
300866,安克创新,盈利能力,成本费用利润率,20181231,10.61635
300866,安克创新,盈利能力,营业利润率,20181231,9.573354
300866,安克创新,盈利能力,总资产净利率_平均,20181231,24.023024
300866,安克创新,盈利能力,总资产净利率_平均(含少数股东损益),20181231,24.007604
300866,安克创新,成长能力,归母净利润,20181231,427056145.37
300866,安克创新,成长能力,营业总收入,20181231,5232218241.52
300866,安克创新,成长能力,净利润,20181231,426782013.67
300866,安克创新,成长能力,扣非净利润,20181231,415260358.17
300866,安克创新,成长能力,营业总收入增长率,20181231,34.056131
300866,安克创新,成长能力,归属母公司净利润增长率,20181231,32.759926
300866,安克创新,收益质量,经营活动净现金/销售收入,20181231,0.066486
300866,安克创新,收益质量,经营性现金净流量/营业总收入,20181231,0.066486
300866,安克创新,收益质量,成本费用率,20181231,90.074963
300866,安克创新,收益质量,期间费用率,20181231,40.182921
300866,安克创新,收益质量,销售成本率,20181231,49.892041
300866,安克创新,收益质量,经营活动净现金/归属母公司的净利润,20181231,0.81458
300866,安克创新,收益质量,所得税/利润总额,20181231,14.701596
300866,安克创新,财务风险,流动比率,20181231,2.889854
300866,安克创新,财务风险,速动比率,20181231,1.64585
300866,安克创新,财务风险,保守速动比率,20181231,1.503253
300866,安克创新,财务风险,资产负债率,20181231,33.523637
300866,安克创新,财务风险,权益乘数,20181231,1.506176
300866,安克创新,财务风险,权益乘数(含少数股权的净资产),20181231,1.504294
300866,安克创新,财务风险,产权比率,20181231,51.14413
300866,安克创新,财务风险,现金比率,20181231,0.948887
300866,安克创新,营运能力,应收账款周转率,20181231,18.284549
300866,安克创新,营运能力,应收账款周转天数,20181231,19.688753
300866,安克创新,营运能力,存货周转率,20181231,4.368157
300866,安克创新,营运能力,存货周转天数,20181231,82.414617
300866,安克创新,营运能力,总资产周转率,20181231,2.943259
300866,安克创新,营运能力,总资产周转天数,20181231,122.31337
300866,安克创新,营运能力,流动资产周转率,20181231,3.291682
300866,安克创新,营运能力,流动资产周转天数,20181231,109.366576
300866,安克创新,营运能力,应付账款周转率,20181231,8.516505
300866,安克创新,常用指标,归母净利润,20180331,86555312.17
300866,安克创新,常用指标,营业总收入,20180331,926940463.91
300866,安克创新,常用指标,营业成本,20180331,834564670.67
300866,安克创新,常用指标,净利润,20180331,80176008.33
300866,安克创新,常用指标,扣非净利润,20180331,84048282.95
300866,安克创新,常用指标,股东权益合计(净资产),20180331,1128837017.16
300866,安克创新,常用指标,商誉,20180331,
300866,安克创新,常用指标,经营现金流量净额,20180331,-29638825.45
300866,安克创新,常用指标,基本每股收益,20180331,0.22
300866,安克创新,常用指标,每股净资产,20180331,3.060446
300866,安克创新,常用指标,每股现金流,20180331,-0.081107
300866,安克创新,常用指标,净资产收益率(ROE),20180331,8.1
300866,安克创新,常用指标,总资产报酬率(ROA),20180331,6.357667
300866,安克创新,常用指标,毛利率,20180331,51.187566
300866,安克创新,常用指标,销售净利率,20180331,8.649531
300866,安克创新,常用指标,期间费用率,20180331,41.242506
300866,安克创新,常用指标,资产负债率,20180331,28.436204
300866,安克创新,每股指标,基本每股收益,20180331,0.22
300866,安克创新,每股指标,稀释每股收益,20180331,0.22
300866,安克创新,每股指标,摊薄每股收益_最新股数,20180331,0.147189
300866,安克创新,每股指标,摊薄每股净资产_期末股数,20180331,3.060446
300866,安克创新,每股指标,调整每股净资产_期末股数,20180331,2.931722
300866,安克创新,每股指标,每股净资产_最新股数,20180331,1.901814
300866,安克创新,每股指标,每股经营现金流,20180331,-0.081107
300866,安克创新,每股指标,每股现金流量净额,20180331,-0.221313
300866,安克创新,每股指标,每股企业自由现金流量,20180331,
300866,安克创新,每股指标,每股股东自由现金流量,20180331,
300866,安克创新,每股指标,每股未分配利润,20180331,1.231335
300866,安克创新,每股指标,每股资本公积金,20180331,0.673922
300866,安克创新,每股指标,每股盈余公积金,20180331,0.166551
300866,安克创新,每股指标,每股留存收益,20180331,1.397887
300866,安克创新,每股指标,每股营业收入,20180331,2.536594
300866,安克创新,每股指标,每股营业总收入,20180331,2.536594
300866,安克创新,每股指标,每股息税前利润,20180331,0.268105
300866,安克创新,盈利能力,净资产收益率(ROE),20180331,8.1
300866,安克创新,盈利能力,摊薄净资产收益率,20180331,7.739414
300866,安克创新,盈利能力,净资产收益率_平均,20180331,8.109324
300866,安克创新,盈利能力,净资产收益率_平均_扣除非经常损益,20180331,7.874442
300866,安克创新,盈利能力,摊薄净资产收益率_扣除非经常损益,20180331,7.515246
300866,安克创新,盈利能力,息税前利润率,20180331,10.56951
300866,安克创新,盈利能力,总资产报酬率,20180331,6.357667
300866,安克创新,盈利能力,总资本回报率,20180331,9.100045
300866,安克创新,盈利能力,投入资本回报率,20180331,8.594288
300866,安克创新,盈利能力,息前税后总资产报酬率_平均,20180331,5.20278
300866,安克创新,盈利能力,毛利率,20180331,51.187566
300866,安克创新,盈利能力,销售净利率,20180331,8.649531
300866,安克创新,盈利能力,成本费用利润率,20180331,11.021236
300866,安克创新,盈利能力,营业利润率,20180331,9.94043
300866,安克创新,盈利能力,总资产净利率_平均,20180331,5.616746
300866,安克创新,盈利能力,总资产净利率_平均(含少数股东损益),20180331,5.20278
300866,安克创新,成长能力,归母净利润,20180331,86555312.17
300866,安克创新,成长能力,营业总收入,20180331,926940463.91
300866,安克创新,成长能力,净利润,20180331,80176008.33
300866,安克创新,成长能力,扣非净利润,20180331,84048282.95
300866,安克创新,成长能力,营业总收入增长率,20180331,
300866,安克创新,成长能力,归属母公司净利润增长率,20180331,
300866,安克创新,收益质量,经营活动净现金/销售收入,20180331,-0.031974
300866,安克创新,收益质量,经营性现金净流量/营业总收入,20180331,-0.031974
300866,安克创新,收益质量,成本费用率,20180331,90.05494
300866,安克创新,收益质量,期间费用率,20180331,41.242506
300866,安克创新,收益质量,销售成本率,20180331,48.812433
300866,安克创新,收益质量,经营活动净现金/归属母公司的净利润,20180331,-0.342426
300866,安克创新,收益质量,所得税/利润总额,20180331,12.852538
300866,安克创新,财务风险,流动比率,20180331,3.307174
300866,安克创新,财务风险,速动比率,20180331,1.923297
300866,安克创新,财务风险,保守速动比率,20180331,1.50365
300866,安克创新,财务风险,资产负债率,20180331,28.436204
300866,安克创新,财务风险,权益乘数,20180331,1.443776
300866,安克创新,财务风险,权益乘数(含少数股权的净资产),20180331,1.397354
300866,安克创新,财务风险,产权比率,20180331,40.107341
300866,安克创新,财务风险,现金比率,20180331,1.069775
300866,安克创新,营运能力,应收账款周转率,20180331,4.578151
300866,安克创新,营运能力,应收账款周转天数,20180331,19.658587
300866,安克创新,营运能力,存货周转率,20180331,0.913724
300866,安克创新,营运能力,存货周转天数,20180331,98.49792
300866,安克创新,营运能力,总资产周转率,20180331,0.60151
300866,安克创新,营运能力,总资产周转天数,20180331,149.623423
300866,安克创新,营运能力,流动资产周转率,20180331,0.676199
300866,安克创新,营运能力,流动资产周转天数,20180331,133.09687
300866,安克创新,营运能力,应付账款周转率,20180331,2.014427
300866,安克创新,常用指标,归母净利润,20171231,321675491.72
300866,安克创新,常用指标,营业总收入,20171231,3903005543.49
300866,安克创新,常用指标,营业成本,20171231,3574456600.52
300866,安克创新,常用指标,净利润,20171231,328572031.3
300866,安克创新,常用指标,扣非净利润,20171231,252318806.23
300866,安克创新,常用指标,股东权益合计(净资产),20171231,1030340799.05
300866,安克创新,常用指标,商誉,20171231,
300866,安克创新,常用指标,经营现金流量净额,20171231,97230866.09
300866,安克创新,常用指标,基本每股收益,20171231,0.91
300866,安克创新,常用指标,每股净资产,20171231,2.781238
300866,安克创新,常用指标,每股现金流,20171231,0.266074
300866,安克创新,常用指标,净资产收益率(ROE),20171231,39.72
300866,安克创新,常用指标,总资产报酬率(ROA),20171231,33.269579
300866,安克创新,常用指标,毛利率,20171231,52.017974
300866,安克创新,常用指标,销售净利率,20171231,8.418436
300866,安克创新,常用指标,期间费用率,20171231,43.554861
300866,安克创新,常用指标,资产负债率,20171231,31.523299
300866,安克创新,每股指标,基本每股收益,20171231,0.91
300866,安克创新,每股指标,稀释每股收益,20171231,0.91
300866,安克创新,每股指标,摊薄每股收益_最新股数,20171231,0.547016
300866,安克创新,每股指标,摊薄每股净资产_期末股数,20171231,2.781238
300866,安克创新,每股指标,调整每股净资产_期末股数,20171231,2.691128
300866,安克创新,每股指标,每股净资产_最新股数,20171231,1.72831
300866,安克创新,每股指标,每股经营现金流,20171231,0.266074
300866,安克创新,每股指标,每股现金流量净额,20171231,0.80217
300866,安克创新,每股指标,每股企业自由现金流量,20171231,-0.636019
300866,安克创新,每股指标,每股股东自由现金流量,20171231,-0.636524
300866,安克创新,每股指标,每股未分配利润,20171231,0.604615
300866,安克创新,每股指标,每股资本公积金,20171231,0.999499
300866,安克创新,每股指标,每股盈余公积金,20171231,0.157727
300866,安克创新,每股指标,每股留存收益,20171231,0.762342
300866,安克创新,每股指标,每股营业收入,20171231,10.680664
300866,安克创新,每股指标,每股营业总收入,20171231,10.680664
300866,安克创新,每股指标,每股息税前利润,20171231,1.069537
300866,安克创新,盈利能力,净资产收益率(ROE),20171231,39.72
300866,安克创新,盈利能力,摊薄净资产收益率,20171231,31.650369
300866,安克创新,盈利能力,净资产收益率_平均,20171231,43.443518
300866,安克创新,盈利能力,净资产收益率_平均_扣除非经常损益,20171231,34.076629
300866,安克创新,盈利能力,摊薄净资产收益率_扣除非经常损益,20171231,24.82621
300866,安克创新,盈利能力,息税前利润率,20171231,10.013776
300866,安克创新,盈利能力,总资产报酬率,20171231,33.269579
300866,安克创新,盈利能力,总资本回报率,20171231,52.662681
300866,安克创新,盈利能力,投入资本回报率,20171231,43.363495
300866,安克创新,盈利能力,息前税后总资产报酬率_平均,20171231,27.981889
300866,安克创新,盈利能力,毛利率,20171231,52.017974
300866,安克创新,盈利能力,销售净利率,20171231,8.418436
300866,安克创新,盈利能力,成本费用利润率,20171231,10.935452
300866,安克创新,盈利能力,营业利润率,20171231,10.018191
300866,安克创新,盈利能力,总资产净利率_平均,20171231,27.382192
300866,安克创新,盈利能力,总资产净利率_平均(含少数股东损益),20171231,27.969251
300866,安克创新,成长能力,归母净利润,20171231,321675491.72
300866,安克创新,成长能力,营业总收入,20171231,3903005543.49
300866,安克创新,成长能力,净利润,20171231,328572031.3
300866,安克创新,成长能力,扣非净利润,20171231,252318806.23
300866,安克创新,成长能力,营业总收入增长率,20171231,55.699374
300866,安克创新,成长能力,归属母公司净利润增长率,20171231,39.718354
300866,安克创新,收益质量,经营活动净现金/销售收入,20171231,0.024911
300866,安克创新,收益质量,经营性现金净流量/营业总收入,20171231,0.024911
300866,安克创新,收益质量,成本费用率,20171231,91.536886
300866,安克创新,收益质量,期间费用率,20171231,43.554861
300866,安克创新,收益质量,销售成本率,20171231,47.982025
300866,安克创新,收益质量,经营活动净现金/归属母公司的净利润,20171231,0.302263
300866,安克创新,收益质量,所得税/利润总额,20171231,15.899507
300866,安克创新,财务风险,流动比率,20171231,3.120795
300866,安克创新,财务风险,速动比率,20171231,2.173425
300866,安克创新,财务风险,保守速动比率,20171231,1.688712
300866,安克创新,财务风险,资产负债率,20171231,31.523299
300866,安克创新,财务风险,权益乘数,20171231,1.58656
300866,安克创新,财务风险,权益乘数(含少数股权的净资产),20171231,1.46035
300866,安克创新,财务风险,产权比率,20171231,46.66922
300866,安克创新,财务风险,现金比率,20171231,1.175833
300866,安克创新,营运能力,应收账款周转率,20171231,22.756709
300866,安克创新,营运能力,应收账款周转天数,20171231,15.81951
300866,安克创新,营运能力,存货周转率,20171231,5.496845
300866,安克创新,营运能力,存货周转天数,20171231,65.492113
300866,安克创新,营运能力,总资产周转率,20171231,3.32238
300866,安克创新,营运能力,总资产周转天数,20171231,108.35603
300866,安克创新,营运能力,流动资产周转率,20171231,3.628425
300866,安克创新,营运能力,流动资产周转天数,20171231,99.216578
300866,安克创新,营运能力,应付账款周转率,20171231,8.431772
300866,安克创新,常用指标,归母净利润,20170630,306124546.12
300866,安克创新,常用指标,营业总收入,20170630,1568337074.13
300866,安克创新,常用指标,营业成本,20170630,1364394249.09
300866,安克创新,常用指标,净利润,20170630,319231153.35
300866,安克创新,常用指标,扣非净利润,20170630,167109533.58
300866,安克创新,常用指标,股东权益合计(净资产),20170630,826580637.77
300866,安克创新,常用指标,商誉,20170630,
300866,安克创新,常用指标,经营现金流量净额,20170630,-10503462.97
300866,安克创新,常用指标,基本每股收益,20170630,7.81
300866,安克创新,常用指标,每股净资产,20170630,20.484316
300866,安克创新,常用指标,每股现金流,20170630,-0.263782
300866,安克创新,常用指标,净资产收益率(ROE),20170630,36.08
300866,安克创新,常用指标,总资产报酬率(ROA),20170630,35.991326
300866,安克创新,常用指标,毛利率,20170630,53.656297
300866,安克创新,常用指标,销售净利率,20170630,20.354754
300866,安克创新,常用指标,期间费用率,20170630,40.276989
300866,安克创新,常用指标,资产负债率,20170630,29.272074
300866,安克创新,每股指标,基本每股收益,20170630,7.81
300866,安克创新,每股指标,稀释每股收益,20170630,7.81
300866,安克创新,每股指标,摊薄每股收益_最新股数,20170630,0.520571
300866,安克创新,每股指标,摊薄每股净资产_期末股数,20170630,20.484316
300866,安克创新,每股指标,调整每股净资产_期末股数,20170630,19.615381
300866,安克创新,每股指标,每股净资产_最新股数,20170630,1.387043
300866,安克创新,每股指标,每股经营现金流,20170630,-0.263782
300866,安克创新,每股指标,每股现金流量净额,20170630,0.553103
300866,安克创新,每股指标,每股企业自由现金流量,20170630,2.042221
300866,安克创新,每股指标,每股股东自由现金流量,20170630,2.343583
300866,安克创新,每股指标,每股未分配利润,20170630,8.465564
300866,安克创新,每股指标,每股资本公积金,20170630,9.822514
300866,安克创新,每股指标,每股盈余公积金,20170630,0.821672
300866,安克创新,每股指标,每股留存收益,20170630,9.287237
300866,安克创新,每股指标,每股营业收入,20170630,39.387041
300866,安克创新,每股指标,每股营业总收入,20170630,39.387041
300866,安克创新,每股指标,每股息税前利润,20170630,9.100017
300866,安克创新,盈利能力,净资产收益率(ROE),20170630,36.08
300866,安克创新,盈利能力,摊薄净资产收益率,20170630,37.531041
300866,安克创新,盈利能力,净资产收益率_平均,20170630,47.82422
300866,安克创新,盈利能力,净资产收益率_平均_扣除非经常损益,20170630,26.106639
300866,安克创新,盈利能力,摊薄净资产收益率_扣除非经常损益,20170630,20.487722
300866,安克创新,盈利能力,息税前利润率,20170630,23.10409
300866,安克创新,盈利能力,总资产报酬率,20170630,35.991326
300866,安克创新,盈利能力,总资本回报率,20170630,55.713112
300866,安克创新,盈利能力,投入资本回报率,20170630,47.077955
300866,安克创新,盈利能力,息前税后总资产报酬率_平均,20170630,31.714759
300866,安克创新,盈利能力,毛利率,20170630,53.656297
300866,安克创新,盈利能力,销售净利率,20170630,20.354754
300866,安克创新,盈利能力,成本费用利润率,20170630,26.668029
300866,安克创新,盈利能力,营业利润率,20170630,22.627897
300866,安克创新,盈利能力,总资产净利率_平均,20170630,30.406589
300866,安克创新,盈利能力,总资产净利率_平均(含少数股东损益),20170630,31.708436
300866,安克创新,成长能力,归母净利润,20170630,306124546.12
300866,安克创新,成长能力,营业总收入,20170630,1568337074.13
300866,安克创新,成长能力,净利润,20170630,319231153.35
300866,安克创新,成长能力,扣非净利润,20170630,167109533.58
300866,安克创新,成长能力,营业总收入增长率,20170630,
300866,安克创新,成长能力,归属母公司净利润增长率,20170630,
300866,安克创新,收益质量,经营活动净现金/销售收入,20170630,-0.006697
300866,安克创新,收益质量,经营性现金净流量/营业总收入,20170630,-0.006697
300866,安克创新,收益质量,成本费用率,20170630,86.620691
300866,安克创新,收益质量,期间费用率,20170630,40.276989
300866,安克创新,收益质量,销售成本率,20170630,46.343702
300866,安克创新,收益质量,经营活动净现金/归属母公司的净利润,20170630,-0.034311
300866,安克创新,收益质量,所得税/利润总额,20170630,11.884302
300866,安克创新,财务风险,流动比率,20170630,2.924288
300866,安克创新,财务风险,速动比率,20170630,1.838649
300866,安克创新,财务风险,保守速动比率,20170630,1.240039
300866,安克创新,财务风险,资产负债率,20170630,29.272074
300866,安克创新,财务风险,权益乘数,20170630,1.572824
300866,安克创新,财务风险,权益乘数(含少数股权的净资产),20170630,1.413868
300866,安克创新,财务风险,产权比率,20170630,41.941144
300866,安克创新,财务风险,现金比率,20170630,0.760286
300866,安克创新,营运能力,应收账款周转率,20170630,11.251166
300866,安克创新,营运能力,应收账款周转天数,20170630,15.998341
300866,安克创新,营运能力,存货周转率,20170630,2.309871
300866,安克创新,营运能力,存货周转天数,20170630,77.926413
300866,安克创新,营运能力,总资产周转率,20170630,1.55779
300866,安克创新,营运能力,总资产周转天数,20170630,115.548294
300866,安克创新,营运能力,流动资产周转率,20170630,1.779993
300866,安克创新,营运能力,流动资产周转天数,20170630,101.123975
300866,安克创新,营运能力,应付账款周转率,20170630,4.132306
300866,安克创新,常用指标,归母净利润,20161231,230231377.18
300866,安克创新,常用指标,营业总收入,20161231,2506757368.28
300866,安克创新,常用指标,营业成本,20161231,2221501644.21
300866,安克创新,常用指标,净利润,20161231,227181510.45
300866,安克创新,常用指标,扣非净利润,20161231,239716200.0
300866,安克创新,常用指标,股东权益合计(净资产),20161231,464550216.39
300866,安克创新,常用指标,商誉,20161231,
300866,安克创新,常用指标,经营现金流量净额,20161231,221425206.39
300866,安克创新,常用指标,基本每股收益,20161231,0.77
300866,安克创新,常用指标,每股净资产,20161231,12.833199
300866,安克创新,常用指标,每股现金流,20161231,6.116871
300866,安克创新,常用指标,净资产收益率(ROE),20161231,82.83
300866,安克创新,常用指标,总资产报酬率(ROA),20161231,45.531224
300866,安克创新,常用指标,毛利率,20161231,54.789384
300866,安克创新,常用指标,销售净利率,20161231,9.062764
300866,安克创新,常用指标,期间费用率,20161231,43.404584
300866,安克创新,常用指标,资产负债率,20161231,45.014814
300866,安克创新,每股指标,基本每股收益,20161231,0.77
300866,安克创新,每股指标,稀释每股收益,20161231,0.77
300866,安克创新,每股指标,摊薄每股收益_最新股数,20161231,0.391513
300866,安克创新,每股指标,摊薄每股净资产_期末股数,20161231,12.833199
300866,安克创新,每股指标,调整每股净资产_期末股数,20161231,11.940289
300866,安克创新,每股指标,每股净资产_最新股数,20161231,0.789978
300866,安克创新,每股指标,每股经营现金流,20161231,6.116871
300866,安克创新,每股指标,每股现金流量净额,20161231,0.619586
300866,安克创新,每股指标,每股企业自由现金流量,20161231,
300866,安克创新,每股指标,每股股东自由现金流量,20161231,
300866,安克创新,每股指标,每股未分配利润,20161231,6.034591
300866,安克创新,每股指标,每股资本公积金,20161231,4.346597
300866,安克创新,每股指标,每股盈余公积金,20161231,0.90383
300866,安克创新,每股指标,每股留存收益,20161231,6.938422
300866,安克创新,每股指标,每股营业收入,20161231,69.24917
300866,安克创新,每股指标,每股营业总收入,20161231,69.24917
300866,安克创新,每股指标,每股息税前利润,20161231,7.783874
300866,安克创新,盈利能力,净资产收益率(ROE),20161231,82.83
300866,安克创新,盈利能力,摊薄净资产收益率,20161231,49.560062
300866,安克创新,盈利能力,净资产收益率_平均,20161231,83.16013
300866,安克创新,盈利能力,净资产收益率_平均_扣除非经常损益,20161231,86.586071
300866,安克创新,盈利能力,摊薄净资产收益率_扣除非经常损益,20161231,52.358417
300866,安克创新,盈利能力,息税前利润率,20161231,11.240386
300866,安克创新,盈利能力,总资产报酬率,20161231,45.531224
300866,安克创新,盈利能力,总资本回报率,20161231,101.661337
300866,安克创新,盈利能力,投入资本回报率,20161231,83.079789
300866,安克创新,盈利能力,息前税后总资产报酬率_平均,20161231,36.716247
300866,安克创新,盈利能力,毛利率,20161231,54.789384
300866,安克创新,盈利能力,销售净利率,20161231,9.062764
300866,安克创新,盈利能力,成本费用利润率,20161231,12.682853
300866,安克创新,盈利能力,营业利润率,20161231,11.147869
300866,安克创新,盈利能力,总资产净利率_平均,20161231,37.203199
300866,安克创新,盈利能力,总资产净利率_平均(含少数股东损益),20161231,36.710369
300866,安克创新,成长能力,归母净利润,20161231,230231377.18
300866,安克创新,成长能力,营业总收入,20161231,2506757368.28
300866,安克创新,成长能力,净利润,20161231,227181510.45
300866,安克创新,成长能力,扣非净利润,20161231,239716200.0
300866,安克创新,成长能力,营业总收入增长率,20161231,92.507643
300866,安克创新,成长能力,归属母公司净利润增长率,20161231,70.661749
300866,安克创新,收益质量,经营活动净现金/销售收入,20161231,0.088331
300866,安克创新,收益质量,经营性现金净流量/营业总收入,20161231,0.088331
300866,安克创新,收益质量,成本费用率,20161231,88.615199
300866,安克创新,收益质量,期间费用率,20161231,43.404584
300866,安克创新,收益质量,销售成本率,20161231,45.210615
300866,安克创新,收益质量,经营活动净现金/归属母公司的净利润,20161231,0.96175
300866,安克创新,收益质量,所得税/利润总额,20161231,19.362789
300866,安克创新,财务风险,流动比率,20161231,2.17399
300866,安克创新,财务风险,速动比率,20161231,1.435736
300866,安克创新,财务风险,保守速动比率,20161231,1.109716
300866,安克创新,财务风险,资产负债率,20161231,45.014814
300866,安克创新,财务风险,权益乘数,20161231,2.235295
300866,安克创新,财务风险,权益乘数(含少数股权的净资产),20161231,1.818671
300866,安克创新,财务风险,产权比率,20161231,81.867168
300866,安克创新,财务风险,现金比率,20161231,0.781583
300866,安克创新,营运能力,应收账款周转率,20161231,29.521078
300866,安克创新,营运能力,应收账款周转天数,20161231,12.194676
300866,安克创新,营运能力,存货周转率,20161231,6.372571
300866,安克创新,营运能力,存货周转天数,20161231,56.492108
300866,安克创新,营运能力,总资产周转率,20161231,4.050681
300866,安克创新,营运能力,总资产周转天数,20161231,88.873937
300866,安克创新,营运能力,流动资产周转率,20161231,4.270079
300866,安克创新,营运能力,流动资产周转天数,20161231,84.307561
300866,安克创新,营运能力,应付账款周转率,20161231,9.338917
300866,安克创新,常用指标,归母净利润,20151231,134905084.24
300866,安克创新,常用指标,营业总收入,20151231,1302159918.72
300866,安克创新,常用指标,营业成本,20151231,1107520727.68
300866,安克创新,常用指标,净利润,20151231,160634775.06
300866,安克创新,常用指标,扣非净利润,20151231,56651000.0
300866,安克创新,常用指标,股东权益合计(净资产),20151231,89155928.2
300866,安克创新,常用指标,商誉,20151231,
300866,安克创新,常用指标,经营现金流量净额,20151231,96825844.53
300866,安克创新,常用指标,基本每股收益,20151231,26.98
300866,安克创新,常用指标,每股净资产,20151231,2.971864
300866,安克创新,常用指标,每股现金流,20151231,3.227528
300866,安克创新,常用指标,净资产收益率(ROE),20151231,299.57
300866,安克创新,常用指标,总资产报酬率(ROA),20151231,69.009184
300866,安克创新,常用指标,毛利率,20151231,52.525008
300866,安克创新,常用指标,销售净利率,20151231,12.336025
300866,安克创新,常用指标,期间费用率,20151231,37.313116
300866,安克创新,常用指标,资产负债率,20151231,77.30433
300866,安克创新,每股指标,基本每股收益,20151231,26.98
300866,安克创新,每股指标,稀释每股收益,20151231,26.98
300866,安克创新,每股指标,摊薄每股收益_最新股数,20151231,0.229409
300866,安克创新,每股指标,摊薄每股净资产_期末股数,20151231,2.971864
300866,安克创新,每股指标,调整每股净资产_期末股数,20151231,2.969156
300866,安克创新,每股指标,每股净资产_最新股数,20151231,0.151611
300866,安克创新,每股指标,每股经营现金流,20151231,3.227528
300866,安克创新,每股指标,每股现金流量净额,20151231,3.142393
300866,安克创新,每股指标,每股企业自由现金流量,20151231,3.2327
300866,安克创新,每股指标,每股股东自由现金流量,20151231,3.2327
300866,安克创新,每股指标,每股未分配利润,20151231,0.748385
300866,安克创新,每股指标,每股资本公积金,20151231,0.885192
300866,安克创新,每股指标,每股盈余公积金,20151231,0.004334
300866,安克创新,每股指标,每股留存收益,20151231,0.75272
300866,安克创新,每股指标,每股营业收入,20151231,43.40533
300866,安克创新,每股指标,每股营业总收入,20151231,43.40533
300866,安克创新,每股指标,每股息税前利润,20151231,6.525642
300866,安克创新,盈利能力,净资产收益率(ROE),20151231,299.57
300866,安克创新,盈利能力,摊薄净资产收益率,20151231,151.313644
300866,安克创新,盈利能力,净资产收益率_平均,20151231,257.554357
300866,安克创新,盈利能力,净资产收益率_平均_扣除非经常损益,20151231,108.155389
300866,安克创新,盈利能力,摊薄净资产收益率_扣除非经常损益,20151231,63.541449
300866,安克创新,盈利能力,息税前利润率,20151231,15.034196
300866,安克创新,盈利能力,总资产报酬率,20151231,69.009184
300866,安克创新,盈利能力,总资本回报率,20151231,373.753392
300866,安克创新,盈利能力,投入资本回报率,20151231,257.554357
300866,安克创新,盈利能力,息前税后总资产报酬率_平均,20151231,56.624177
300866,安克创新,盈利能力,毛利率,20151231,52.525008
300866,安克创新,盈利能力,销售净利率,20151231,12.336025
300866,安克创新,盈利能力,成本费用利润率,20151231,17.731492
300866,安克创新,盈利能力,营业利润率,20151231,14.94741
300866,安克创新,盈利能力,总资产净利率_平均,20151231,47.554394
300866,安克创新,盈利能力,总资产净利率_平均(含少数股东损益),20151231,56.624177
300866,安克创新,成长能力,归母净利润,20151231,134905084.24
300866,安克创新,成长能力,营业总收入,20151231,1302159918.72
300866,安克创新,成长能力,净利润,20151231,160634775.06
300866,安克创新,成长能力,扣非净利润,20151231,56651000.0
300866,安克创新,成长能力,营业总收入增长率,20151231,74.54133
300866,安克创新,成长能力,归属母公司净利润增长率,20151231,1565.42695
300866,安克创新,收益质量,经营活动净现金/销售收入,20151231,0.074357
300866,安克创新,收益质量,经营性现金净流量/营业总收入,20151231,0.074357
300866,安克创新,收益质量,成本费用率,20151231,84.788107
300866,安克创新,收益质量,期间费用率,20151231,37.313116
300866,安克创新,收益质量,销售成本率,20151231,47.474991
300866,安克创新,收益质量,经营活动净现金/归属母公司的净利润,20151231,0.717733
300866,安克创新,收益质量,所得税/利润总额,20151231,17.946896
300866,安克创新,财务风险,流动比率,20151231,1.278083
300866,安克创新,财务风险,速动比率,20151231,0.985731
300866,安克创新,财务风险,保守速动比率,20151231,0.786918
300866,安克创新,财务风险,资产负债率,20151231,77.30433
300866,安克创新,财务风险,权益乘数,20151231,5.415994
300866,安克创新,财务风险,权益乘数(含少数股权的净资产),20151231,4.406126
300866,安克创新,财务风险,产权比率,20151231,340.612692
300866,安克创新,财务风险,现金比率,20151231,0.618331
300866,安克创新,营运能力,应收账款周转率,20151231,30.882897
300866,安克创新,营运能力,应收账款周转天数,20151231,11.656937
300866,安克创新,营运能力,存货周转率,20151231,9.762722
300866,安克创新,营运能力,存货周转天数,20151231,36.874959
300866,安克创新,营运能力,总资产周转率,20151231,4.590147
300866,安克创新,营运能力,总资产周转天数,20151231,78.428848
300866,安克创新,营运能力,流动资产周转率,20151231,4.637263
300866,安克创新,营运能力,流动资产周转天数,20151231,77.631984
300866,安克创新,营运能力,应付账款周转率,20151231,7.123045
300866,安克创新,常用指标,归母净利润,20141231,8100330.32
300866,安克创新,常用指标,营业总收入,20141231,746046745.8
300866,安克创新,常用指标,营业成本,20141231,727894687.92
300866,安克创新,常用指标,净利润,20141231,11970968.34
300866,安克创新,常用指标,扣非净利润,20141231,-3893800.0
300866,安克创新,常用指标,股东权益合计(净资产),20141231,25908561.81
300866,安克创新,常用指标,商誉,20141231,
300866,安克创新,常用指标,经营现金流量净额,20141231,82682499.87
300866,安克创新,常用指标,基本每股收益,20141231,1.62
300866,安克创新,常用指标,每股净资产,20141231,3.120521
300866,安克创新,常用指标,每股现金流,20141231,16.536499
300866,安克创新,常用指标,净资产收益率(ROE),20141231,44.41
300866,安克创新,常用指标,总资产报酬率(ROA),20141231,10.828769
300866,安克创新,常用指标,毛利率,20141231,38.596034
300866,安克创新,常用指标,销售净利率,20141231,1.604586
300866,安克创新,常用指标,期间费用率,20141231,35.934857
300866,安克创新,常用指标,资产负债率,20141231,85.156033
300866,安克创新,每股指标,基本每股收益,20141231,1.62
300866,安克创新,每股指标,稀释每股收益,20141231,1.62
300866,安克创新,每股指标,摊薄每股收益_最新股数,20141231,0.013774
300866,安克创新,每股指标,摊薄每股净资产_期末股数,20141231,3.120521
300866,安克创新,每股指标,调整每股净资产_期末股数,20141231,3.11398
300866,安克创新,每股指标,每股净资产_最新股数,20141231,0.026532
300866,安克创新,每股指标,每股经营现金流,20141231,16.536499
300866,安克创新,每股指标,每股现金流量净额,20141231,16.766961
300866,安克创新,每股指标,每股企业自由现金流量,20141231,-2.651109
300866,安克创新,每股指标,每股股东自由现金流量,20141231,-2.651109
300866,安克创新,每股指标,每股未分配利润,20141231,1.43418
300866,安克创新,每股指标,每股资本公积金,20141231,0.733664
300866,安克创新,每股指标,每股盈余公积金,20141231,0.010762
300866,安克创新,每股指标,每股留存收益,20141231,1.444942
300866,安克创新,每股指标,每股营业收入,20141231,149.209349
300866,安克创新,每股指标,每股营业总收入,20141231,149.209349
300866,安克创新,每股指标,每股息税前利润,20141231,3.780092
300866,安克创新,盈利能力,净资产收益率(ROE),20141231,44.41
300866,安克创新,盈利能力,摊薄净资产收益率,20141231,51.916523
300866,安克创新,盈利能力,净资产收益率_平均,20141231,51.916523
300866,安克创新,盈利能力,净资产收益率_平均_扣除非经常损益,20141231,-24.956088
300866,安克创新,盈利能力,摊薄净资产收益率_扣除非经常损益,20141231,-24.956133
300866,安克创新,盈利能力,息税前利润率,20141231,2.533415
300866,安克创新,盈利能力,总资产报酬率,20141231,10.828769
300866,安克创新,盈利能力,总资本回报率,20141231,121.136585
300866,安克创新,盈利能力,投入资本回报率,20141231,51.916523
300866,安克创新,盈利能力,息前税后总资产报酬率_平均,20141231,6.858607
300866,安克创新,盈利能力,毛利率,20141231,38.596034
300866,安克创新,盈利能力,销售净利率,20141231,1.604586
300866,安克创新,盈利能力,成本费用利润率,20141231,2.602677
300866,安克创新,盈利能力,营业利润率,20141231,2.433099
300866,安克创新,盈利能力,总资产净利率_平均,20141231,4.640976
300866,安克创新,盈利能力,总资产净利率_平均(含少数股东损益),20141231,6.858607
300866,安克创新,成长能力,归母净利润,20141231,8100330.32
300866,安克创新,成长能力,营业总收入,20141231,746046745.8
300866,安克创新,成长能力,净利润,20141231,11970968.34
300866,安克创新,成长能力,扣非净利润,20141231,-3893800.0
300866,安克创新,成长能力,营业总收入增长率,20141231,
300866,安克创新,成长能力,归属母公司净利润增长率,20141231,
300866,安克创新,收益质量,经营活动净现金/销售收入,20141231,0.110827
300866,安克创新,收益质量,经营性现金净流量/营业总收入,20141231,0.110827
300866,安克创新,收益质量,成本费用率,20141231,97.338823
300866,安克创新,收益质量,期间费用率,20141231,35.934857
300866,安克创新,收益质量,销售成本率,20141231,61.403965
300866,安克创新,收益质量,经营活动净现金/归属母公司的净利润,20141231,10.207299
300866,安克创新,收益质量,所得税/利润总额,20141231,36.663096
300866,安克创新,财务风险,流动比率,20141231,1.167208
300866,安克创新,财务风险,速动比率,20141231,0.912451
300866,安克创新,财务风险,保守速动比率,20141231,0.852002
300866,安克创新,财务风险,资产负债率,20141231,85.156033
300866,安克创新,财务风险,权益乘数,20141231,11.186551
300866,安克创新,财务风险,权益乘数(含少数股权的净资产),20141231,6.736743
300866,安克创新,财务风险,产权比率,20141231,952.602343
300866,安克创新,财务风险,现金比率,20141231,0.629081
300866,安克创新,营运能力,应收账款周转率,20141231,22.516733
300866,安克创新,营运能力,应收账款周转天数,20141231,15.988109
300866,安克创新,营运能力,存货周转率,20141231,12.098377
300866,安克创新,营运能力,存货周转天数,20141231,29.756056
300866,安克创新,营运能力,总资产周转率,20141231,4.274375
300866,安克创新,营运能力,总资产周转天数,20141231,84.222825
300866,安克创新,营运能力,流动资产周转率,20141231,4.300398
300866,安克创新,营运能力,流动资产周转天数,20141231,83.713169
300866,安克创新,营运能力,应付账款周转率,20141231,4.941277
301376,致欧科技,常用指标,归母净利润,20260630,245987255.17
301376,致欧科技,常用指标,营业总收入,20260630,4825634589.03
301376,致欧科技,常用指标,营业成本,20260630,4583056045.85
301376,致欧科技,常用指标,净利润,20260630,245987255.17
301376,致欧科技,常用指标,扣非净利润,20260630,195483685.73
301376,致欧科技,常用指标,股东权益合计(净资产),20260630,3523611124.47
301376,致欧科技,常用指标,商誉,20260630,
301376,致欧科技,常用指标,经营现金流量净额,20260630,1674022386.93
301376,致欧科技,常用指标,基本每股收益,20260630,0.61
301376,致欧科技,常用指标,每股净资产,20260630,8.754988
301376,致欧科技,常用指标,每股现金流,20260630,4.159382
301376,致欧科技,常用指标,净资产收益率(ROE),20260630,7.08
301376,致欧科技,常用指标,总资产报酬率(ROA),20260630,4.664497
301376,致欧科技,常用指标,毛利率,20260630,35.634506
301376,致欧科技,常用指标,销售净利率,20260630,5.097511
301376,致欧科技,常用指标,期间费用率,20260630,30.463426
301376,致欧科技,常用指标,资产负债率,20260630,52.338761
301376,致欧科技,每股指标,基本每股收益,20260630,0.61
301376,致欧科技,每股指标,稀释每股收益,20260630,0.61
301376,致欧科技,每股指标,摊薄每股收益_最新股数,20260630,0.611195
301376,致欧科技,每股指标,摊薄每股净资产_期末股数,20260630,8.754988
301376,致欧科技,每股指标,调整每股净资产_期末股数,20260630,8.35515
301376,致欧科技,每股指标,每股净资产_最新股数,20260630,8.754988
301376,致欧科技,每股指标,每股经营现金流,20260630,4.159382
301376,致欧科技,每股指标,每股现金流量净额,20260630,1.524372
301376,致欧科技,每股指标,每股企业自由现金流量,20260630,-0.065812
301376,致欧科技,每股指标,每股股东自由现金流量,20260630,-2.588231
301376,致欧科技,每股指标,每股未分配利润,20260630,3.705433
301376,致欧科技,每股指标,每股资本公积金,20260630,3.78057
301376,致欧科技,每股指标,每股盈余公积金,20260630,0.35078
301376,致欧科技,每股指标,每股留存收益,20260630,4.056213
301376,致欧科技,每股指标,每股营业收入,20260630,11.990078
301376,致欧科技,每股指标,每股营业总收入,20260630,11.990078
301376,致欧科技,每股指标,每股息税前利润,20260630,0.823889
301376,致欧科技,盈利能力,净资产收益率(ROE),20260630,7.08
301376,致欧科技,盈利能力,摊薄净资产收益率,20260630,6.981112
301376,致欧科技,盈利能力,净资产收益率_平均,20260630,7.129156
301376,致欧科技,盈利能力,净资产收益率_平均_扣除非经常损益,20260630,5.665471
301376,致欧科技,盈利能力,摊薄净资产收益率_扣除非经常损益,20260630,5.547822
301376,致欧科技,盈利能力,息税前利润率,20260630,6.871427
301376,致欧科技,盈利能力,总资产报酬率,20260630,4.664497
301376,致欧科技,盈利能力,总资本回报率,20260630,5.23272
301376,致欧科技,盈利能力,投入资本回报率,20260630,5.689904
301376,致欧科技,盈利能力,息前税后总资产报酬率_平均,20260630,3.887605
301376,致欧科技,盈利能力,毛利率,20260630,35.634506
301376,致欧科技,盈利能力,销售净利率,20260630,5.097511
301376,致欧科技,盈利能力,成本费用利润率,20260630,6.582355
301376,致欧科技,盈利能力,营业利润率,20260630,6.162619
301376,致欧科技,盈利能力,总资产净利率_平均,20260630,3.460318
301376,致欧科技,盈利能力,总资产净利率_平均(含少数股东损益),20260630,3.460318
301376,致欧科技,成长能力,归母净利润,20260630,245987255.17
301376,致欧科技,成长能力,营业总收入,20260630,4825634589.03
301376,致欧科技,成长能力,净利润,20260630,245987255.17
301376,致欧科技,成长能力,扣非净利润,20260630,195483685.73
301376,致欧科技,成长能力,营业总收入增长率,20260630,19.323501
301376,致欧科技,成长能力,归属母公司净利润增长率,20260630,29.159326
301376,致欧科技,收益质量,经营活动净现金/销售收入,20260630,0.346902
301376,致欧科技,收益质量,经营性现金净流量/营业总收入,20260630,0.346902
301376,致欧科技,收益质量,成本费用率,20260630,94.828919
301376,致欧科技,收益质量,期间费用率,20260630,30.463426
301376,致欧科技,收益质量,销售成本率,20260630,64.365493
301376,致欧科技,收益质量,经营活动净现金/归属母公司的净利润,20260630,6.805321
301376,致欧科技,收益质量,所得税/利润总额,20260630,18.334991
301376,致欧科技,财务风险,流动比率,20260630,1.950303
301376,致欧科技,财务风险,速动比率,20260630,1.377669
301376,致欧科技,财务风险,保守速动比率,20260630,0.896693
301376,致欧科技,财务风险,资产负债率,20260630,52.338761
301376,致欧科技,财务风险,权益乘数,20260630,2.06026
301376,致欧科技,财务风险,权益乘数(含少数股权的净资产),20260630,2.098141
301376,致欧科技,财务风险,产权比率,20260630,109.814103
301376,致欧科技,财务风险,现金比率,20260630,0.702091
301376,致欧科技,营运能力,应收账款周转率,20260630,7.20113
301376,致欧科技,营运能力,应收账款周转天数,20260630,24.996076
301376,致欧科技,营运能力,存货周转率,20260630,2.115021
301376,致欧科技,营运能力,存货周转天数,20260630,85.105517
301376,致欧科技,营运能力,总资产周转率,20260630,0.678825
301376,致欧科技,营运能力,总资产周转天数,20260630,265.164012
301376,致欧科技,营运能力,流动资产周转率,20260630,0.90382
301376,致欧科技,营运能力,流动资产周转天数,20260630,199.15454
301376,致欧科技,营运能力,应付账款周转率,20260630,6.700103
301376,致欧科技,常用指标,归母净利润,20260331,75184341.07
301376,致欧科技,常用指标,营业总收入,20260331,2314090289.85
301376,致欧科技,常用指标,营业成本,20260331,2230259778.36
301376,致欧科技,常用指标,净利润,20260331,75184341.07
301376,致欧科技,常用指标,扣非净利润,20260331,57480823.41
301376,致欧科技,常用指标,股东权益合计(净资产),20260331,3436206577.47
301376,致欧科技,常用指标,商誉,20260331,
301376,致欧科技,常用指标,经营现金流量净额,20260331,508002285.72
301376,致欧科技,常用指标,基本每股收益,20260331,0.19
301376,致欧科技,常用指标,每股净资产,20260331,8.537817
301376,致欧科技,常用指标,每股现金流,20260331,1.262214
301376,致欧科技,常用指标,净资产收益率(ROE),20260331,2.21
301376,致欧科技,常用指标,总资产报酬率(ROA),20260331,1.609983
301376,致欧科技,常用指标,毛利率,20260331,35.049683
301376,致欧科技,常用指标,销售净利率,20260331,3.24898
301376,致欧科技,常用指标,期间费用率,20260331,31.278449
301376,致欧科技,常用指标,资产负债率,20260331,51.115693
301376,致欧科技,每股指标,基本每股收益,20260331,0.19
301376,致欧科技,每股指标,稀释每股收益,20260331,0.19
301376,致欧科技,每股指标,摊薄每股收益_最新股数,20260331,0.186807
301376,致欧科技,每股指标,摊薄每股净资产_期末股数,20260331,8.537817
301376,致欧科技,每股指标,调整每股净资产_期末股数,20260331,8.1518
301376,致欧科技,每股指标,每股净资产_最新股数,20260331,8.537817
301376,致欧科技,每股指标,每股经营现金流,20260331,1.262214
301376,致欧科技,每股指标,每股现金流量净额,20260331,-0.036846
301376,致欧科技,每股指标,每股企业自由现金流量,20260331,
301376,致欧科技,每股指标,每股股东自由现金流量,20260331,
301376,致欧科技,每股指标,每股未分配利润,20260331,3.479601
301376,致欧科技,每股指标,每股资本公积金,20260331,3.777543
301376,致欧科技,每股指标,每股盈余公积金,20260331,0.35078
301376,致欧科技,每股指标,每股留存收益,20260331,3.830382
301376,致欧科技,每股指标,每股营业收入,20260331,5.749735
301376,致欧科技,每股指标,每股营业总收入,20260331,5.749735
301376,致欧科技,每股指标,每股息税前利润,20260331,0.277095
301376,致欧科技,盈利能力,净资产收益率(ROE),20260331,2.21
301376,致欧科技,盈利能力,摊薄净资产收益率,20260331,2.188004
301376,致欧科技,盈利能力,净资产收益率_平均,20260331,2.20693
301376,致欧科技,盈利能力,净资产收益率_平均_扣除非经常损益,20260331,1.687268
301376,致欧科技,盈利能力,摊薄净资产收益率_扣除非经常损益,20260331,1.672798
301376,致欧科技,盈利能力,息税前利润率,20260331,4.81927
301376,致欧科技,盈利能力,总资产报酬率,20260331,1.609983
301376,致欧科技,盈利能力,总资本回报率,20260331,1.886284
301376,致欧科技,盈利能力,投入资本回报率,20260331,1.513988
301376,致欧科技,盈利能力,息前税后总资产报酬率_平均,20260331,1.292221
301376,致欧科技,盈利能力,毛利率,20260331,35.049683
301376,致欧科技,盈利能力,销售净利率,20260331,3.24898
301376,致欧科技,盈利能力,成本费用利润率,20260331,4.364765
301376,致欧科技,盈利能力,营业利润率,20260331,4.20292
301376,致欧科技,盈利能力,总资产净利率_平均,20260331,1.085393
301376,致欧科技,盈利能力,总资产净利率_平均(含少数股东损益),20260331,1.085393
301376,致欧科技,成长能力,归母净利润,20260331,75184341.07
301376,致欧科技,成长能力,营业总收入,20260331,2314090289.85
301376,致欧科技,成长能力,净利润,20260331,75184341.07
301376,致欧科技,成长能力,扣非净利润,20260331,57480823.41
301376,致欧科技,成长能力,营业总收入增长率,20260331,10.655571
301376,致欧科技,成长能力,归属母公司净利润增长率,20260331,-32.202359
301376,致欧科技,收益质量,经营活动净现金/销售收入,20260331,0.219525
301376,致欧科技,收益质量,经营性现金净流量/营业总收入,20260331,0.219525
301376,致欧科技,收益质量,成本费用率,20260331,96.228766
301376,致欧科技,收益质量,期间费用率,20260331,31.278449
301376,致欧科技,收益质量,销售成本率,20260331,64.950316
301376,致欧科技,收益质量,经营活动净现金/归属母公司的净利润,20260331,6.756756
301376,致欧科技,收益质量,所得税/利润总额,20260331,22.646276
301376,致欧科技,财务风险,流动比率,20260331,1.987609
301376,致欧科技,财务风险,速动比率,20260331,1.434728
301376,致欧科技,财务风险,保守速动比率,20260331,0.770463
301376,致欧科技,财务风险,资产负债率,20260331,51.115693
301376,致欧科技,财务风险,权益乘数,20260331,2.033299
301376,致欧科技,财务风险,权益乘数(含少数股权的净资产),20260331,2.045646
301376,致欧科技,财务风险,产权比率,20260331,104.564628
301376,致欧科技,财务风险,现金比率,20260331,0.466035
301376,致欧科技,营运能力,应收账款周转率,20260331,2.937151
301376,致欧科技,营运能力,应收账款周转天数,20260331,30.641936
301376,致欧科技,营运能力,存货周转率,20260331,1.091556
301376,致欧科技,营运能力,存货周转天数,20260331,82.451034
301376,致欧科技,营运能力,总资产周转率,20260331,0.334072
301376,致欧科技,营运能力,总资产周转天数,20260331,269.402915
301376,致欧科技,营运能力,流动资产周转率,20260331,0.447881
301376,致欧科技,营运能力,流动资产周转天数,20260331,200.945824
301376,致欧科技,营运能力,应付账款周转率,20260331,3.334803
301376,致欧科技,常用指标,归母净利润,20251231,335806096.83
301376,致欧科技,常用指标,营业总收入,20251231,8700946185.92
301376,致欧科技,常用指标,营业成本,20251231,8292638198.01
301376,致欧科技,常用指标,净利润,20251231,335806096.83
301376,致欧科技,常用指标,扣非净利润,20251231,319161636.94
301376,致欧科技,常用指标,股东权益合计(净资产),20251231,3377268281.69
301376,致欧科技,常用指标,商誉,20251231,
301376,致欧科技,常用指标,经营现金流量净额,20251231,2470477014.17
301376,致欧科技,常用指标,基本每股收益,20251231,0.84
301376,致欧科技,常用指标,每股净资产,20251231,8.391375
301376,致欧科技,常用指标,每股现金流,20251231,6.138304
301376,致欧科技,常用指标,净资产收益率(ROE),20251231,10.06
301376,致欧科技,常用指标,总资产报酬率(ROA),20251231,6.608623
301376,致欧科技,常用指标,毛利率,20251231,34.479592
301376,致欧科技,常用指标,销售净利率,20251231,3.85942
301376,致欧科技,常用指标,期间费用率,20251231,29.63338
301376,致欧科技,常用指标,资产负债率,20251231,50.513126
301376,致欧科技,每股指标,基本每股收益,20251231,0.84
301376,致欧科技,每股指标,稀释每股收益,20251231,0.84
301376,致欧科技,每股指标,摊薄每股收益_最新股数,20251231,0.834365
301376,致欧科技,每股指标,摊薄每股净资产_期末股数,20251231,8.391375
301376,致欧科技,每股指标,调整每股净资产_期末股数,20251231,8.155914
301376,致欧科技,每股指标,每股净资产_最新股数,20251231,8.391375
301376,致欧科技,每股指标,每股经营现金流,20251231,6.138304
301376,致欧科技,每股指标,每股现金流量净额,20251231,0.182225
301376,致欧科技,每股指标,每股企业自由现金流量,20251231,-2.32892
301376,致欧科技,每股指标,每股股东自由现金流量,20251231,-7.155408
301376,致欧科技,每股指标,每股未分配利润,20251231,3.292793
301376,致欧科技,每股指标,每股资本公积金,20251231,3.777543
301376,致欧科技,每股指标,每股盈余公积金,20251231,0.35078
301376,致欧科技,每股指标,每股留存收益,20251231,3.643574
301376,致欧科技,每股指标,每股营业收入,20251231,21.618924
301376,致欧科技,每股指标,每股营业总收入,20251231,21.618924
301376,致欧科技,每股指标,每股息税前利润,20251231,1.075223
301376,致欧科技,盈利能力,净资产收益率(ROE),20251231,10.06
301376,致欧科技,盈利能力,摊薄净资产收益率,20251231,9.943127
301376,致欧科技,盈利能力,净资产收益率_平均,20251231,10.16916
301376,致欧科技,盈利能力,净资产收益率_平均_扣除非经常损益,20251231,9.665119
301376,致欧科技,盈利能力,摊薄净资产收益率_扣除非经常损益,20251231,9.450289
301376,致欧科技,盈利能力,息税前利润率,20251231,4.973527
301376,致欧科技,盈利能力,总资产报酬率,20251231,6.608623
301376,致欧科技,盈利能力,总资本回报率,20251231,7.755938
301376,致欧科技,盈利能力,投入资本回报率,20251231,6.285808
301376,致欧科技,盈利能力,息前税后总资产报酬率_平均,20251231,5.355965
301376,致欧科技,盈利能力,毛利率,20251231,34.479592
301376,致欧科技,盈利能力,销售净利率,20251231,3.85942
301376,致欧科技,盈利能力,成本费用利润率,20251231,5.046722
301376,致欧科技,盈利能力,营业利润率,20251231,4.841708
301376,致欧科技,盈利能力,总资产净利率_平均,20251231,5.128242
301376,致欧科技,盈利能力,总资产净利率_平均(含少数股东损益),20251231,5.128242
301376,致欧科技,成长能力,归母净利润,20251231,335806096.83
301376,致欧科技,成长能力,营业总收入,20251231,8700946185.92
301376,致欧科技,成长能力,净利润,20251231,335806096.83
301376,致欧科技,成长能力,扣非净利润,20251231,319161636.94
301376,致欧科技,成长能力,营业总收入增长率,20251231,7.103924
301376,致欧科技,成长能力,归属母公司净利润增长率,20251231,0.669222
301376,致欧科技,收益质量,经营活动净现金/销售收入,20251231,0.283931
301376,致欧科技,收益质量,经营性现金净流量/营业总收入,20251231,0.283931
301376,致欧科技,收益质量,成本费用率,20251231,95.153788
301376,致欧科技,收益质量,期间费用率,20251231,29.63338
301376,致欧科技,收益质量,销售成本率,20251231,65.520407
301376,致欧科技,收益质量,经营活动净现金/归属母公司的净利润,20251231,7.356855
301376,致欧科技,收益质量,所得税/利润总额,20251231,19.631366
301376,致欧科技,财务风险,流动比率,20251231,2.011646
301376,致欧科技,财务风险,速动比率,20251231,1.500322
301376,致欧科技,财务风险,保守速动比率,20251231,0.797105
301376,致欧科技,财务风险,资产负债率,20251231,50.513126
301376,致欧科技,财务风险,权益乘数,20251231,1.982971
301376,致欧科技,财务风险,权益乘数(含少数股权的净资产),20251231,2.020737
301376,致欧科技,财务风险,产权比率,20251231,102.073787
301376,致欧科技,财务风险,现金比率,20251231,0.499656
301376,致欧科技,营运能力,应收账款周转率,20251231,16.867015
301376,致欧科技,营运能力,应收账款周转天数,20251231,21.343432
301376,致欧科技,营运能力,存货周转率,20251231,4.383677
301376,致欧科技,营运能力,存货周转天数,20251231,82.122837
301376,致欧科技,营运能力,总资产周转率,20251231,1.328759
301376,致欧科技,营运能力,总资产周转天数,20251231,270.929317
301376,致欧科技,营运能力,流动资产周转率,20251231,2.016801
301376,致欧科技,营运能力,流动资产周转天数,20251231,178.500453
301376,致欧科技,营运能力,应付账款周转率,20251231,12.021414
301376,致欧科技,常用指标,归母净利润,20250930,271744290.31
301376,致欧科技,常用指标,营业总收入,20250930,6081613629.49
301376,致欧科技,常用指标,营业成本,20250930,5735761500.36
301376,致欧科技,常用指标,净利润,20250930,271744290.31
301376,致欧科技,常用指标,扣非净利润,20250930,286754253.88
301376,致欧科技,常用指标,股东权益合计(净资产),20250930,3409772991.47
301376,致欧科技,常用指标,商誉,20250930,
301376,致欧科技,常用指标,经营现金流量净额,20250930,2082042906.31
301376,致欧科技,常用指标,基本每股收益,20250930,0.68
301376,致欧科技,常用指标,每股净资产,20250930,8.473833
301376,致欧科技,常用指标,每股现金流,20250930,5.174211
301376,致欧科技,常用指标,净资产收益率(ROE),20250930,8.17
301376,致欧科技,常用指标,总资产报酬率(ROA),20250930,6.019444
301376,致欧科技,常用指标,毛利率,20250930,35.009363
301376,致欧科技,常用指标,销售净利率,20250930,4.468292
301376,致欧科技,常用指标,期间费用率,20250930,29.158288
301376,致欧科技,常用指标,资产负债率,20250930,47.036348
301376,致欧科技,每股指标,基本每股收益,20250930,0.68
301376,致欧科技,每股指标,稀释每股收益,20250930,0.68
301376,致欧科技,每股指标,摊薄每股收益_最新股数,20250930,0.675193
301376,致欧科技,每股指标,摊薄每股净资产_期末股数,20250930,8.473833
301376,致欧科技,每股指标,调整每股净资产_期末股数,20250930,8.23297
301376,致欧科技,每股指标,每股净资产_最新股数,20250930,8.472138
301376,致欧科技,每股指标,每股经营现金流,20250930,5.174211
301376,致欧科技,每股指标,每股现金流量净额,20250930,-0.182763
301376,致欧科技,每股指标,每股企业自由现金流量,20250930,
301376,致欧科技,每股指标,每股股东自由现金流量,20250930,
301376,致欧科技,每股指标,每股未分配利润,20250930,3.387488
301376,致欧科技,每股指标,每股资本公积金,20250930,3.823751
301376,致欧科技,每股指标,每股盈余公积金,20250930,0.296206
301376,致欧科技,每股指标,每股留存收益,20250930,3.683695
301376,致欧科技,每股指标,每股营业收入,20250930,15.113786
301376,致欧科技,每股指标,每股营业总收入,20250930,15.113786
301376,致欧科技,每股指标,每股息税前利润,20250930,0.950641
301376,致欧科技,盈利能力,净资产收益率(ROE),20250930,8.17
301376,致欧科技,盈利能力,摊薄净资产收益率,20250930,7.969571
301376,致欧科技,盈利能力,净资产收益率_平均,20250930,8.188884
301376,致欧科技,盈利能力,净资产收益率_平均_扣除非经常损益,20250930,8.641202
301376,致欧科技,盈利能力,摊薄净资产收益率_扣除非经常损益,20250930,8.409775
301376,致欧科技,盈利能力,息税前利润率,20250930,6.289895
301376,致欧科技,盈利能力,总资产报酬率,20250930,6.019444
301376,致欧科技,盈利能力,总资本回报率,20250930,7.006384
301376,致欧科技,盈利能力,投入资本回报率,20250930,5.692429
301376,致欧科技,盈利能力,息前税后总资产报酬率_平均,20250930,4.890577
301376,致欧科技,盈利能力,毛利率,20250930,35.009363
301376,致欧科技,盈利能力,销售净利率,20250930,4.468292
301376,致欧科技,盈利能力,成本费用利润率,20250930,5.998877
301376,致欧科技,盈利能力,营业利润率,20250930,5.658231
301376,致欧科技,盈利能力,总资产净利率_平均,20250930,4.276166
301376,致欧科技,盈利能力,总资产净利率_平均(含少数股东损益),20250930,4.276166
301376,致欧科技,成长能力,归母净利润,20250930,271744290.31
301376,致欧科技,成长能力,营业总收入,20250930,6081613629.49
301376,致欧科技,成长能力,净利润,20250930,271744290.31
301376,致欧科技,成长能力,扣非净利润,20250930,286754253.88
301376,致欧科技,成长能力,营业总收入增长率,20250930,6.176652
301376,致欧科技,成长能力,归属母公司净利润增长率,20250930,-2.086143
301376,致欧科技,收益质量,经营活动净现金/销售收入,20250930,0.34235
301376,致欧科技,收益质量,经营性现金净流量/营业总收入,20250930,0.34235
301376,致欧科技,收益质量,成本费用率,20250930,94.148924
301376,致欧科技,收益质量,期间费用率,20250930,29.158288
301376,致欧科技,收益质量,销售成本率,20250930,64.990636
301376,致欧科技,收益质量,经营活动净现金/归属母公司的净利润,20250930,7.661772
301376,致欧科技,收益质量,所得税/利润总额,20250930,20.885476
301376,致欧科技,财务风险,流动比率,20250930,2.251411
301376,致欧科技,财务风险,速动比率,20250930,1.616201
301376,致欧科技,财务风险,保守速动比率,20250930,0.814792
301376,致欧科技,财务风险,资产负债率,20250930,47.036348
301376,致欧科技,财务风险,权益乘数,20250930,1.915006
301376,致欧科技,财务风险,权益乘数(含少数股权的净资产),20250930,1.888087
301376,致欧科技,财务风险,产权比率,20250930,88.808735
301376,致欧科技,财务风险,现金比率,20250930,0.640787
301376,致欧科技,营运能力,应收账款周转率,20250930,19.293949
301376,致欧科技,营运能力,应收账款周转天数,20250930,13.994024
301376,致欧科技,营运能力,存货周转率,20250930,3.0509
301376,致欧科技,营运能力,存货周转天数,20250930,88.498466
301376,致欧科技,营运能力,总资产周转率,20250930,0.957002
301376,致欧科技,营运能力,总资产周转天数,20250930,282.130998
301376,致欧科技,营运能力,流动资产周转率,20250930,1.502511
301376,致欧科技,营运能力,流动资产周转天数,20250930,179.699097
301376,致欧科技,营运能力,应付账款周转率,20250930,9.159716
301376,致欧科技,常用指标,归母净利润,20250630,190452568.35
301376,致欧科技,常用指标,营业总收入,20250630,4044161058.6
301376,致欧科技,常用指标,营业成本,20250630,3782537929.36
301376,致欧科技,常用指标,净利润,20250630,190452568.35
301376,致欧科技,常用指标,扣非净利润,20250630,223533409.85
301376,致欧科技,常用指标,股东权益合计(净资产),20250630,3353476105.73
301376,致欧科技,常用指标,商誉,20250630,
301376,致欧科技,常用指标,经营现金流量净额,20250630,1489331063.39
301376,致欧科技,常用指标,基本每股收益,20250630,0.47
301376,致欧科技,常用指标,每股净资产,20250630,8.333926
301376,致欧科技,常用指标,每股现金流,20250630,3.701226
301376,致欧科技,常用指标,净资产收益率(ROE),20250630,5.74
301376,致欧科技,常用指标,总资产报酬率(ROA),20250630,4.225158
301376,致欧科技,常用指标,毛利率,20250630,34.928618
301376,致欧科技,常用指标,销售净利率,20250630,4.709322
301376,致欧科技,常用指标,期间费用率,20250630,28.295152
301376,致欧科技,常用指标,资产负债率,20250630,46.270621
301376,致欧科技,每股指标,基本每股收益,20250630,0.47
301376,致欧科技,每股指标,稀释每股收益,20250630,0.47
301376,致欧科技,每股指标,摊薄每股收益_最新股数,20250630,0.47321
301376,致欧科技,每股指标,摊薄每股净资产_期末股数,20250630,8.333926
301376,致欧科技,每股指标,调整每股净资产_期末股数,20250630,8.082586
301376,致欧科技,每股指标,每股净资产_最新股数,20250630,8.332259
301376,致欧科技,每股指标,每股经营现金流,20250630,3.701226
301376,致欧科技,每股指标,每股现金流量净额,20250630,0.066048
301376,致欧科技,每股指标,每股企业自由现金流量,20250630,-1.47632
301376,致欧科技,每股指标,每股股东自由现金流量,20250630,-4.21585
301376,致欧科技,每股指标,每股未分配利润,20250630,3.185465
301376,致欧科技,每股指标,每股资本公积金,20250630,3.819279
301376,致欧科技,每股指标,每股盈余公积金,20250630,0.296206
301376,致欧科技,每股指标,每股留存收益,20250630,3.481672
301376,致欧科技,每股指标,每股营业收入,20250630,10.050389
301376,致欧科技,每股指标,每股营业总收入,20250630,10.050389
301376,致欧科技,每股指标,每股息税前利润,20250630,0.656954
301376,致欧科技,盈利能力,净资产收益率(ROE),20250630,5.74
301376,致欧科技,盈利能力,摊薄净资产收益率,20250630,5.679258
301376,致欧科技,盈利能力,净资产收益率_平均,20250630,5.788295
301376,致欧科技,盈利能力,净资产收益率_平均_扣除非经常损益,20250630,6.793699
301376,致欧科技,盈利能力,摊薄净资产收益率_扣除非经常损益,20250630,6.665722
301376,致欧科技,盈利能力,息税前利润率,20250630,6.536608
301376,致欧科技,盈利能力,总资产报酬率,20250630,4.225158
301376,致欧科技,盈利能力,总资本回报率,20250630,4.841862
301376,致欧科技,盈利能力,投入资本回报率,20250630,3.976739
301376,致欧科技,盈利能力,息前税后总资产报酬率_平均,20250630,3.470225
301376,致欧科技,盈利能力,毛利率,20250630,34.928618
301376,致欧科技,盈利能力,销售净利率,20250630,4.709322
301376,致欧科技,盈利能力,成本费用利润率,20250630,6.294819
301376,致欧科技,盈利能力,营业利润率,20250630,5.898668
301376,致欧科技,盈利能力,总资产净利率_平均,20250630,3.044029
301376,致欧科技,盈利能力,总资产净利率_平均(含少数股东损益),20250630,3.044029
301376,致欧科技,成长能力,归母净利润,20250630,190452568.35
301376,致欧科技,成长能力,营业总收入,20250630,4044161058.6
301376,致欧科技,成长能力,净利润,20250630,190452568.35
301376,致欧科技,成长能力,扣非净利润,20250630,223533409.85
301376,致欧科技,成长能力,营业总收入增长率,20250630,8.682479
301376,致欧科技,成长能力,归属母公司净利润增长率,20250630,11.027515
301376,致欧科技,收益质量,经营活动净现金/销售收入,20250630,0.368267
301376,致欧科技,收益质量,经营性现金净流量/营业总收入,20250630,0.368267
301376,致欧科技,收益质量,成本费用率,20250630,93.366534
301376,致欧科技,收益质量,期间费用率,20250630,28.295152
301376,致欧科技,收益质量,销售成本率,20250630,65.071381
301376,致欧科技,收益质量,经营活动净现金/归属母公司的净利润,20250630,7.819957
301376,致欧科技,收益质量,所得税/利润总额,20250630,19.872081
301376,致欧科技,财务风险,流动比率,20250630,2.085633
301376,致欧科技,财务风险,速动比率,20250630,1.479594
301376,致欧科技,财务风险,保守速动比率,20250630,0.91348
301376,致欧科技,财务风险,资产负债率,20250630,46.270621
301376,致欧科技,财务风险,权益乘数,20250630,1.901524
301376,致欧科技,财务风险,权益乘数(含少数股权的净资产),20250630,1.861179
301376,致欧科技,财务风险,产权比率,20250630,86.117916
301376,致欧科技,财务风险,现金比率,20250630,0.792326
301376,致欧科技,营运能力,应收账款周转率,20250630,15.748807
301376,致欧科技,营运能力,应收账款周转天数,20250630,11.429437
301376,致欧科技,营运能力,存货周转率,20250630,2.126374
301376,致欧科技,营运能力,存货周转天数,20250630,84.651126
301376,致欧科技,营运能力,总资产周转率,20250630,0.646383
301376,致欧科技,营运能力,总资产周转天数,20250630,278.472302
301376,致欧科技,营运能力,流动资产周转率,20250630,1.069012
301376,致欧科技,营运能力,流动资产周转天数,20250630,168.379702
301376,致欧科技,营运能力,应付账款周转率,20250630,6.606638
301376,致欧科技,常用指标,归母净利润,20250331,110895216.95
301376,致欧科技,常用指标,营业总收入,20250331,2091255102.87
301376,致欧科技,常用指标,营业成本,20250331,1944919046.37
301376,致欧科技,常用指标,净利润,20250331,110895216.95
301376,致欧科技,常用指标,扣非净利润,20250331,119843290.3
301376,致欧科技,常用指标,股东权益合计(净资产),20250331,3347367722.65
301376,致欧科技,常用指标,商誉,20250331,
301376,致欧科技,常用指标,经营现金流量净额,20250331,686274537.8
301376,致欧科技,常用指标,基本每股收益,20250331,0.28
301376,致欧科技,常用指标,每股净资产,20250331,8.337154
301376,致欧科技,常用指标,每股现金流,20250331,1.709276
301376,致欧科技,常用指标,净资产收益率(ROE),20250331,3.37
301376,致欧科技,常用指标,总资产报酬率(ROA),20250331,2.405458
301376,致欧科技,常用指标,毛利率,20250331,35.391071
301376,致欧科技,常用指标,销售净利率,20250331,5.302806
301376,致欧科技,常用指标,期间费用率,20250331,28.237189
301376,致欧科技,常用指标,资产负债率,20250331,48.19997
301376,致欧科技,每股指标,基本每股收益,20250331,0.28
301376,致欧科技,每股指标,稀释每股收益,20250331,0.28
301376,致欧科技,每股指标,摊薄每股收益_最新股数,20250331,0.275537
301376,致欧科技,每股指标,摊薄每股净资产_期末股数,20250331,8.337154
301376,致欧科技,每股指标,调整每股净资产_期末股数,20250331,8.099228
301376,致欧科技,每股指标,每股净资产_最新股数,20250331,8.317082
301376,致欧科技,每股指标,每股经营现金流,20250331,1.709276
301376,致欧科技,每股指标,每股现金流量净额,20250331,0.042038
301376,致欧科技,每股指标,每股企业自由现金流量,20250331,
301376,致欧科技,每股指标,每股股东自由现金流量,20250331,
301376,致欧科技,每股指标,每股未分配利润,20250331,3.194036
301376,致欧科技,每股指标,每股资本公积金,20250331,3.801003
301376,致欧科技,每股指标,每股盈余公积金,20250331,0.296862
301376,致欧科技,每股指标,每股留存收益,20250331,3.490898
301376,致欧科技,每股指标,每股营业收入,20250331,5.208605
301376,致欧科技,每股指标,每股营业总收入,20250331,5.208605
301376,致欧科技,每股指标,每股息税前利润,20250331,0.381454
301376,致欧科技,盈利能力,净资产收益率(ROE),20250331,3.37
301376,致欧科技,盈利能力,摊薄净资产收益率,20250331,3.312908
301376,致欧科技,盈利能力,净资产收益率_平均,20250331,3.373494
301376,致欧科技,盈利能力,净资产收益率_平均_扣除非经常损益,20250331,3.6457
301376,致欧科技,盈利能力,摊薄净资产收益率_扣除非经常损益,20250331,3.580224
301376,致欧科技,盈利能力,息税前利润率,20250331,7.323539
301376,致欧科技,盈利能力,总资产报酬率,20250331,2.405458
301376,致欧科技,盈利能力,总资本回报率,20250331,2.768453
301376,致欧科技,盈利能力,投入资本回报率,20250331,2.239594
301376,致欧科技,盈利能力,息前税后总资产报酬率_平均,20250331,1.945942
301376,致欧科技,盈利能力,毛利率,20250331,35.391071
301376,致欧科技,盈利能力,销售净利率,20250331,5.302806
301376,致欧科技,盈利能力,成本费用利润率,20250331,7.218206
301376,致欧科技,盈利能力,营业利润率,20250331,6.723511
301376,致欧科技,盈利能力,总资产净利率_平均,20250331,1.741737
301376,致欧科技,盈利能力,总资产净利率_平均(含少数股东损益),20250331,1.741737
301376,致欧科技,成长能力,归母净利润,20250331,110895216.95
301376,致欧科技,成长能力,营业总收入,20250331,2091255102.87
301376,致欧科技,成长能力,净利润,20250331,110895216.95
301376,致欧科技,成长能力,扣非净利润,20250331,119843290.3
301376,致欧科技,成长能力,营业总收入增长率,20250331,13.555809
301376,致欧科技,成长能力,归属母公司净利润增长率,20250331,10.301045
301376,致欧科技,收益质量,经营活动净现金/销售收入,20250331,0.328163
301376,致欧科技,收益质量,经营性现金净流量/营业总收入,20250331,0.328163
301376,致欧科技,收益质量,成本费用率,20250331,92.846117
301376,致欧科技,收益质量,期间费用率,20250331,28.237189
301376,致欧科技,收益质量,销售成本率,20250331,64.608928
301376,致欧科技,收益质量,经营活动净现金/归属母公司的净利润,20250331,6.188495
301376,致欧科技,收益质量,所得税/利润总额,20250331,20.875178
301376,致欧科技,财务风险,流动比率,20250331,1.641461
301376,致欧科技,财务风险,速动比率,20250331,1.078155
301376,致欧科技,财务风险,保守速动比率,20250331,0.731076
301376,致欧科技,财务风险,资产负债率,20250331,48.19997
301376,致欧科技,财务风险,权益乘数,20250331,1.936856
301376,致欧科技,财务风险,权益乘数(含少数股权的净资产),20250331,1.9305
301376,致欧科技,财务风险,产权比率,20250331,93.050081
301376,致欧科技,财务风险,现金比率,20250331,0.595803
301376,致欧科技,营运能力,应收账款周转率,20250331,7.220003
301376,致欧科技,营运能力,应收账款周转天数,20250331,12.465367
301376,致欧科技,营运能力,存货周转率,20250331,1.057275
301376,致欧科技,营运能力,存货周转天数,20250331,85.124463
301376,致欧科技,营运能力,总资产周转率,20250331,0.328455
301376,致欧科技,营运能力,总资产周转天数,20250331,274.009541
301376,致欧科技,营运能力,流动资产周转率,20250331,0.581396
301376,致欧科技,营运能力,流动资产周转天数,20250331,154.799615
301376,致欧科技,营运能力,应付账款周转率,20250331,3.434753
301376,致欧科技,常用指标,归母净利润,20241231,333573745.07
301376,致欧科技,常用指标,营业总收入,20241231,8123835098.24
301376,致欧科技,常用指标,营业成本,20241231,7763530240.29
301376,致欧科技,常用指标,净利润,20241231,333573745.07
301376,致欧科技,常用指标,扣非净利润,20241231,308565634.75
301376,致欧科技,常用指标,股东权益合计(净资产),20241231,3227133110.2
301376,致欧科技,常用指标,商誉,20241231,
301376,致欧科技,常用指标,经营现金流量净额,20241231,2293940146.3
301376,致欧科技,常用指标,基本每股收益,20241231,0.83
301376,致欧科技,常用指标,每股净资产,20241231,8.037691
301376,致欧科技,常用指标,每股现金流,20241231,5.713425
301376,致欧科技,常用指标,净资产收益率(ROE),20241231,10.52
301376,致欧科技,常用指标,总资产报酬率(ROA),20241231,7.617393
301376,致欧科技,常用指标,毛利率,20241231,34.653509
301376,致欧科技,常用指标,销售净利率,20241231,4.106111
301376,致欧科技,常用指标,期间费用率,20241231,30.094076
301376,致欧科技,常用指标,资产负债率,20241231,48.545075
301376,致欧科技,每股指标,基本每股收益,20241231,0.83
301376,致欧科技,每股指标,稀释每股收益,20241231,0.83
301376,致欧科技,每股指标,摊薄每股收益_最新股数,20241231,0.828818
301376,致欧科技,每股指标,摊薄每股净资产_期末股数,20241231,8.037691
301376,致欧科技,每股指标,调整每股净资产_期末股数,20241231,7.813411
301376,致欧科技,每股指标,每股净资产_最新股数,20241231,8.01834
301376,致欧科技,每股指标,每股经营现金流,20241231,5.713425
301376,致欧科技,每股指标,每股现金流量净额,20241231,-0.342895
301376,致欧科技,每股指标,每股企业自由现金流量,20241231,1.102345
301376,致欧科技,每股指标,每股股东自由现金流量,20241231,-2.668563
301376,致欧科技,每股指标,每股未分配利润,20241231,2.917834
301376,致欧科技,每股指标,每股资本公积金,20241231,3.787353
301376,致欧科技,每股指标,每股盈余公积金,20241231,0.296862
301376,致欧科技,每股指标,每股留存收益,20241231,3.214696
301376,致欧科技,每股指标,每股营业收入,20241231,20.233711
301376,致欧科技,每股指标,每股营业总收入,20241231,20.233711
301376,致欧科技,每股指标,每股息税前利润,20241231,1.124405
301376,致欧科技,盈利能力,净资产收益率(ROE),20241231,10.52
301376,致欧科技,盈利能力,摊薄净资产收益率,20241231,10.336535
301376,致欧科技,盈利能力,净资产收益率_平均,20241231,10.509397
301376,致欧科技,盈利能力,净资产收益率_平均_扣除非经常损益,20241231,9.721505
301376,致欧科技,盈利能力,摊薄净资产收益率_扣除非经常损益,20241231,9.561602
301376,致欧科技,盈利能力,息税前利润率,20241231,5.557091
301376,致欧科技,盈利能力,总资产报酬率,20241231,7.617393
301376,致欧科技,盈利能力,总资本回报率,20241231,8.86061
301376,致欧科技,盈利能力,投入资本回报率,20241231,7.476128
301376,致欧科技,盈利能力,息前税后总资产报酬率_平均,20241231,6.427165
301376,致欧科技,盈利能力,毛利率,20241231,34.653509
301376,致欧科技,盈利能力,销售净利率,20241231,4.106111
301376,致欧科技,盈利能力,成本费用利润率,20241231,5.212054
301376,致欧科技,盈利能力,营业利润率,20241231,4.972285
301376,致欧科技,盈利能力,总资产净利率_平均,20241231,5.62846
301376,致欧科技,盈利能力,总资产净利率_平均(含少数股东损益),20241231,5.62846
301376,致欧科技,成长能力,归母净利润,20241231,333573745.07
301376,致欧科技,成长能力,营业总收入,20241231,8123835098.24
301376,致欧科技,成长能力,净利润,20241231,333573745.07
301376,致欧科技,成长能力,扣非净利润,20241231,308565634.75
301376,致欧科技,成长能力,营业总收入增长率,20241231,33.743574
301376,致欧科技,成长能力,归属母公司净利润增长率,20241231,-19.208797
301376,致欧科技,收益质量,经营活动净现金/销售收入,20241231,0.282371
301376,致欧科技,收益质量,经营性现金净流量/营业总收入,20241231,0.282371
301376,致欧科技,收益质量,成本费用率,20241231,95.440567
301376,致欧科技,收益质量,期间费用率,20241231,30.094076
301376,致欧科技,收益质量,销售成本率,20241231,65.34649
301376,致欧科技,收益质量,经营活动净现金/归属母公司的净利润,20241231,6.87686
301376,致欧科技,收益质量,所得税/利润总额,20241231,17.455381
301376,致欧科技,财务风险,流动比率,20241231,1.53398
301376,致欧科技,财务风险,速动比率,20241231,0.970463
301376,致欧科技,财务风险,保守速动比率,20241231,0.577883
301376,致欧科技,财务风险,资产负债率,20241231,48.545075
301376,致欧科技,财务风险,权益乘数,20241231,1.867188
301376,致欧科技,财务风险,权益乘数(含少数股权的净资产),20241231,1.943448
301376,致欧科技,财务风险,产权比率,20241231,94.344857
301376,致欧科技,财务风险,现金比率,20241231,0.45869
301376,致欧科技,营运能力,应收账款周转率,20241231,34.337685
301376,致欧科技,营运能力,应收账款周转天数,20241231,10.484108
301376,致欧科技,营运能力,存货周转率,20241231,4.819345
301376,致欧科技,营运能力,存货周转天数,20241231,74.698943
301376,致欧科技,营运能力,总资产周转率,20241231,1.370751
301376,致欧科技,营运能力,总资产周转天数,20241231,262.629584
301376,致欧科技,营运能力,流动资产周转率,20241231,2.403346
301376,致欧科技,营运能力,流动资产周转天数,20241231,149.791128
301376,致欧科技,营运能力,应付账款周转率,20241231,14.020405
301376,致欧科技,常用指标,归母净利润,20240930,277534049.49
301376,致欧科技,常用指标,营业总收入,20240930,5727825735.94
301376,致欧科技,常用指标,营业成本,20240930,5427674806.7
301376,致欧科技,常用指标,净利润,20240930,277534049.49
301376,致欧科技,常用指标,扣非净利润,20240930,258341467.37
301376,致欧科技,常用指标,股东权益合计(净资产),20240930,3205549372.48
301376,致欧科技,常用指标,商誉,20240930,
301376,致欧科技,常用指标,经营现金流量净额,20240930,1495705784.66
301376,致欧科技,常用指标,基本每股收益,20240930,0.69
301376,致欧科技,常用指标,每股净资产,20240930,7.983933
301376,致欧科技,常用指标,每股现金流,20240930,3.725294
301376,致欧科技,常用指标,净资产收益率(ROE),20240930,8.75
301376,致欧科技,常用指标,总资产报酬率(ROA),20240930,6.436705
301376,致欧科技,常用指标,毛利率,20240930,35.10139
301376,致欧科技,常用指标,销售净利率,20240930,4.845364
301376,致欧科技,常用指标,期间费用率,20240930,29.768573
301376,致欧科技,常用指标,资产负债率,20240930,48.659506
301376,致欧科技,每股指标,基本每股收益,20240930,0.69
301376,致欧科技,每股指标,稀释每股收益,20240930,0.69
301376,致欧科技,每股指标,摊薄每股收益_最新股数,20240930,0.689578
301376,致欧科技,每股指标,摊薄每股净资产_期末股数,20240930,7.983933
301376,致欧科技,每股指标,调整每股净资产_期末股数,20240930,7.779262
301376,致欧科技,每股指标,每股净资产_最新股数,20240930,7.964711
301376,致欧科技,每股指标,每股经营现金流,20240930,3.725294
301376,致欧科技,每股指标,每股现金流量净额,20240930,-0.434406
301376,致欧科技,每股指标,每股企业自由现金流量,20240930,
301376,致欧科技,每股指标,每股股东自由现金流量,20240930,
301376,致欧科技,每股指标,每股未分配利润,20240930,2.945078
301376,致欧科技,每股指标,每股资本公积金,20240930,3.774051
301376,致欧科技,每股指标,每股盈余公积金,20240930,0.230041
301376,致欧科技,每股指标,每股留存收益,20240930,3.17512
301376,致欧科技,每股指标,每股营业收入,20240930,14.266066
301376,致欧科技,每股指标,每股营业总收入,20240930,14.266066
301376,致欧科技,每股指标,每股息税前利润,20240930,0.947874
301376,致欧科技,盈利能力,净资产收益率(ROE),20240930,8.75
301376,致欧科技,盈利能力,摊薄净资产收益率,20240930,8.657924
301376,致欧科技,盈利能力,净资产收益率_平均,20240930,8.773671
301376,致欧科技,盈利能力,净资产收益率_平均_扣除非经常损益,20240930,8.166937
301376,致欧科技,盈利能力,摊薄净资产收益率_扣除非经常损益,20240930,8.059194
301376,致欧科技,盈利能力,息税前利润率,20240930,6.644261
301376,致欧科技,盈利能力,总资产报酬率,20240930,6.436705
301376,致欧科技,盈利能力,总资本回报率,20240930,7.342531
301376,致欧科技,盈利能力,投入资本回报率,20240930,6.026336
301376,致欧科技,盈利能力,息前税后总资产报酬率_平均,20240930,5.282885
301376,致欧科技,盈利能力,毛利率,20240930,35.10139
301376,致欧科技,盈利能力,销售净利率,20240930,4.845364
301376,致欧科技,盈利能力,成本费用利润率,20240930,6.376433
301376,致欧科技,盈利能力,营业利润率,20240930,6.032287
301376,致欧科技,盈利能力,总资产净利率_平均,20240930,4.694003
301376,致欧科技,盈利能力,总资产净利率_平均(含少数股东损益),20240930,4.694003
301376,致欧科技,成长能力,归母净利润,20240930,277534049.49
301376,致欧科技,成长能力,营业总收入,20240930,5727825735.94
301376,致欧科技,成长能力,净利润,20240930,277534049.49
301376,致欧科技,成长能力,扣非净利润,20240930,258341467.37
301376,致欧科技,成长能力,营业总收入增长率,20240930,38.48598
301376,致欧科技,成长能力,归属母公司净利润增长率,20240930,-3.109581
301376,致欧科技,收益质量,经营活动净现金/销售收入,20240930,0.261129
301376,致欧科技,收益质量,经营性现金净流量/营业总收入,20240930,0.261129
301376,致欧科技,收益质量,成本费用率,20240930,94.667182
301376,致欧科技,收益质量,期间费用率,20240930,29.768573
301376,致欧科技,收益质量,销售成本率,20240930,64.898609
301376,致欧科技,收益质量,经营活动净现金/归属母公司的净利润,20240930,5.389269
301376,致欧科技,收益质量,所得税/利润总额,20240930,19.730755
301376,致欧科技,财务风险,流动比率,20240930,1.612326
301376,致欧科技,财务风险,速动比率,20240930,0.991068
301376,致欧科技,财务风险,保守速动比率,20240930,0.597933
301376,致欧科技,财务风险,资产负债率,20240930,48.659506
301376,致欧科技,财务风险,权益乘数,20240930,1.869123
301376,致欧科技,财务风险,权益乘数(含少数股权的净资产),20240930,1.94778
301376,致欧科技,财务风险,产权比率,20240930,94.778025
301376,致欧科技,财务风险,现金比率,20240930,0.508846
301376,致欧科技,营运能力,应收账款周转率,20240930,29.656986
301376,致欧科技,营运能力,应收账款周转天数,20240930,9.104094
301376,致欧科技,营运能力,存货周转率,20240930,3.311666
301376,致欧科技,营运能力,存货周转天数,20240930,81.529945
301376,致欧科技,营运能力,总资产周转率,20240930,0.968761
301376,致欧科技,营运能力,总资产周转天数,20240930,278.706327
301376,致欧科技,营运能力,流动资产周转率,20240930,1.709482
301376,致欧科技,营运能力,流动资产周转天数,20240930,157.942517
301376,致欧科技,营运能力,应付账款周转率,20240930,10.581967
301376,致欧科技,常用指标,归母净利润,20240630,171536369.03
301376,致欧科技,常用指标,营业总收入,20240630,3721079133.37
301376,致欧科技,常用指标,营业成本,20240630,3541202235.18
301376,致欧科技,常用指标,净利润,20240630,171536369.03
301376,致欧科技,常用指标,扣非净利润,20240630,159553909.72
301376,致欧科技,常用指标,股东权益合计(净资产),20240630,3097380605.99
301376,致欧科技,常用指标,商誉,20240630,
301376,致欧科技,常用指标,经营现金流量净额,20240630,934597975.32
301376,致欧科技,常用指标,基本每股收益,20240630,0.43
301376,致欧科技,常用指标,每股净资产,20240630,7.714522
301376,致欧科技,常用指标,每股现金流,20240630,2.327765
301376,致欧科技,常用指标,净资产收益率(ROE),20240630,5.41
301376,致欧科技,常用指标,总资产报酬率(ROA),20240630,4.088078
301376,致欧科技,常用指标,毛利率,20240630,34.917698
301376,致欧科技,常用指标,销售净利率,20240630,4.609855
301376,致欧科技,常用指标,期间费用率,20240630,29.991987
301376,致欧科技,常用指标,资产负债率,20240630,47.054753
301376,致欧科技,每股指标,基本每股收益,20240630,0.43
301376,致欧科技,每股指标,稀释每股收益,20240630,0.43
301376,致欧科技,每股指标,摊薄每股收益_最新股数,20240630,0.42621
301376,致欧科技,每股指标,摊薄每股净资产_期末股数,20240630,7.714522
301376,致欧科技,每股指标,调整每股净资产_期末股数,20240630,7.521441
301376,致欧科技,每股指标,每股净资产_最新股数,20240630,7.695948
301376,致欧科技,每股指标,每股经营现金流,20240630,2.327765
301376,致欧科技,每股指标,每股现金流量净额,20240630,0.001879
301376,致欧科技,每股指标,每股企业自由现金流量,20240630,0.029072
301376,致欧科技,每股指标,每股股东自由现金流量,20240630,-1.685223
301376,致欧科技,每股指标,每股未分配利润,20240630,2.681074
301376,致欧科技,每股指标,每股资本公积金,20240630,3.763423
301376,致欧科技,每股指标,每股盈余公积金,20240630,0.230041
301376,致欧科技,每股指标,每股留存收益,20240630,2.911116
301376,致欧科技,每股指标,每股营业收入,20240630,9.267943
301376,致欧科技,每股指标,每股营业总收入,20240630,9.267943
301376,致欧科技,每股指标,每股息税前利润,20240630,0.581978
301376,致欧科技,盈利能力,净资产收益率(ROE),20240630,5.41
301376,致欧科技,盈利能力,摊薄净资产收益率,20240630,5.53811
301376,致欧科技,盈利能力,净资产收益率_平均,20240630,5.517101
301376,致欧科技,盈利能力,净资产收益率_平均_扣除非经常损益,20240630,5.13171
301376,致欧科技,盈利能力,摊薄净资产收益率_扣除非经常损益,20240630,5.151252
301376,致欧科技,盈利能力,息税前利润率,20240630,6.279477
301376,致欧科技,盈利能力,总资产报酬率,20240630,4.088078
301376,致欧科技,盈利能力,总资本回报率,20240630,4.621259
301376,致欧科技,盈利能力,投入资本回报率,20240630,3.81123
301376,致欧科技,盈利能力,息前税后总资产报酬率_平均,20240630,3.371507
301376,致欧科技,盈利能力,毛利率,20240630,34.917698
301376,致欧科技,盈利能力,销售净利率,20240630,4.609855
301376,致欧科技,盈利能力,成本费用利润率,20240630,6.006399
301376,致欧科技,盈利能力,营业利润率,20240630,5.701567
301376,致欧科技,盈利能力,总资产净利率_平均,20240630,3.001117
301376,致欧科技,盈利能力,总资产净利率_平均(含少数股东损益),20240630,3.001117
301376,致欧科技,成长能力,归母净利润,20240630,171536369.03
301376,致欧科技,成长能力,营业总收入,20240630,3721079133.37
301376,致欧科技,成长能力,净利润,20240630,171536369.03
301376,致欧科技,成长能力,扣非净利润,20240630,159553909.72
301376,致欧科技,成长能力,营业总收入增长率,20240630,40.741881
301376,致欧科技,成长能力,归属母公司净利润增长率,20240630,-7.731218
301376,致欧科技,收益质量,经营活动净现金/销售收入,20240630,0.251163
301376,致欧科技,收益质量,经营性现金净流量/营业总收入,20240630,0.251163
301376,致欧科技,收益质量,成本费用率,20240630,95.074288
301376,致欧科技,收益质量,期间费用率,20240630,29.991987
301376,致欧科技,收益质量,销售成本率,20240630,65.082301
301376,致欧科技,收益质量,经营活动净现金/归属母公司的净利润,20240630,5.448395
301376,致欧科技,收益质量,所得税/利润总额,20240630,19.274639
301376,致欧科技,财务风险,流动比率,20240630,1.802564
301376,致欧科技,财务风险,速动比率,20240630,1.154971
301376,致欧科技,财务风险,保守速动比率,20240630,0.730718
301376,致欧科技,财务风险,资产负债率,20240630,47.054753
301376,致欧科技,财务风险,权益乘数,20240630,1.838348
301376,致欧科技,财务风险,权益乘数(含少数股权的净资产),20240630,1.888743
301376,致欧科技,财务风险,产权比率,20240630,88.874367
301376,致欧科技,财务风险,现金比率,20240630,0.634144
301376,致欧科技,营运能力,应收账款周转率,20240630,19.978341
301376,致欧科技,营运能力,应收账款周转天数,20240630,9.009756
301376,致欧科技,营运能力,存货周转率,20240630,2.306196
301376,致欧科技,营运能力,存货周转天数,20240630,78.050603
301376,致欧科技,营运能力,总资产周转率,20240630,0.651022
301376,致欧科技,营运能力,总资产周转天数,20240630,276.488311
301376,致欧科技,营运能力,流动资产周转率,20240630,1.135274
301376,致欧科技,营运能力,流动资产周转天数,20240630,158.551976
301376,致欧科技,营运能力,应付账款周转率,20240630,8.09613
301376,致欧科技,常用指标,归母净利润,20240331,100538681.31
301376,致欧科技,常用指标,营业总收入,20240331,1841609961.04
301376,致欧科技,常用指标,营业成本,20240331,1739819331.41
301376,致欧科技,常用指标,净利润,20240331,100538681.31
301376,致欧科技,常用指标,扣非净利润,20240331,95983316.14
301376,致欧科技,常用指标,股东权益合计(净资产),20240331,3219325884.86
301376,致欧科技,常用指标,商誉,20240331,
301376,致欧科技,常用指标,经营现金流量净额,20240331,438359012.44
301376,致欧科技,常用指标,基本每股收益,20240331,0.25
301376,致欧科技,常用指标,每股净资产,20240331,8.018246
301376,致欧科技,常用指标,每股现金流,20240331,1.091803
301376,致欧科技,常用指标,净资产收益率(ROE),20240331,3.17
301376,致欧科技,常用指标,总资产报酬率(ROA),20240331,2.287141
301376,致欧科技,常用指标,毛利率,20240331,35.997182
301376,致欧科技,常用指标,销售净利率,20240331,5.459282
301376,致欧科技,常用指标,期间费用率,20240331,30.379735
301376,致欧科技,常用指标,资产负债率,20240331,43.839823
301376,致欧科技,每股指标,基本每股收益,20240331,0.25
301376,致欧科技,每股指标,稀释每股收益,20240331,0.25
301376,致欧科技,每股指标,摊薄每股收益_最新股数,20240331,0.249804
301376,致欧科技,每股指标,摊薄每股净资产_期末股数,20240331,8.018246
301376,致欧科技,每股指标,调整每股净资产_期末股数,20240331,7.835669
301376,致欧科技,每股指标,每股净资产_最新股数,20240331,7.998941
301376,致欧科技,每股指标,每股经营现金流,20240331,1.091803
301376,致欧科技,每股指标,每股现金流量净额,20240331,-0.312481
301376,致欧科技,每股指标,每股企业自由现金流量,20240331,
301376,致欧科技,每股指标,每股股东自由现金流量,20240331,
301376,致欧科技,每股指标,每股未分配利润,20240331,3.004243
301376,致欧科技,每股指标,每股资本公积金,20240331,3.745373
301376,致欧科技,每股指标,每股盈余公积金,20240331,0.230041
301376,致欧科技,每股指标,每股留存收益,20240331,3.234285
301376,致欧科技,每股指标,每股营业收入,20240331,4.586824
301376,致欧科技,每股指标,每股营业总收入,20240331,4.586824
301376,致欧科技,每股指标,每股息税前利润,20240331,0.322243
301376,致欧科技,盈利能力,净资产收益率(ROE),20240331,3.17
301376,致欧科技,盈利能力,摊薄净资产收益率,20240331,3.122973
301376,致欧科技,盈利能力,净资产收益率_平均,20240331,3.171418
301376,致欧科技,盈利能力,净资产收益率_平均_扣除非经常损益,20240331,3.027723
301376,致欧科技,盈利能力,摊薄净资产收益率_扣除非经常损益,20240331,2.981472
301376,致欧科技,盈利能力,息税前利润率,20240331,7.025407
301376,致欧科技,盈利能力,总资产报酬率,20240331,2.287141
301376,致欧科技,盈利能力,总资本回报率,20240331,2.635899
301376,致欧科技,盈利能力,投入资本回报率,20240331,2.261035
301376,致欧科技,盈利能力,息前税后总资产报酬率_平均,20240331,1.961876
301376,致欧科技,盈利能力,毛利率,20240331,35.997182
301376,致欧科技,盈利能力,销售净利率,20240331,5.459282
301376,致欧科技,盈利能力,成本费用利润率,20240331,6.842787
301376,致欧科技,盈利能力,营业利润率,20240331,6.455209
301376,致欧科技,盈利能力,总资产净利率_平均,20240331,1.777284
301376,致欧科技,盈利能力,总资产净利率_平均(含少数股东损益),20240331,1.777284
301376,致欧科技,成长能力,归母净利润,20240331,100538681.31
301376,致欧科技,成长能力,营业总收入,20240331,1841609961.04
301376,致欧科技,成长能力,净利润,20240331,100538681.31
301376,致欧科技,成长能力,扣非净利润,20240331,95983316.14
301376,致欧科技,成长能力,营业总收入增长率,20240331,45.298327
301376,致欧科技,成长能力,归属母公司净利润增长率,20240331,15.060307
301376,致欧科技,收益质量,经营活动净现金/销售收入,20240331,0.23803
301376,致欧科技,收益质量,经营性现金净流量/营业总收入,20240331,0.23803
301376,致欧科技,收益质量,成本费用率,20240331,94.382552
301376,致欧科技,收益质量,期间费用率,20240331,30.379735
301376,致欧科技,收益质量,销售成本率,20240331,64.002817
301376,致欧科技,收益质量,经营活动净现金/归属母公司的净利润,20240331,4.360103
301376,致欧科技,收益质量,所得税/利润总额,20240331,15.470026
301376,致欧科技,财务风险,流动比率,20240331,1.91811
301376,致欧科技,财务风险,速动比率,20240331,1.299184
301376,致欧科技,财务风险,保守速动比率,20240331,0.744762
301376,致欧科技,财务风险,资产负债率,20240331,43.839823
301376,致欧科技,财务风险,权益乘数,20240331,1.784418
301376,致欧科技,财务风险,权益乘数(含少数股权的净资产),20240331,1.780621
301376,致欧科技,财务风险,产权比率,20240331,78.062118
301376,致欧科技,财务风险,现金比率,20240331,0.654281
301376,致欧科技,营运能力,应收账款周转率,20240331,10.424251
301376,致欧科技,营运能力,应收账款周转天数,20240331,8.633713
301376,致欧科技,营运能力,存货周转率,20240331,1.182486
301376,致欧科技,营运能力,存货周转天数,20240331,76.11078
301376,致欧科技,营运能力,总资产周转率,20240331,0.325552
301376,致欧科技,营运能力,总资产周转天数,20240331,276.452852
301376,致欧科技,营运能力,流动资产周转率,20240331,0.557209
301376,致欧科技,营运能力,流动资产周转天数,20240331,161.519162
301376,致欧科技,营运能力,应付账款周转率,20240331,3.294497
301376,致欧科技,常用指标,归母净利润,20231231,412883749.9
301376,致欧科技,常用指标,营业总收入,20231231,6074187229.49
301376,致欧科技,常用指标,营业成本,20231231,5565315379.59
301376,致欧科技,常用指标,净利润,20231231,412883749.9
301376,致欧科技,常用指标,扣非净利润,20231231,431745547.53
301376,致欧科技,常用指标,股东权益合计(净资产),20231231,3120970799.09
301376,致欧科技,常用指标,商誉,20231231,
301376,致欧科技,常用指标,经营现金流量净额,20231231,1499078788.12
301376,致欧科技,常用指标,基本每股收益,20231231,1.08
301376,致欧科技,常用指标,每股净资产,20231231,7.773277
301376,致欧科技,常用指标,每股现金流,20231231,3.733695
301376,致欧科技,常用指标,净资产收益率(ROE),20231231,16.76
301376,致欧科技,常用指标,总资产报酬率(ROA),20231231,11.545726
301376,致欧科技,常用指标,毛利率,20231231,36.320028
301376,致欧科技,常用指标,销售净利率,20231231,6.797349
301376,致欧科技,常用指标,期间费用率,20231231,27.85052
301376,致欧科技,常用指标,资产负债率,20231231,44.082059
301376,致欧科技,每股指标,基本每股收益,20231231,1.08
301376,致欧科技,每股指标,稀释每股收益,20231231,1.08
301376,致欧科技,每股指标,摊薄每股收益_最新股数,20231231,1.025877
301376,致欧科技,每股指标,摊薄每股净资产_期末股数,20231231,7.773277
301376,致欧科技,每股指标,调整每股净资产_期末股数,20231231,7.595043
301376,致欧科技,每股指标,每股净资产_最新股数,20231231,7.754562
301376,致欧科技,每股指标,每股经营现金流,20231231,3.733695
301376,致欧科技,每股指标,每股现金流量净额,20231231,-0.292798
301376,致欧科技,每股指标,每股企业自由现金流量,20231231,0.910545
301376,致欧科技,每股指标,每股股东自由现金流量,20231231,-0.581977
301376,致欧科技,每股指标,每股未分配利润,20231231,2.753835
301376,致欧科技,每股指标,每股资本公积金,20231231,3.745373
301376,致欧科技,每股指标,每股盈余公积金,20231231,0.230041
301376,致欧科技,每股指标,每股留存收益,20231231,2.983877
301376,致欧科技,每股指标,每股营业收入,20231231,15.128735
301376,致欧科技,每股指标,每股营业总收入,20231231,15.128735
301376,致欧科技,每股指标,每股息税前利润,20231231,1.302511
301376,致欧科技,盈利能力,净资产收益率(ROE),20231231,16.76
301376,致欧科技,盈利能力,摊薄净资产收益率,20231231,13.229337
301376,致欧科技,盈利能力,净资产收益率_平均,20231231,16.756121
301376,致欧科技,盈利能力,净资产收益率_平均_扣除非经常损益,20231231,17.521592
301376,致欧科技,盈利能力,摊薄净资产收益率_扣除非经常损益,20231231,13.833693
301376,致欧科技,盈利能力,息税前利润率,20231231,8.60952
301376,致欧科技,盈利能力,总资产报酬率,20231231,11.545726
301376,致欧科技,盈利能力,总资本回报率,20231231,13.332252
301376,致欧科技,盈利能力,投入资本回报率,20231231,11.426364
301376,致欧科技,盈利能力,息前税后总资产报酬率_平均,20231231,9.895228
301376,致欧科技,盈利能力,毛利率,20231231,36.320028
301376,致欧科技,盈利能力,销售净利率,20231231,6.797349
301376,致欧科技,盈利能力,成本费用利润率,20231231,8.770965
301376,致欧科技,盈利能力,营业利润率,20231231,8.100775
301376,致欧科技,盈利能力,总资产净利率_平均,20231231,9.115528
301376,致欧科技,盈利能力,总资产净利率_平均(含少数股东损益),20231231,9.115528
301376,致欧科技,成长能力,归母净利润,20231231,412883749.9
301376,致欧科技,成长能力,营业总收入,20231231,6074187229.49
301376,致欧科技,成长能力,净利润,20231231,412883749.9
301376,致欧科技,成长能力,扣非净利润,20231231,431745547.53
301376,致欧科技,成长能力,营业总收入增长率,20231231,11.342871
301376,致欧科技,成长能力,归属母公司净利润增长率,20231231,65.077733
301376,致欧科技,收益质量,经营活动净现金/销售收入,20231231,0.246794
301376,致欧科技,收益质量,经营性现金净流量/营业总收入,20231231,0.246794
301376,致欧科技,收益质量,成本费用率,20231231,91.530492
301376,致欧科技,收益质量,期间费用率,20231231,27.85052
301376,致欧科技,收益质量,销售成本率,20231231,63.679971
301376,致欧科技,收益质量,经营活动净现金/归属母公司的净利润,20231231,3.630752
301376,致欧科技,收益质量,所得税/利润总额,20231231,15.330613
301376,致欧科技,财务风险,流动比率,20231231,1.745302
301376,致欧科技,财务风险,速动比率,20231231,1.259166
301376,致欧科技,财务风险,保守速动比率,20231231,0.762
301376,致欧科技,财务风险,资产负债率,20231231,44.082059
301376,致欧科技,财务风险,权益乘数,20231231,1.838195
301376,致欧科技,财务风险,权益乘数(含少数股权的净资产),20231231,1.788334
301376,致欧科技,财务风险,产权比率,20231231,78.83348
301376,致欧科技,财务风险,现金比率,20231231,0.65672
301376,致欧科技,营运能力,应收账款周转率,20231231,36.411244
301376,致欧科技,营运能力,应收账款周转天数,20231231,9.887055
301376,致欧科技,营运能力,存货周转率,20231231,4.932233
301376,致欧科技,营运能力,存货周转天数,20231231,72.989251
301376,致欧科技,营运能力,总资产周转率,20231231,1.341041
301376,致欧科技,营运能力,总资产周转天数,20231231,268.448041
301376,致欧科技,营运能力,流动资产周转率,20231231,2.266369
301376,致欧科技,营运能力,流动资产周转天数,20231231,158.844367
301376,致欧科技,营运能力,应付账款周转率,20231231,12.823949
301376,致欧科技,常用指标,归母净利润,20230930,286441172.51
301376,致欧科技,常用指标,营业总收入,20230930,4136032926.72
301376,致欧科技,常用指标,营业成本,20230930,3761839743.83
301376,致欧科技,常用指标,净利润,20230930,286441172.51
301376,致欧科技,常用指标,扣非净利润,20230930,312908069.47
301376,致欧科技,常用指标,股东权益合计(净资产),20230930,2993790210.09
301376,致欧科技,常用指标,商誉,20230930,
301376,致欧科技,常用指标,经营现金流量净额,20230930,1065228023.34
301376,致欧科技,常用指标,基本每股收益,20230930,0.76
301376,致欧科技,常用指标,每股净资产,20230930,7.456513
301376,致欧科技,常用指标,每股现金流,20230930,2.65312
301376,致欧科技,常用指标,净资产收益率(ROE),20230930,12.72
301376,致欧科技,常用指标,总资产报酬率(ROA),20230930,8.689032
301376,致欧科技,常用指标,毛利率,20230930,36.859692
301376,致欧科技,常用指标,销售净利率,20230930,6.925505
301376,致欧科技,常用指标,期间费用率,20230930,27.716917
301376,致欧科技,常用指标,资产负债率,20230930,40.985799
301376,致欧科技,每股指标,基本每股收益,20230930,0.76
301376,致欧科技,每股指标,稀释每股收益,20230930,0.76
301376,致欧科技,每股指标,摊薄每股收益_最新股数,20230930,0.711709
301376,致欧科技,每股指标,摊薄每股净资产_期末股数,20230930,7.456513
301376,致欧科技,每股指标,调整每股净资产_期末股数,20230930,7.30288
301376,致欧科技,每股指标,每股净资产_最新股数,20230930,7.438561
301376,致欧科技,每股指标,每股经营现金流,20230930,2.65312
301376,致欧科技,每股指标,每股现金流量净额,20230930,0.297858
301376,致欧科技,每股指标,每股企业自由现金流量,20230930,
301376,致欧科技,每股指标,每股股东自由现金流量,20230930,
301376,致欧科技,每股指标,每股未分配利润,20230930,2.519289
301376,致欧科技,每股指标,每股资本公积金,20230930,3.745373
301376,致欧科技,每股指标,每股盈余公积金,20230930,0.149662
301376,致欧科技,每股指标,每股留存收益,20230930,2.668952
301376,致欧科技,每股指标,每股营业收入,20230930,10.301451
301376,致欧科技,每股指标,每股营业总收入,20230930,10.301451
301376,致欧科技,每股指标,每股息税前利润,20230930,0.925232
301376,致欧科技,盈利能力,净资产收益率(ROE),20230930,12.72
301376,致欧科技,盈利能力,摊薄净资产收益率,20230930,9.567843
301376,致欧科技,盈利能力,净资产收益率_平均,20230930,11.932628
301376,致欧科技,盈利能力,净资产收益率_平均_扣除非经常损益,20230930,13.035192
301376,致欧科技,盈利能力,摊薄净资产收益率_扣除非经常损益,20230930,10.451903
301376,致欧科技,盈利能力,息税前利润率,20230930,8.981573
301376,致欧科技,盈利能力,总资产报酬率,20230930,8.689032
301376,致欧科技,盈利能力,总资本回报率,20230930,9.898064
301376,致欧科技,盈利能力,投入资本回报率,20230930,8.315645
301376,致欧科技,盈利能力,息前税后总资产报酬率_平均,20230930,7.299903
301376,致欧科技,盈利能力,毛利率,20230930,36.859692
301376,致欧科技,盈利能力,销售净利率,20230930,6.925505
301376,致欧科技,盈利能力,成本费用利润率,20230930,9.202793
301376,致欧科技,盈利能力,营业利润率,20230930,8.376318
301376,致欧科技,盈利能力,总资产净利率_平均,20230930,6.699933
301376,致欧科技,盈利能力,总资产净利率_平均(含少数股东损益),20230930,6.699933
301376,致欧科技,成长能力,归母净利润,20230930,286441172.51
301376,致欧科技,成长能力,营业总收入,20230930,4136032926.72
301376,致欧科技,成长能力,净利润,20230930,286441172.51
301376,致欧科技,成长能力,扣非净利润,20230930,312908069.47
301376,致欧科技,成长能力,营业总收入增长率,20230930,0.424936
301376,致欧科技,成长能力,归属母公司净利润增长率,20230930,67.141789
301376,致欧科技,收益质量,经营活动净现金/销售收入,20230930,0.257548
301376,致欧科技,收益质量,经营性现金净流量/营业总收入,20230930,0.257548
301376,致欧科技,收益质量,成本费用率,20230930,90.857225
301376,致欧科技,收益质量,期间费用率,20230930,27.716917
301376,致欧科技,收益质量,销售成本率,20230930,63.140307
301376,致欧科技,收益质量,经营活动净现金/归属母公司的净利润,20230930,3.718836
301376,致欧科技,收益质量,所得税/利润总额,20230930,17.172931
301376,致欧科技,财务风险,流动比率,20230930,2.166301
301376,致欧科技,财务风险,速动比率,20230930,1.640808
301376,致欧科技,财务风险,保守速动比率,20230930,1.148613
301376,致欧科技,财务风险,资产负债率,20230930,40.985799
301376,致欧科技,财务风险,权益乘数,20230930,1.781007
301376,致欧科技,财务风险,权益乘数(含少数股权的净资产),20230930,1.694507
301376,致欧科技,财务风险,产权比率,20230930,69.45074
301376,致欧科技,财务风险,现金比率,20230930,1.033963
301376,致欧科技,营运能力,应收账款周转率,20230930,27.129618
301376,致欧科技,营运能力,应收账款周转天数,20230930,9.952222
301376,致欧科技,营运能力,存货周转率,20230930,3.651748
301376,致欧科技,营运能力,存货周转天数,20230930,73.937187
301376,致欧科技,营运能力,总资产周转率,20230930,0.967428
301376,致欧科技,营运能力,总资产周转天数,20230930,279.090309
301376,致欧科技,营运能力,流动资产周转率,20230930,1.57303
301376,致欧科技,营运能力,流动资产周转天数,20230930,171.643204
301376,致欧科技,营运能力,应付账款周转率,20230930,9.407731
301376,致欧科技,常用指标,归母净利润,20230630,185909433.81
301376,致欧科技,常用指标,营业总收入,20230630,2643903216.97
301376,致欧科技,常用指标,营业成本,20230630,2383480643.23
301376,致欧科技,常用指标,净利润,20230630,185909433.81
301376,致欧科技,常用指标,扣非净利润,20230630,212657195.82
301376,致欧科技,常用指标,股东权益合计(净资产),20230630,2897757001.1
301376,致欧科技,常用指标,商誉,20230630,
301376,致欧科技,常用指标,经营现金流量净额,20230630,716468223.99
301376,致欧科技,常用指标,基本每股收益,20230630,0.51
301376,致欧科技,常用指标,每股净资产,20230630,7.217327
301376,致欧科技,常用指标,每股现金流,20230630,1.784478
301376,致欧科技,常用指标,净资产收益率(ROE),20230630,9.78
301376,致欧科技,常用指标,总资产报酬率(ROA),20230630,5.811817
301376,致欧科技,常用指标,毛利率,20230630,36.387155
301376,致欧科技,常用指标,销售净利率,20230630,7.031627
301376,致欧科技,常用指标,期间费用率,20230630,26.447019
301376,致欧科技,常用指标,资产负债率,20230630,40.175
301376,致欧科技,每股指标,基本每股收益,20230630,0.51
301376,致欧科技,每股指标,稀释每股收益,20230630,0.51
301376,致欧科技,每股指标,摊薄每股收益_最新股数,20230630,0.461922
301376,致欧科技,每股指标,摊薄每股净资产_期末股数,20230630,7.217327
301376,致欧科技,每股指标,调整每股净资产_期末股数,20230630,7.059765
301376,致欧科技,每股指标,每股净资产_最新股数,20230630,7.199951
301376,致欧科技,每股指标,每股经营现金流,20230630,1.784478
301376,致欧科技,每股指标,每股现金流量净额,20230630,2.270651
301376,致欧科技,每股指标,每股企业自由现金流量,20230630,-1.509344
301376,致欧科技,每股指标,每股股东自由现金流量,20230630,-1.966726
301376,致欧科技,每股指标,每股未分配利润,20230630,2.268898
301376,致欧科技,每股指标,每股资本公积金,20230630,3.745373
301376,致欧科技,每股指标,每股盈余公积金,20230630,0.149662
301376,致欧科技,每股指标,每股留存收益,20230630,2.418561
301376,致欧科技,每股指标,每股营业收入,20230630,6.585064
301376,致欧科技,每股指标,每股营业总收入,20230630,6.585064
301376,致欧科技,每股指标,每股息税前利润,20230630,0.602264
301376,致欧科技,盈利能力,净资产收益率(ROE),20230630,9.78
301376,致欧科技,盈利能力,摊薄净资产收益率,20230630,6.415632
301376,致欧科技,盈利能力,净资产收益率_平均,20230630,7.902732
301376,致欧科技,盈利能力,净资产收益率_平均_扣除非经常损益,20230630,9.03974
301376,致欧科技,盈利能力,摊薄净资产收益率_扣除非经常损益,20230630,7.338682
301376,致欧科技,盈利能力,息税前利润率,20230630,9.145915
301376,致欧科技,盈利能力,总资产报酬率,20230630,5.811817
301376,致欧科技,盈利能力,总资本回报率,20230630,6.590367
301376,致欧科技,盈利能力,投入资本回报率,20230630,5.518973
301376,致欧科技,盈利能力,息前税后总资产报酬率_平均,20230630,4.866992
301376,致欧科技,盈利能力,毛利率,20230630,36.387155
301376,致欧科技,盈利能力,销售净利率,20230630,7.031627
301376,致欧科技,盈利能力,成本费用利润率,20230630,9.458682
301376,致欧科技,盈利能力,营业利润率,20230630,8.527676
301376,致欧科技,盈利能力,总资产净利率_平均,20230630,4.468283
301376,致欧科技,盈利能力,总资产净利率_平均(含少数股东损益),20230630,4.468283
301376,致欧科技,成长能力,归母净利润,20230630,185909433.81
301376,致欧科技,成长能力,营业总收入,20230630,2643903216.97
301376,致欧科技,成长能力,净利润,20230630,185909433.81
301376,致欧科技,成长能力,扣非净利润,20230630,212657195.82
301376,致欧科技,成长能力,营业总收入增长率,20230630,-5.866587
301376,致欧科技,成长能力,归属母公司净利润增长率,20230630,68.444456
301376,致欧科技,收益质量,经营活动净现金/销售收入,20230630,0.270988
301376,致欧科技,收益质量,经营性现金净流量/营业总收入,20230630,0.270988
301376,致欧科技,收益质量,成本费用率,20230630,90.059863
301376,致欧科技,收益质量,期间费用率,20230630,26.447019
301376,致欧科技,收益质量,销售成本率,20230630,63.612844
301376,致欧科技,收益质量,经营活动净现金/归属母公司的净利润,20230630,3.853856
301376,致欧科技,收益质量,所得税/利润总额,20230630,17.454395
301376,致欧科技,财务风险,流动比率,20230630,2.700083
301376,致欧科技,财务风险,速动比率,20230630,2.215159
301376,致欧科技,财务风险,保守速动比率,20230630,1.770188
301376,致欧科技,财务风险,资产负债率,20230630,40.175
301376,致欧科技,财务风险,权益乘数,20230630,1.768628
301376,致欧科技,财务风险,权益乘数(含少数股权的净资产),20230630,1.671542
301376,致欧科技,财务风险,产权比率,20230630,67.1542
301376,致欧科技,财务风险,现金比率,20230630,1.642452
301376,致欧科技,营运能力,应收账款周转率,20230630,17.687611
301376,致欧科技,营运能力,应收账款周转天数,20230630,10.176614
301376,致欧科技,营运能力,存货周转率,20230630,2.627147
301376,致欧科技,营运能力,存货周转天数,20230630,68.515381
301376,致欧科技,营运能力,总资产周转率,20230630,0.635455
301376,致欧科技,营运能力,总资产周转天数,20230630,283.261578
301376,致欧科技,营运能力,流动资产周转率,20230630,0.962186
301376,致欧科技,营运能力,流动资产周转天数,20230630,187.074011
301376,致欧科技,营运能力,应付账款周转率,20230630,6.796205
301376,致欧科技,常用指标,归母净利润,20230331,87379117.83
301376,致欧科技,常用指标,营业总收入,20230331,1267468108.1
301376,致欧科技,常用指标,营业成本,20230331,1163181746.96
301376,致欧科技,常用指标,净利润,20230331,87379117.83
301376,致欧科技,常用指标,扣非净利润,20230331,84487900.0
301376,致欧科技,常用指标,股东权益合计(净资产),20230331,1892894173.55
301376,致欧科技,常用指标,商誉,20230331,
301376,致欧科技,常用指标,经营现金流量净额,20230331,258504025.33
301376,致欧科技,常用指标,基本每股收益,20230331,0.24
301376,致欧科技,常用指标,每股净资产,20230331,5.238395
301376,致欧科技,常用指标,每股现金流,20230331,0.715384
301376,致欧科技,常用指标,净资产收益率(ROE),20230331,4.72
301376,致欧科技,常用指标,总资产报酬率(ROA),20230331,3.248716
301376,致欧科技,常用指标,毛利率,20230331,36.781263
301376,致欧科技,常用指标,销售净利率,20230331,6.893989
301376,致欧科技,常用指标,期间费用率,20230331,28.468509
301376,致欧科技,常用指标,资产负债率,20230331,47.490384
301376,致欧科技,每股指标,基本每股收益,20230331,0.24
301376,致欧科技,每股指标,稀释每股收益,20230331,0.24
301376,致欧科技,每股指标,摊薄每股收益_最新股数,20230331,0.217107
301376,致欧科技,每股指标,摊薄每股净资产_期末股数,20230331,5.238395
301376,致欧科技,每股指标,调整每股净资产_期末股数,20230331,5.099157
301376,致欧科技,每股指标,每股净资产_最新股数,20230331,4.703205
301376,致欧科技,每股指标,每股经营现金流,20230331,0.715384
301376,致欧科技,每股指标,每股现金流量净额,20230331,-0.151899
301376,致欧科技,每股指标,每股企业自由现金流量,20230331,0.408445
301376,致欧科技,每股指标,每股股东自由现金流量,20230331,0.286563
301376,致欧科技,每股指标,每股未分配利润,20230331,2.248325
301376,致欧科技,每股指标,每股资本公积金,20230331,1.803893
301376,致欧科技,每股指标,每股盈余公积金,20230331,0.166292
301376,致欧科技,每股指标,每股留存收益,20230331,2.414618
301376,致欧科技,每股指标,每股营业收入,20230331,3.507591
301376,致欧科技,每股指标,每股营业总收入,20230331,3.507591
301376,致欧科技,每股指标,每股息税前利润,20230331,0.318372
301376,致欧科技,盈利能力,净资产收益率(ROE),20230331,4.72
301376,致欧科技,盈利能力,摊薄净资产收益率,20230331,4.616164
301376,致欧科技,盈利能力,净资产收益率_平均,20230331,4.723096
301376,致欧科技,盈利能力,净资产收益率_平均_扣除非经常损益,20230331,4.566817
301376,致欧科技,盈利能力,摊薄净资产收益率_扣除非经常损益,20230331,
301376,致欧科技,盈利能力,息税前利润率,20230331,9.076668
301376,致欧科技,盈利能力,总资产报酬率,20230331,3.248716
301376,致欧科技,盈利能力,总资本回报率,20230331,3.719188
301376,致欧科技,盈利能力,投入资本回报率,20230331,3.070548
301376,致欧科技,盈利能力,息前税后总资产报酬率_平均,20230331,2.682128
301376,致欧科技,盈利能力,毛利率,20230331,36.781263
301376,致欧科技,盈利能力,销售净利率,20230331,6.893989
301376,致欧科技,盈利能力,成本费用利润率,20230331,9.245553
301376,致欧科技,盈利能力,营业利润率,20230331,8.489322
301376,致欧科技,盈利能力,总资产净利率_平均,20230331,2.467492
301376,致欧科技,盈利能力,总资产净利率_平均(含少数股东损益),20230331,2.467492
301376,致欧科技,成长能力,归母净利润,20230331,87379117.83
301376,致欧科技,成长能力,营业总收入,20230331,1267468108.1
301376,致欧科技,成长能力,净利润,20230331,87379117.83
301376,致欧科技,成长能力,扣非净利润,20230331,84487900.0
301376,致欧科技,成长能力,营业总收入增长率,20230331,-11.180349
301376,致欧科技,成长能力,归属母公司净利润增长率,20230331,69.869105
301376,致欧科技,收益质量,经营活动净现金/销售收入,20230331,0.203953
301376,致欧科技,收益质量,经营性现金净流量/营业总收入,20230331,0.203953
301376,致欧科技,收益质量,成本费用率,20230331,91.687246
301376,致欧科技,收益质量,期间费用率,20230331,28.468509
301376,致欧科技,收益质量,销售成本率,20230331,63.218736
301376,致欧科技,收益质量,经营活动净现金/归属母公司的净利润,20230331,2.958418
301376,致欧科技,收益质量,所得税/利润总额,20230331,18.674118
301376,致欧科技,财务风险,流动比率,20230331,2.226988
301376,致欧科技,财务风险,速动比率,20230331,1.621505
301376,致欧科技,财务风险,保守速动比率,20230331,1.210051
301376,致欧科技,财务风险,资产负债率,20230331,47.490384
301376,致欧科技,财务风险,权益乘数,20230331,1.914127
301376,致欧科技,财务风险,权益乘数(含少数股权的净资产),20230331,1.904413
301376,致欧科技,财务风险,产权比率,20230331,90.441312
301376,致欧科技,财务风险,现金比率,20230331,1.08945
301376,致欧科技,营运能力,应收账款周转率,20230331,9.660262
301376,致欧科技,营运能力,应收账款周转天数,20230331,9.316516
301376,致欧科技,营运能力,存货周转率,20230331,1.244611
301376,致欧科技,营运能力,存货周转天数,20230331,72.311748
301376,致欧科技,营运能力,总资产周转率,20230331,0.357919
301376,致欧科技,营运能力,总资产周转天数,20230331,251.453227
301376,致欧科技,营运能力,流动资产周转率,20230331,0.575535
301376,致欧科技,营运能力,流动资产周转天数,20230331,156.376237
301376,致欧科技,营运能力,应付账款周转率,20230331,3.136356
301376,致欧科技,常用指标,归母净利润,20221231,250114743.48
301376,致欧科技,常用指标,营业总收入,20221231,5455389426.78
301376,致欧科技,常用指标,营业成本,20221231,5139633637.64
301376,致欧科技,常用指标,净利润,20221231,250114743.48
301376,致欧科技,常用指标,扣非净利润,20221231,251342800.0
301376,致欧科技,常用指标,股东权益合计(净资产),20221231,1807183395.02
301376,致欧科技,常用指标,商誉,20221231,
301376,致欧科技,常用指标,经营现金流量净额,20221231,988062520.74
301376,致欧科技,常用指标,基本每股收益,20221231,0.69
301376,致欧科技,常用指标,每股净资产,20221231,5.001199
301376,致欧科技,常用指标,每股现金流,20221231,2.734364
301376,致欧科技,常用指标,净资产收益率(ROE),20221231,14.94
301376,致欧科技,常用指标,总资产报酬率(ROA),20221231,9.869753
301376,致欧科技,常用指标,毛利率,20221231,31.649472
301376,致欧科技,常用指标,销售净利率,20221231,4.584727
301376,致欧科技,常用指标,期间费用率,20221231,25.780358
301376,致欧科技,常用指标,资产负债率,20221231,48.033133
301376,致欧科技,每股指标,基本每股收益,20221231,0.69
301376,致欧科技,每股指标,稀释每股收益,20221231,0.69
301376,致欧科技,每股指标,摊薄每股收益_最新股数,20221231,0.62145
301376,致欧科技,每股指标,摊薄每股净资产_期末股数,20221231,5.001199
301376,致欧科技,每股指标,调整每股净资产_期末股数,20221231,4.874337
301376,致欧科技,每股指标,每股净资产_最新股数,20221231,4.490242
301376,致欧科技,每股指标,每股经营现金流,20221231,2.734364
301376,致欧科技,每股指标,每股现金流量净额,20221231,0.510631
301376,致欧科技,每股指标,每股企业自由现金流量,20221231,0.135192
301376,致欧科技,每股指标,每股股东自由现金流量,20221231,-0.795057
301376,致欧科技,每股指标,每股未分配利润,20221231,2.006512
301376,致欧科技,每股指标,每股资本公积金,20221231,1.803893
301376,致欧科技,每股指标,每股盈余公积金,20221231,0.166292
301376,致欧科技,每股指标,每股留存收益,20221231,2.172805
301376,致欧科技,每股指标,每股营业收入,20221231,15.097244
301376,致欧科技,每股指标,每股营业总收入,20221231,15.097244
301376,致欧科技,每股指标,每股息税前利润,20221231,0.942742
301376,致欧科技,盈利能力,净资产收益率(ROE),20221231,14.94
301376,致欧科技,盈利能力,摊薄净资产收益率,20221231,13.840031
301376,致欧科技,盈利能力,净资产收益率_平均,20221231,14.944996
301376,致欧科技,盈利能力,净资产收益率_平均_扣除非经常损益,20221231,15.018375
301376,致欧科技,盈利能力,摊薄净资产收益率_扣除非经常损益,20221231,13.907983
301376,致欧科技,盈利能力,息税前利润率,20221231,6.244466
301376,致欧科技,盈利能力,总资产报酬率,20221231,9.869753
301376,致欧科技,盈利能力,总资本回报率,20221231,11.652782
301376,致欧科技,盈利能力,投入资本回报率,20221231,9.64724
301376,致欧科技,盈利能力,息前税后总资产报酬率_平均,20221231,8.171085
301376,致欧科技,盈利能力,毛利率,20221231,31.649472
301376,致欧科技,盈利能力,销售净利率,20221231,4.584727
301376,致欧科技,盈利能力,成本费用利润率,20221231,6.012322
301376,致欧科技,盈利能力,营业利润率,20221231,5.699346
301376,致欧科技,盈利能力,总资产净利率_平均,20221231,7.246436
301376,致欧科技,盈利能力,总资产净利率_平均(含少数股东损益),20221231,7.246436
301376,致欧科技,成长能力,归母净利润,20221231,250114743.48
301376,致欧科技,成长能力,营业总收入,20221231,5455389426.78
301376,致欧科技,成长能力,净利润,20221231,250114743.48
301376,致欧科技,成长能力,扣非净利润,20221231,251342800.0
301376,致欧科技,成长能力,营业总收入增长率,20221231,-8.579814
301376,致欧科技,成长能力,归属母公司净利润增长率,20221231,4.293619
301376,致欧科技,收益质量,经营活动净现金/销售收入,20221231,0.181116
301376,致欧科技,收益质量,经营性现金净流量/营业总收入,20221231,0.181116
301376,致欧科技,收益质量,成本费用率,20221231,94.130886
301376,致欧科技,收益质量,期间费用率,20221231,25.780358
301376,致欧科技,收益质量,销售成本率,20221231,68.350527
301376,致欧科技,收益质量,经营活动净现金/归属母公司的净利润,20221231,3.950436
301376,致欧科技,收益质量,所得税/利润总额,20221231,18.989915
301376,致欧科技,财务风险,流动比率,20221231,2.349673
301376,致欧科技,财务风险,速动比率,20221231,1.614745
301376,致欧科技,财务风险,保守速动比率,20221231,1.26831
301376,致欧科技,财务风险,资产负债率,20221231,48.033133
301376,致欧科技,财务风险,权益乘数,20221231,2.062392
301376,致欧科技,财务风险,权益乘数(含少数股权的净资产),20221231,1.924303
301376,致欧科技,财务风险,产权比率,20221231,92.430306
301376,致欧科技,财务风险,现金比率,20221231,1.115585
301376,致欧科技,营运能力,应收账款周转率,20221231,40.651192
301376,致欧科技,营运能力,应收账款周转天数,20221231,8.855828
301376,致欧科技,营运能力,存货周转率,20221231,4.284213
301376,致欧科技,营运能力,存货周转天数,20221231,84.029423
301376,致欧科技,营运能力,总资产周转率,20221231,1.580559
301376,致欧科技,营运能力,总资产周转天数,20221231,227.76738
301376,致欧科技,营运能力,流动资产周转率,20221231,2.536129
301376,致欧科技,营运能力,流动资产周转天数,20221231,141.948564
301376,致欧科技,营运能力,应付账款周转率,20221231,11.474397
301376,致欧科技,常用指标,归母净利润,20220930,171376155.44
301376,致欧科技,常用指标,营业总收入,20220930,4118531778.79
301376,致欧科技,常用指标,营业成本,20220930,3883752784.24
301376,致欧科技,常用指标,净利润,20220930,171376155.44
301376,致欧科技,常用指标,扣非净利润,20220930,
301376,致欧科技,常用指标,股东权益合计(净资产),20220930,
301376,致欧科技,常用指标,商誉,20220930,
301376,致欧科技,常用指标,经营现金流量净额,20220930,545570351.92
301376,致欧科技,常用指标,基本每股收益,20220930,
301376,致欧科技,常用指标,每股净资产,20220930,
301376,致欧科技,常用指标,每股现金流,20220930,
301376,致欧科技,常用指标,净资产收益率(ROE),20220930,
301376,致欧科技,常用指标,总资产报酬率(ROA),20220930,
301376,致欧科技,常用指标,毛利率,20220930,31.225974
301376,致欧科技,常用指标,销售净利率,20220930,4.161098
301376,致欧科技,常用指标,期间费用率,20220930,25.44142
301376,致欧科技,常用指标,资产负债率,20220930,
301376,致欧科技,每股指标,基本每股收益,20220930,
301376,致欧科技,每股指标,稀释每股收益,20220930,
301376,致欧科技,每股指标,摊薄每股收益_最新股数,20220930,0.425812
301376,致欧科技,每股指标,摊薄每股净资产_期末股数,20220930,
301376,致欧科技,每股指标,调整每股净资产_期末股数,20220930,
301376,致欧科技,每股指标,每股净资产_最新股数,20220930,
301376,致欧科技,每股指标,每股经营现金流,20220930,
301376,致欧科技,每股指标,每股现金流量净额,20220930,
301376,致欧科技,每股指标,每股企业自由现金流量,20220930,
301376,致欧科技,每股指标,每股股东自由现金流量,20220930,
301376,致欧科技,每股指标,每股未分配利润,20220930,
301376,致欧科技,每股指标,每股资本公积金,20220930,
301376,致欧科技,每股指标,每股盈余公积金,20220930,
301376,致欧科技,每股指标,每股留存收益,20220930,
301376,致欧科技,每股指标,每股营业收入,20220930,
301376,致欧科技,每股指标,每股营业总收入,20220930,
301376,致欧科技,每股指标,每股息税前利润,20220930,
301376,致欧科技,盈利能力,净资产收益率(ROE),20220930,
301376,致欧科技,盈利能力,摊薄净资产收益率,20220930,
301376,致欧科技,盈利能力,净资产收益率_平均,20220930,
301376,致欧科技,盈利能力,净资产收益率_平均_扣除非经常损益,20220930,
301376,致欧科技,盈利能力,摊薄净资产收益率_扣除非经常损益,20220930,
301376,致欧科技,盈利能力,息税前利润率,20220930,5.911518
301376,致欧科技,盈利能力,总资产报酬率,20220930,
301376,致欧科技,盈利能力,总资本回报率,20220930,
301376,致欧科技,盈利能力,投入资本回报率,20220930,
301376,致欧科技,盈利能力,息前税后总资产报酬率_平均,20220930,
301376,致欧科技,盈利能力,毛利率,20220930,31.225974
301376,致欧科技,盈利能力,销售净利率,20220930,4.161098
301376,致欧科技,盈利能力,成本费用利润率,20220930,5.662247
301376,致欧科技,盈利能力,营业利润率,20220930,5.385885
301376,致欧科技,盈利能力,总资产净利率_平均,20220930,
301376,致欧科技,盈利能力,总资产净利率_平均(含少数股东损益),20220930,
301376,致欧科技,成长能力,归母净利润,20220930,171376155.44
301376,致欧科技,成长能力,营业总收入,20220930,4118531778.79
301376,致欧科技,成长能力,净利润,20220930,171376155.44
301376,致欧科技,成长能力,扣非净利润,20220930,
301376,致欧科技,成长能力,营业总收入增长率,20220930,
301376,致欧科技,成长能力,归属母公司净利润增长率,20220930,
301376,致欧科技,收益质量,经营活动净现金/销售收入,20220930,0.132467
301376,致欧科技,收益质量,经营性现金净流量/营业总收入,20220930,0.132467
301376,致欧科技,收益质量,成本费用率,20220930,94.215446
301376,致欧科技,收益质量,期间费用率,20220930,25.44142
301376,致欧科技,收益质量,销售成本率,20220930,68.774025
301376,致欧科技,收益质量,经营活动净现金/归属母公司的净利润,20220930,3.183467
301376,致欧科技,收益质量,所得税/利润总额,20220930,21.999567
301376,致欧科技,财务风险,流动比率,20220930,
301376,致欧科技,财务风险,速动比率,20220930,
301376,致欧科技,财务风险,保守速动比率,20220930,
301376,致欧科技,财务风险,资产负债率,20220930,
301376,致欧科技,财务风险,权益乘数,20220930,
301376,致欧科技,财务风险,权益乘数(含少数股权的净资产),20220930,
301376,致欧科技,财务风险,产权比率,20220930,
301376,致欧科技,财务风险,现金比率,20220930,
301376,致欧科技,营运能力,应收账款周转率,20220930,
301376,致欧科技,营运能力,应收账款周转天数,20220930,
301376,致欧科技,营运能力,存货周转率,20220930,
301376,致欧科技,营运能力,存货周转天数,20220930,
301376,致欧科技,营运能力,总资产周转率,20220930,
301376,致欧科技,营运能力,总资产周转天数,20220930,
301376,致欧科技,营运能力,流动资产周转率,20220930,
301376,致欧科技,营运能力,流动资产周转天数,20220930,
301376,致欧科技,营运能力,应付账款周转率,20220930,
301376,致欧科技,常用指标,归母净利润,20220630,110368389.48
301376,致欧科技,常用指标,营业总收入,20220630,2808676697.16
301376,致欧科技,常用指标,营业成本,20220630,2656847542.31
301376,致欧科技,常用指标,净利润,20220630,110368389.48
301376,致欧科技,常用指标,扣非净利润,20220630,105547100.0
301376,致欧科技,常用指标,股东权益合计(净资产),20220630,1657160929.72
301376,致欧科技,常用指标,商誉,20220630,
301376,致欧科技,常用指标,经营现金流量净额,20220630,157788809.27
301376,致欧科技,常用指标,基本每股收益,20220630,0.31
301376,致欧科技,常用指标,每股净资产,20220630,4.586027
301376,致欧科技,常用指标,每股现金流,20220630,0.436664
301376,致欧科技,常用指标,净资产收益率(ROE),20220630,6.9
301376,致欧科技,常用指标,总资产报酬率(ROA),20220630,4.746698
301376,致欧科技,常用指标,毛利率,20220630,31.485987
301376,致欧科技,常用指标,销售净利率,20220630,3.929551
301376,致欧科技,常用指标,期间费用率,20220630,26.001062
301376,致欧科技,常用指标,资产负债率,20220630,50.355644
301376,致欧科技,每股指标,基本每股收益,20220630,0.31
301376,致欧科技,每股指标,稀释每股收益,20220630,0.31
301376,致欧科技,每股指标,摊薄每股收益_最新股数,20220630,0.274228
301376,致欧科技,每股指标,摊薄每股净资产_期末股数,20220630,4.586027
301376,致欧科技,每股指标,调整每股净资产_期末股数,20220630,4.480442
301376,致欧科技,每股指标,每股净资产_最新股数,20220630,4.117487
301376,致欧科技,每股指标,每股经营现金流,20220630,0.436664
301376,致欧科技,每股指标,每股现金流量净额,20220630,-0.350033
301376,致欧科技,每股指标,每股企业自由现金流量,20220630,0.280889
301376,致欧科技,每股指标,每股股东自由现金流量,20220630,0.086391
301376,致欧科技,每股指标,每股未分配利润,20220630,1.666958
301376,致欧科技,每股指标,每股资本公积金,20220630,1.803893
301376,致欧科技,每股指标,每股盈余公积金,20220630,0.119112
301376,致欧科技,每股指标,每股留存收益,20220630,1.786071
301376,致欧科技,每股指标,每股营业收入,20220630,7.772731
301376,致欧科技,每股指标,每股营业总收入,20220630,7.772731
301376,致欧科技,每股指标,每股息税前利润,20220630,0.444234
301376,致欧科技,盈利能力,净资产收益率(ROE),20220630,6.9
301376,致欧科技,盈利能力,摊薄净资产收益率,20220630,6.660088
301376,致欧科技,盈利能力,净资产收益率_平均,20220630,6.90425
301376,致欧科技,盈利能力,净资产收益率_平均_扣除非经常损益,20220630,6.602647
301376,致欧科技,盈利能力,摊薄净资产收益率_扣除非经常损益,20220630,6.369152
301376,致欧科技,盈利能力,息税前利润率,20220630,5.715288
301376,致欧科技,盈利能力,总资产报酬率,20220630,4.746698
301376,致欧科技,盈利能力,总资本回报率,20220630,5.557136
301376,致欧科技,盈利能力,投入资本回报率,20220630,4.366618
301376,致欧科技,盈利能力,息前税后总资产报酬率_平均,20220630,3.729801
301376,致欧科技,盈利能力,毛利率,20220630,31.485987
301376,致欧科技,盈利能力,销售净利率,20220630,3.929551
301376,致欧科技,盈利能力,成本费用利润率,20220630,5.453046
301376,致欧科技,盈利能力,营业利润率,20220630,5.22336
301376,致欧科技,盈利能力,总资产净利率_平均,20220630,3.263595
301376,致欧科技,盈利能力,总资产净利率_平均(含少数股东损益),20220630,3.263595
301376,致欧科技,成长能力,归母净利润,20220630,110368389.48
301376,致欧科技,成长能力,营业总收入,20220630,2808676697.16
301376,致欧科技,成长能力,净利润,20220630,110368389.48
301376,致欧科技,成长能力,扣非净利润,20220630,105547100.0
301376,致欧科技,成长能力,营业总收入增长率,20220630,-12.218075
301376,致欧科技,成长能力,归属母公司净利润增长率,20220630,-21.397202
301376,致欧科技,收益质量,经营活动净现金/销售收入,20220630,0.056179
301376,致欧科技,收益质量,经营性现金净流量/营业总收入,20220630,0.056179
301376,致欧科技,收益质量,成本费用率,20220630,94.515074
301376,致欧科技,收益质量,期间费用率,20220630,26.001062
301376,致欧科技,收益质量,销售成本率,20220630,68.514012
301376,致欧科技,收益质量,经营活动净现金/归属母公司的净利润,20220630,1.429655
301376,致欧科技,收益质量,所得税/利润总额,20220630,23.756525
301376,致欧科技,财务风险,流动比率,20220630,2.13291
301376,致欧科技,财务风险,速动比率,20220630,1.05885
301376,致欧科技,财务风险,保守速动比率,20220630,0.721657
301376,致欧科技,财务风险,资产负债率,20220630,50.355644
301376,致欧科技,财务风险,权益乘数,20220630,2.115534
301376,致欧科技,财务风险,权益乘数(含少数股权的净资产),20220630,2.014327
301376,致欧科技,财务风险,产权比率,20220630,101.432767
301376,致欧科技,财务风险,现金比率,20220630,0.526673
301376,致欧科技,营运能力,应收账款周转率,20220630,18.30565
301376,致欧科技,营运能力,应收账款周转天数,20220630,9.833029
301376,致欧科技,营运能力,存货周转率,20220630,1.875308
301376,致欧科技,营运能力,存货周转天数,20220630,95.984207
301376,致欧科技,营运能力,总资产周转率,20220630,0.830526
301376,致欧科技,营运能力,总资产周转天数,20220630,216.730025
301376,致欧科技,营运能力,流动资产周转率,20220630,1.374682
301376,致欧科技,营运能力,流动资产周转天数,20220630,130.939288
301376,致欧科技,营运能力,应付账款周转率,20220630,6.969415
301376,致欧科技,常用指标,归母净利润,20220331,51439087.64
301376,致欧科技,常用指标,营业总收入,20220331,1427013159.98
301376,致欧科技,常用指标,营业成本,20220331,1366482583.99
301376,致欧科技,常用指标,净利润,20220331,51439087.64
301376,致欧科技,常用指标,扣非净利润,20220331,46334600.0
301376,致欧科技,常用指标,股东权益合计(净资产),20220331,
301376,致欧科技,常用指标,商誉,20220331,
301376,致欧科技,常用指标,经营现金流量净额,20220331,-88974368.97
301376,致欧科技,常用指标,基本每股收益,20220331,0.14
301376,致欧科技,常用指标,每股净资产,20220331,
301376,致欧科技,常用指标,每股现金流,20220331,
301376,致欧科技,常用指标,净资产收益率(ROE),20220331,3.29
301376,致欧科技,常用指标,总资产报酬率(ROA),20220331,
301376,致欧科技,常用指标,毛利率,20220331,47.592727
301376,致欧科技,常用指标,销售净利率,20220331,3.604668
301376,致欧科技,常用指标,期间费用率,20220331,43.26906
301376,致欧科技,常用指标,资产负债率,20220331,
301376,致欧科技,每股指标,基本每股收益,20220331,0.14
301376,致欧科技,每股指标,稀释每股收益,20220331,0.14
301376,致欧科技,每股指标,摊薄每股收益_最新股数,20220331,0.127808
301376,致欧科技,每股指标,摊薄每股净资产_期末股数,20220331,
301376,致欧科技,每股指标,调整每股净资产_期末股数,20220331,
301376,致欧科技,每股指标,每股净资产_最新股数,20220331,
301376,致欧科技,每股指标,每股经营现金流,20220331,
301376,致欧科技,每股指标,每股现金流量净额,20220331,
301376,致欧科技,每股指标,每股企业自由现金流量,20220331,
301376,致欧科技,每股指标,每股股东自由现金流量,20220331,
301376,致欧科技,每股指标,每股未分配利润,20220331,
301376,致欧科技,每股指标,每股资本公积金,20220331,
301376,致欧科技,每股指标,每股盈余公积金,20220331,
301376,致欧科技,每股指标,每股留存收益,20220331,
301376,致欧科技,每股指标,每股营业收入,20220331,
301376,致欧科技,每股指标,每股营业总收入,20220331,
301376,致欧科技,每股指标,每股息税前利润,20220331,
301376,致欧科技,盈利能力,净资产收益率(ROE),20220331,3.29
301376,致欧科技,盈利能力,摊薄净资产收益率,20220331,
301376,致欧科技,盈利能力,净资产收益率_平均,20220331,
301376,致欧科技,盈利能力,净资产收益率_平均_扣除非经常损益,20220331,
301376,致欧科技,盈利能力,摊薄净资产收益率_扣除非经常损益,20220331,
301376,致欧科技,盈利能力,息税前利润率,20220331,
301376,致欧科技,盈利能力,总资产报酬率,20220331,
301376,致欧科技,盈利能力,总资本回报率,20220331,
301376,致欧科技,盈利能力,投入资本回报率,20220331,
301376,致欧科技,盈利能力,息前税后总资产报酬率_平均,20220331,
301376,致欧科技,盈利能力,毛利率,20220331,47.592727
301376,致欧科技,盈利能力,销售净利率,20220331,3.604668
301376,致欧科技,盈利能力,成本费用利润率,20220331,
301376,致欧科技,盈利能力,营业利润率,20220331,
301376,致欧科技,盈利能力,总资产净利率_平均,20220331,
301376,致欧科技,盈利能力,总资产净利率_平均(含少数股东损益),20220331,
301376,致欧科技,成长能力,归母净利润,20220331,51439087.64
301376,致欧科技,成长能力,营业总收入,20220331,1427013159.98
301376,致欧科技,成长能力,净利润,20220331,51439087.64
301376,致欧科技,成长能力,扣非净利润,20220331,46334600.0
301376,致欧科技,成长能力,营业总收入增长率,20220331,
301376,致欧科技,成长能力,归属母公司净利润增长率,20220331,
301376,致欧科技,收益质量,经营活动净现金/销售收入,20220331,
301376,致欧科技,收益质量,经营性现金净流量/营业总收入,20220331,
301376,致欧科技,收益质量,成本费用率,20220331,95.676332
301376,致欧科技,收益质量,期间费用率,20220331,43.26906
301376,致欧科技,收益质量,销售成本率,20220331,52.407272
301376,致欧科技,收益质量,经营活动净现金/归属母公司的净利润,20220331,
301376,致欧科技,收益质量,所得税/利润总额,20220331,
301376,致欧科技,财务风险,流动比率,20220331,
301376,致欧科技,财务风险,速动比率,20220331,
301376,致欧科技,财务风险,保守速动比率,20220331,
301376,致欧科技,财务风险,资产负债率,20220331,
301376,致欧科技,财务风险,权益乘数,20220331,
301376,致欧科技,财务风险,权益乘数(含少数股权的净资产),20220331,
301376,致欧科技,财务风险,产权比率,20220331,
301376,致欧科技,财务风险,现金比率,20220331,
301376,致欧科技,营运能力,应收账款周转率,20220331,
301376,致欧科技,营运能力,应收账款周转天数,20220331,
301376,致欧科技,营运能力,存货周转率,20220331,
301376,致欧科技,营运能力,存货周转天数,20220331,
301376,致欧科技,营运能力,总资产周转率,20220331,
301376,致欧科技,营运能力,总资产周转天数,20220331,
301376,致欧科技,营运能力,流动资产周转率,20220331,
301376,致欧科技,营运能力,流动资产周转天数,20220331,
301376,致欧科技,营运能力,应付账款周转率,20220331,
301376,致欧科技,常用指标,归母净利润,20211231,239817876.59
301376,致欧科技,常用指标,营业总收入,20211231,5967379509.22
301376,致欧科技,常用指标,营业成本,20211231,5628110691.5
301376,致欧科技,常用指标,净利润,20211231,239817876.59
301376,致欧科技,常用指标,扣非净利润,20211231,207488300.0
301376,致欧科技,常用指标,股东权益合计(净资产),20211231,1539953541.33
301376,致欧科技,常用指标,商誉,20211231,
301376,致欧科技,常用指标,经营现金流量净额,20211231,264921065.12
301376,致欧科技,常用指标,基本每股收益,20211231,0.66
301376,致欧科技,常用指标,每股净资产,20211231,4.261667
301376,致欧科技,常用指标,每股现金流,20211231,0.733142
301376,致欧科技,常用指标,净资产收益率(ROE),20211231,16.86
301376,致欧科技,常用指标,总资产报酬率(ROA),20211231,12.185741
301376,致欧科技,常用指标,毛利率,20211231,32.63706
301376,致欧科技,常用指标,销售净利率,20211231,4.018813
301376,致欧科技,常用指标,期间费用率,20211231,26.952714
301376,致欧科技,常用指标,资产负债率,20211231,55.044957
301376,致欧科技,每股指标,基本每股收益,20211231,0.66
301376,致欧科技,每股指标,稀释每股收益,20211231,0.66
301376,致欧科技,每股指标,摊薄每股收益_最新股数,20211231,0.595866
301376,致欧科技,每股指标,摊薄每股净资产_期末股数,20211231,4.261667
301376,致欧科技,每股指标,调整每股净资产_期末股数,20211231,4.151048
301376,致欧科技,每股指标,每股净资产_最新股数,20211231,3.826266
301376,致欧科技,每股指标,每股经营现金流,20211231,0.733142
301376,致欧科技,每股指标,每股现金流量净额,20211231,0.800578
301376,致欧科技,每股指标,每股企业自由现金流量,20211231,0.84011
301376,致欧科技,每股指标,每股股东自由现金流量,20211231,1.819952
301376,致欧科技,每股指标,每股未分配利润,20211231,1.361524
301376,致欧科技,每股指标,每股资本公积金,20211231,1.803893
301376,致欧科技,每股指标,每股盈余公积金,20211231,0.119112
301376,致欧科技,每股指标,每股留存收益,20211231,1.480637
301376,致欧科技,每股指标,每股营业收入,20211231,16.514126
301376,致欧科技,每股指标,每股营业总收入,20211231,16.514126
301376,致欧科技,每股指标,每股息税前利润,20211231,0.880262
301376,致欧科技,盈利能力,净资产收益率(ROE),20211231,16.86
301376,致欧科技,盈利能力,摊薄净资产收益率,20211231,15.573059
301376,致欧科技,盈利能力,净资产收益率_平均,20211231,16.856418
301376,致欧科技,盈利能力,净资产收益率_平均_扣除非经常损益,20211231,14.584023
301376,致欧科技,盈利能力,摊薄净资产收益率_扣除非经常损益,20211231,13.473675
301376,致欧科技,盈利能力,息税前利润率,20211231,5.330362
301376,致欧科技,盈利能力,总资产报酬率,20211231,12.185741
301376,致欧科技,盈利能力,总资本回报率,20211231,15.237085
301376,致欧科技,盈利能力,投入资本回报率,20211231,12.423765
301376,致欧科技,盈利能力,息前税后总资产报酬率_平均,20211231,9.93581
301376,致欧科技,盈利能力,毛利率,20211231,32.63706
301376,致欧科技,盈利能力,销售净利率,20211231,4.018813
301376,致欧科技,盈利能力,成本费用利润率,20211231,5.304519
301376,致欧科技,盈利能力,营业利润率,20211231,5.037459
301376,致欧科技,盈利能力,总资产净利率_平均,20211231,9.18741
301376,致欧科技,盈利能力,总资产净利率_平均(含少数股东损益),20211231,9.18741
301376,致欧科技,成长能力,归母净利润,20211231,239817876.59
301376,致欧科技,成长能力,营业总收入,20211231,5967379509.22
301376,致欧科技,成长能力,净利润,20211231,239817876.59
301376,致欧科技,成长能力,扣非净利润,20211231,207488300.0
301376,致欧科技,成长能力,营业总收入增长率,20211231,50.274251
301376,致欧科技,成长能力,归属母公司净利润增长率,20211231,-36.93088
301376,致欧科技,收益质量,经营活动净现金/销售收入,20211231,0.044394
301376,致欧科技,收益质量,经营性现金净流量/营业总收入,20211231,0.044394
301376,致欧科技,收益质量,成本费用率,20211231,94.315653
301376,致欧科技,收益质量,期间费用率,20211231,26.952714
301376,致欧科技,收益质量,销售成本率,20211231,67.362939
301376,致欧科技,收益质量,经营活动净现金/归属母公司的净利润,20211231,1.104676
301376,致欧科技,收益质量,所得税/利润总额,20211231,19.6718
301376,致欧科技,财务风险,流动比率,20211231,1.97114
301376,致欧科技,财务风险,速动比率,20211231,0.983636
301376,致欧科技,财务风险,保守速动比率,20211231,0.614158
301376,致欧科技,财务风险,资产负债率,20211231,55.044957
301376,致欧科技,财务风险,权益乘数,20211231,1.83473
301376,致欧科技,财务风险,权益乘数(含少数股权的净资产),20211231,2.224444
301376,致欧科技,财务风险,产权比率,20211231,122.444454
301376,致欧科技,财务风险,现金比率,20211231,0.496583
301376,致欧科技,营运能力,应收账款周转率,20211231,49.880014
301376,致欧科技,营运能力,应收账款周转天数,20211231,7.217319
301376,致欧科技,营运能力,存货周转率,20211231,4.208419
301376,致欧科技,营运能力,存货周转天数,20211231,85.542808
301376,致欧科技,营运能力,总资产周转率,20211231,2.2861
301376,致欧科技,营运能力,总资产周转天数,20211231,157.473421
301376,致欧科技,营运能力,流动资产周转率,20211231,3.230409
301376,致欧科技,营运能力,流动资产周转天数,20211231,111.440989
301376,致欧科技,营运能力,应付账款周转率,20211231,16.022306
301376,致欧科技,常用指标,归母净利润,20210630,140412800.0
301376,致欧科技,常用指标,营业总收入,20210630,3199607100.0
301376,致欧科技,常用指标,营业成本,20210630,2964440700.0
301376,致欧科技,常用指标,净利润,20210630,140412800.0
301376,致欧科技,常用指标,扣非净利润,20210630,125568800.0
301376,致欧科技,常用指标,股东权益合计(净资产),20210630,1443954300.0
301376,致欧科技,常用指标,商誉,20210630,
301376,致欧科技,常用指标,经营现金流量净额,20210630,-59110500.0
301376,致欧科技,常用指标,基本每股收益,20210630,0.39
301376,致欧科技,常用指标,每股净资产,20210630,3.995999
301376,致欧科技,常用指标,每股现金流,20210630,-0.163582
301376,致欧科技,常用指标,净资产收益率(ROE),20210630,10.21
301376,致欧科技,常用指标,总资产报酬率(ROA),20210630,8.292199
301376,致欧科技,常用指标,毛利率,20210630,33.782344
301376,致欧科技,常用指标,销售净利率,20210630,4.388438
301376,致欧科技,常用指标,期间费用率,20210630,26.411383
301376,致欧科技,常用指标,资产负债率,20210630,45.914574
301376,致欧科技,每股指标,基本每股收益,20210630,0.39
301376,致欧科技,每股指标,稀释每股收益,20210630,0.39
301376,致欧科技,每股指标,摊薄每股收益_最新股数,20210630,0.348878
301376,致欧科技,每股指标,摊薄每股净资产_期末股数,20210630,3.995999
301376,致欧科技,每股指标,调整每股净资产_期末股数,20210630,3.850891
301376,致欧科技,每股指标,每股净资产_最新股数,20210630,3.58774
301376,致欧科技,每股指标,每股经营现金流,20210630,-0.163582
301376,致欧科技,每股指标,每股现金流量净额,20210630,0.080852
301376,致欧科技,每股指标,每股企业自由现金流量,20210630,0.440815
301376,致欧科技,每股指标,每股股东自由现金流量,20210630,0.883987
301376,致欧科技,每股指标,每股未分配利润,20210630,1.134453
301376,致欧科技,每股指标,每股资本公积金,20210630,1.80044
301376,致欧科技,每股指标,每股盈余公积金,20210630,0.07109
301376,致欧科技,每股指标,每股留存收益,20210630,1.205543
301376,致欧科技,每股指标,每股营业收入,20210630,8.854592
301376,致欧科技,每股指标,每股营业总收入,20210630,8.854592
301376,致欧科技,每股指标,每股息税前利润,20210630,0.512287
301376,致欧科技,盈利能力,净资产收益率(ROE),20210630,10.21
301376,致欧科技,盈利能力,摊薄净资产收益率,20210630,9.724185
301376,致欧科技,盈利能力,净资产收益率_平均,20210630,10.213994
301376,致欧科技,盈利能力,净资产收益率_平均_扣除非经常损益,20210630,9.134203
301376,致欧科技,盈利能力,摊薄净资产收益率_扣除非经常损益,20210630,
301376,致欧科技,盈利能力,息税前利润率,20210630,5.785557
301376,致欧科技,盈利能力,总资产报酬率,20210630,8.292199
301376,致欧科技,盈利能力,总资本回报率,20210630,10.269734
301376,致欧科技,盈利能力,投入资本回报率,20210630,8.230346
301376,致欧科技,盈利能力,息前税后总资产报酬率_平均,20210630,6.645515
301376,致欧科技,盈利能力,毛利率,20210630,33.782344
301376,致欧科技,盈利能力,销售净利率,20210630,4.388438
301376,致欧科技,盈利能力,成本费用利润率,20210630,5.977983
301376,致欧科技,盈利能力,营业利润率,20210630,5.537229
301376,致欧科技,盈利能力,总资产净利率_平均,20210630,6.289767
301376,致欧科技,盈利能力,总资产净利率_平均(含少数股东损益),20210630,6.289767
301376,致欧科技,成长能力,归母净利润,20210630,140412800.0
301376,致欧科技,成长能力,营业总收入,20210630,3199607100.0
301376,致欧科技,成长能力,净利润,20210630,140412800.0
301376,致欧科技,成长能力,扣非净利润,20210630,125568800.0
301376,致欧科技,成长能力,营业总收入增长率,20210630,
301376,致欧科技,成长能力,归属母公司净利润增长率,20210630,
301376,致欧科技,收益质量,经营活动净现金/销售收入,20210630,-0.018474
301376,致欧科技,收益质量,经营性现金净流量/营业总收入,20210630,-0.018474
301376,致欧科技,收益质量,成本费用率,20210630,92.629038
301376,致欧科技,收益质量,期间费用率,20210630,26.411383
301376,致欧科技,收益质量,销售成本率,20210630,66.217655
301376,致欧科技,收益质量,经营活动净现金/归属母公司的净利润,20210630,-0.420976
301376,致欧科技,收益质量,所得税/利润总额,20210630,20.748374
301376,致欧科技,财务风险,流动比率,20210630,2.569982
301376,致欧科技,财务风险,速动比率,20210630,1.234047
301376,致欧科技,财务风险,保守速动比率,20210630,0.665719
301376,致欧科技,财务风险,资产负债率,20210630,45.914574
301376,致欧科技,财务风险,权益乘数,20210630,1.623906
301376,致欧科技,财务风险,权益乘数(含少数股权的净资产),20210630,1.848926
301376,致欧科技,财务风险,产权比率,20210630,84.892693
301376,致欧科技,财务风险,现金比率,20210630,0.407187
301376,致欧科技,营运能力,应收账款周转率,20210630,21.878566
301376,致欧科技,营运能力,应收账款周转天数,20210630,8.227229
301376,致欧科技,营运能力,存货周转率,20210630,2.379612
301376,致欧科技,营运能力,存货周转天数,20210630,75.642574
301376,致欧科技,营运能力,总资产周转率,20210630,1.433258
301376,致欧科技,营运能力,总资产周转天数,20210630,125.587938
301376,致欧科技,营运能力,流动资产周转率,20210630,1.899437
301376,致欧科技,营运能力,流动资产周转天数,20210630,94.76488
301376,致欧科技,营运能力,应付账款周转率,20210630,13.215263
301376,致欧科技,常用指标,归母净利润,20201231,380246117.18
301376,致欧科技,常用指标,营业总收入,20201231,3970992675.87
301376,致欧科技,常用指标,营业成本,20201231,3484412346.28
301376,致欧科技,常用指标,净利润,20201231,380246117.18
301376,致欧科技,常用指标,扣非净利润,20201231,458692700.0
301376,致欧科技,常用指标,股东权益合计(净资产),20201231,1305465606.33
301376,致欧科技,常用指标,商誉,20201231,
301376,致欧科技,常用指标,经营现金流量净额,20201231,-207392728.22
301376,致欧科技,常用指标,基本每股收益,20201231,1.08
301376,致欧科技,常用指标,每股净资产,20201231,3.612745
301376,致欧科技,常用指标,每股现金流,20201231,-0.573938
301376,致欧科技,常用指标,净资产收益率(ROE),20201231,53.28
301376,致欧科技,常用指标,总资产报酬率(ROA),20201231,38.10793
301376,致欧科技,常用指标,毛利率,20201231,37.91615
301376,致欧科技,常用指标,销售净利率,20201231,9.575593
301376,致欧科技,常用指标,期间费用率,20201231,25.510611
301376,致欧科技,常用指标,资产负债率,20201231,27.273515
301376,致欧科技,每股指标,基本每股收益,20201231,1.08
301376,致欧科技,每股指标,稀释每股收益,20201231,1.08
301376,致欧科技,每股指标,摊薄每股收益_最新股数,20201231,0.944783
301376,致欧科技,每股指标,摊薄每股净资产_期末股数,20201231,3.612745
301376,致欧科技,每股指标,调整每股净资产_期末股数,20201231,3.503221
301376,致欧科技,每股指标,每股净资产_最新股数,20201231,3.243642
301376,致欧科技,每股指标,每股经营现金流,20201231,-0.573938
301376,致欧科技,每股指标,每股现金流量净额,20201231,0.12794
301376,致欧科技,每股指标,每股企业自由现金流量,20201231,-0.952523
301376,致欧科技,每股指标,每股股东自由现金流量,20201231,-0.952523
301376,致欧科技,每股指标,每股未分配利润,20201231,0.745875
301376,致欧科技,每股指标,每股资本公积金,20201231,1.80044
301376,致欧科技,每股指标,每股盈余公积金,20201231,0.07109
301376,致欧科技,每股指标,每股留存收益,20201231,0.816965
301376,致欧科技,每股指标,每股营业收入,20201231,10.989325
301376,致欧科技,每股指标,每股营业总收入,20201231,10.989325
301376,致欧科技,每股指标,每股息税前利润,20201231,1.2913
301376,致欧科技,盈利能力,净资产收益率(ROE),20201231,53.28
301376,致欧科技,盈利能力,摊薄净资产收益率,20201231,29.127241
301376,致欧科技,盈利能力,净资产收益率_平均,20201231,43.907977
301376,致欧科技,盈利能力,净资产收益率_平均_扣除非经常损益,20201231,52.966402
301376,致欧科技,盈利能力,摊薄净资产收益率_扣除非经常损益,20201231,35.136329
301376,致欧科技,盈利能力,息税前利润率,20201231,11.750496
301376,致欧科技,盈利能力,总资产报酬率,20201231,38.10793
301376,致欧科技,盈利能力,总资本回报率,20201231,52.865578
301376,致欧科技,盈利能力,投入资本回报率,20201231,43.137947
301376,致欧科技,盈利能力,息前税后总资产报酬率_平均,20201231,31.095808
301376,致欧科技,盈利能力,毛利率,20201231,37.91615
301376,致欧科技,盈利能力,销售净利率,20201231,9.575593
301376,致欧科技,盈利能力,成本费用利润率,20201231,13.400123
301376,致欧科技,盈利能力,营业利润率,20201231,11.790497
301376,致欧科技,盈利能力,总资产净利率_平均,20201231,31.054521
301376,致欧科技,盈利能力,总资产净利率_平均(含少数股东损益),20201231,31.054521
301376,致欧科技,成长能力,归母净利润,20201231,380246117.18
301376,致欧科技,成长能力,营业总收入,20201231,3970992675.87
301376,致欧科技,成长能力,净利润,20201231,380246117.18
301376,致欧科技,成长能力,扣非净利润,20201231,458692700.0
301376,致欧科技,成长能力,营业总收入增长率,20201231,70.753792
301376,致欧科技,成长能力,归属母公司净利润增长率,20201231,252.098167
301376,致欧科技,收益质量,经营活动净现金/销售收入,20201231,-0.052226
301376,致欧科技,收益质量,经营性现金净流量/营业总收入,20201231,-0.052226
301376,致欧科技,收益质量,成本费用率,20201231,87.59446
301376,致欧科技,收益质量,期间费用率,20201231,25.510611
301376,致欧科技,收益质量,销售成本率,20201231,62.083849
301376,致欧科技,收益质量,经营活动净现金/归属母公司的净利润,20201231,-0.545417
301376,致欧科技,收益质量,所得税/利润总额,20201231,18.420647
301376,致欧科技,财务风险,流动比率,20201231,3.263219
301376,致欧科技,财务风险,速动比率,20201231,1.506721
301376,致欧科技,财务风险,保守速动比率,20201231,0.87873
301376,致欧科技,财务风险,资产负债率,20201231,27.273515
301376,致欧科技,财务风险,权益乘数,20201231,1.413899
301376,致欧科技,财务风险,权益乘数(含少数股权的净资产),20201231,1.375014
301376,致欧科技,财务风险,产权比率,20201231,37.50149
301376,致欧科技,财务风险,现金比率,20201231,0.645425
301376,致欧科技,营运能力,应收账款周转率,20201231,44.461976
301376,致欧科技,营运能力,应收账款周转天数,20201231,8.096806
301376,致欧科技,营运能力,存货周转率,20201231,4.435859
301376,致欧科技,营运能力,存货周转天数,20201231,81.156761
301376,致欧科技,营运能力,总资产周转率,20201231,3.243091
301376,致欧科技,营运能力,总资产周转天数,20201231,111.005207
301376,致欧科技,营运能力,流动资产周转率,20201231,3.586069
301376,致欧科技,营运能力,流动资产周转天数,20201231,100.388451
301376,致欧科技,营运能力,应付账款周转率,20201231,23.241436
301376,致欧科技,常用指标,归母净利润,20191231,107994347.06
301376,致欧科技,常用指标,营业总收入,20191231,2325566308.87
301376,致欧科技,常用指标,营业成本,20191231,2150517715.19
301376,致欧科技,常用指标,净利润,20191231,107994347.06
301376,致欧科技,常用指标,扣非净利润,20191231,163900400.0
301376,致欧科技,常用指标,股东权益合计(净资产),20191231,426548205.56
301376,致欧科技,常用指标,商誉,20191231,
301376,致欧科技,常用指标,经营现金流量净额,20191231,88996041.68
301376,致欧科技,常用指标,基本每股收益,20191231,
301376,致欧科技,常用指标,每股净资产,20191231,13.910626
301376,致欧科技,常用指标,每股现金流,20191231,2.902346
301376,致欧科技,常用指标,净资产收益率(ROE),20191231,33.72
301376,致欧科技,常用指标,总资产报酬率(ROA),20191231,26.667869
301376,致欧科技,常用指标,毛利率,20191231,55.795019
301376,致欧科技,常用指标,销售净利率,20191231,4.643787
301376,致欧科技,常用指标,期间费用率,20191231,48.258083
301376,致欧科技,常用指标,资产负债率,20191231,34.7645
301376,致欧科技,每股指标,基本每股收益,20191231,
301376,致欧科技,每股指标,稀释每股收益,20191231,
301376,致欧科技,每股指标,摊薄每股收益_最新股数,20191231,0.268329
301376,致欧科技,每股指标,摊薄每股净资产_期末股数,20191231,13.910626
301376,致欧科技,每股指标,调整每股净资产_期末股数,20191231,13.21097
301376,致欧科技,每股指标,每股净资产_最新股数,20191231,1.059828
301376,致欧科技,每股指标,每股经营现金流,20191231,2.902346
301376,致欧科技,每股指标,每股现金流量净额,20191231,2.136162
301376,致欧科技,每股指标,每股企业自由现金流量,20191231,-3.23342
301376,致欧科技,每股指标,每股股东自由现金流量,20191231,-3.681066
301376,致欧科技,每股指标,每股未分配利润,20191231,2.73214
301376,致欧科技,每股指标,每股资本公积金,20191231,9.689286
301376,致欧科技,每股指标,每股盈余公积金,20191231,0.242781
301376,致欧科技,每股指标,每股留存收益,20191231,2.974921
301376,致欧科技,每股指标,每股营业收入,20191231,75.841564
301376,致欧科技,每股指标,每股营业总收入,20191231,75.841564
301376,致欧科技,每股指标,每股息税前利润,20191231,4.670663
301376,致欧科技,盈利能力,净资产收益率(ROE),20191231,33.72
301376,致欧科技,盈利能力,摊薄净资产收益率,20191231,25.318204
301376,致欧科技,盈利能力,净资产收益率_平均,20191231,33.473914
301376,致欧科技,盈利能力,净资产收益率_平均_扣除非经常损益,20191231,50.802547
301376,致欧科技,盈利能力,摊薄净资产收益率_扣除非经常损益,20191231,38.424825
301376,致欧科技,盈利能力,息税前利润率,20191231,6.158447
301376,致欧科技,盈利能力,总资产报酬率,20191231,26.667869
301376,致欧科技,盈利能力,总资本回报率,20191231,43.425333
301376,致欧科技,盈利能力,投入资本回报率,20191231,32.808967
301376,致欧科技,盈利能力,息前税后总资产报酬率_平均,20191231,20.148268
301376,致欧科技,盈利能力,毛利率,20191231,55.795019
301376,致欧科技,盈利能力,销售净利率,20191231,4.643787
301376,致欧科技,盈利能力,成本费用利润率,20191231,6.65062
301376,致欧科技,盈利能力,营业利润率,20191231,6.164197
301376,致欧科技,盈利能力,总资产净利率_平均,20191231,20.108948
301376,致欧科技,盈利能力,总资产净利率_平均(含少数股东损益),20191231,20.108948
301376,致欧科技,成长能力,归母净利润,20191231,107994347.06
301376,致欧科技,成长能力,营业总收入,20191231,2325566308.87
301376,致欧科技,成长能力,净利润,20191231,107994347.06
301376,致欧科技,成长能力,扣非净利润,20191231,163900400.0
301376,致欧科技,成长能力,营业总收入增长率,20191231,45.833154
301376,致欧科技,成长能力,归属母公司净利润增长率,20191231,165.743276
301376,致欧科技,收益质量,经营活动净现金/销售收入,20191231,0.038268
301376,致欧科技,收益质量,经营性现金净流量/营业总收入,20191231,0.038268
301376,致欧科技,收益质量,成本费用率,20191231,92.463063
301376,致欧科技,收益质量,期间费用率,20191231,48.258083
301376,致欧科技,收益质量,销售成本率,20191231,44.20498
301376,致欧科技,收益质量,经营活动净现金/归属母公司的净利润,20191231,0.82408
301376,致欧科技,收益质量,所得税/利润总额,20191231,24.483502
301376,致欧科技,财务风险,流动比率,20191231,2.736117
301376,致欧科技,财务风险,速动比率,20191231,1.619098
301376,致欧科技,财务风险,保守速动比率,20191231,1.164827
301376,致欧科技,财务风险,资产负债率,20191231,34.7645
301376,致欧科技,财务风险,权益乘数,20191231,1.664627
301376,致欧科技,财务风险,权益乘数(含少数股权的净资产),20191231,1.532907
301376,致欧科技,财务风险,产权比率,20191231,53.290771
301376,致欧科技,财务风险,现金比率,20191231,0.87961
301376,致欧科技,营运能力,应收账款周转率,20191231,49.670415
301376,致欧科技,营运能力,应收账款周转天数,20191231,7.247775
301376,致欧科技,营运能力,存货周转率,20191231,4.807753
301376,致欧科技,营运能力,存货周转天数,20191231,74.879048
301376,致欧科技,营运能力,总资产周转率,20191231,4.33029
301376,致欧科技,营运能力,总资产周转天数,20191231,83.135293
301376,致欧科技,营运能力,流动资产周转率,20191231,4.573944
301376,致欧科技,营运能力,流动资产周转天数,20191231,78.706684
301376,致欧科技,营运能力,应付账款周转率,20191231,15.050311
301376,致欧科技,常用指标,归母净利润,20181231,40638600.0
301376,致欧科技,常用指标,营业总收入,20181231,1594676000.0
301376,致欧科技,常用指标,营业成本,20181231,1529972000.0
301376,致欧科技,常用指标,净利润,20181231,41647100.0
301376,致欧科技,常用指标,扣非净利润,20181231,79240500.0
301376,致欧科技,常用指标,股东权益合计(净资产),20181231,218696600.0
301376,致欧科技,常用指标,商誉,20181231,
301376,致欧科技,常用指标,经营现金流量净额,20181231,-32821100.0
301376,致欧科技,常用指标,基本每股收益,20181231,
301376,致欧科技,常用指标,每股净资产,20181231,7.331775
301376,致欧科技,常用指标,每股现金流,20181231,-1.100323
301376,致欧科技,常用指标,净资产收益率(ROE),20181231,28.55
301376,致欧科技,常用指标,总资产报酬率(ROA),20181231,13.253563
301376,致欧科技,常用指标,毛利率,20181231,56.473829
301376,致欧科技,常用指标,销售净利率,20181231,2.611633
301376,致欧科技,常用指标,期间费用率,20181231,52.408871
301376,致欧科技,常用指标,资产负债率,20181231,47.958325
301376,致欧科技,每股指标,基本每股收益,20181231,
301376,致欧科技,每股指标,稀释每股收益,20181231,
301376,致欧科技,每股指标,摊薄每股收益_最新股数,20181231,0.100973
301376,致欧科技,每股指标,摊薄每股净资产_期末股数,20181231,7.331775
301376,致欧科技,每股指标,调整每股净资产_期末股数,20181231,6.69848
301376,致欧科技,每股指标,每股净资产_最新股数,20181231,0.543387
301376,致欧科技,每股指标,每股经营现金流,20181231,-1.100323
301376,致欧科技,每股指标,每股现金流量净额,20181231,-0.828094
301376,致欧科技,每股指标,每股企业自由现金流量,20181231,-5.239153
301376,致欧科技,每股指标,每股股东自由现金流量,20181231,-4.778977
301376,致欧科技,每股指标,每股未分配利润,20181231,-0.562721
301376,致欧科技,每股指标,每股资本公积金,20181231,6.759502
301376,致欧科技,每股指标,每股盈余公积金,20181231,
301376,致欧科技,每股指标,每股留存收益,20181231,-0.562721
301376,致欧科技,每股指标,每股营业收入,20181231,53.461308
301376,致欧科技,每股指标,每股营业总收入,20181231,53.461308
301376,致欧科技,每股指标,每股息税前利润,20181231,1.867197
301376,致欧科技,盈利能力,净资产收益率(ROE),20181231,28.55
301376,致欧科技,盈利能力,摊薄净资产收益率,20181231,18.582181
301376,致欧科技,盈利能力,净资产收益率_平均,20181231,18.582181
301376,致欧科技,盈利能力,净资产收益率_平均_扣除非经常损益,20181231,36.233073
301376,致欧科技,盈利能力,摊薄净资产收益率_扣除非经常损益,20181231,
301376,致欧科技,盈利能力,息税前利润率,20181231,3.492615
301376,致欧科技,盈利能力,总资产报酬率,20181231,13.253563
301376,致欧科技,盈利能力,总资本回报率,20181231,23.924489
301376,致欧科技,盈利能力,投入资本回报率,20181231,17.489702
301376,致欧科技,盈利能力,息前税后总资产报酬率_平均,20181231,9.928839
301376,致欧科技,盈利能力,毛利率,20181231,56.473829
301376,致欧科技,盈利能力,销售净利率,20181231,2.611633
301376,致欧科技,盈利能力,成本费用利润率,20181231,3.635558
301376,致欧科技,盈利能力,营业利润率,20181231,3.479603
301376,致欧科技,盈利能力,总资产净利率_平均,20181231,9.670483
301376,致欧科技,盈利能力,总资产净利率_平均(含少数股东损益),20181231,9.910468
301376,致欧科技,成长能力,归母净利润,20181231,40638600.0
301376,致欧科技,成长能力,营业总收入,20181231,1594676000.0
301376,致欧科技,成长能力,净利润,20181231,41647100.0
301376,致欧科技,成长能力,扣非净利润,20181231,79240500.0
301376,致欧科技,成长能力,营业总收入增长率,20181231,
301376,致欧科技,成长能力,归属母公司净利润增长率,20181231,
301376,致欧科技,收益质量,经营活动净现金/销售收入,20181231,-0.020581
301376,致欧科技,收益质量,经营性现金净流量/营业总收入,20181231,-0.020581
301376,致欧科技,收益质量,成本费用率,20181231,95.935042
301376,致欧科技,收益质量,期间费用率,20181231,52.408871
301376,致欧科技,收益质量,销售成本率,20181231,43.52617
301376,致欧科技,收益质量,经营活动净现金/归属母公司的净利润,20181231,-0.807633
301376,致欧科技,收益质量,所得税/利润总额,20181231,25.120328
301376,致欧科技,财务风险,流动比率,20181231,1.976518
301376,致欧科技,财务风险,速动比率,20181231,1.107385
301376,致欧科技,财务风险,保守速动比率,20181231,0.465103
301376,致欧科技,财务风险,资产负债率,20181231,47.958325
301376,致欧科技,财务风险,权益乘数,20181231,1.921536
301376,致欧科技,财务风险,权益乘数(含少数股权的净资产),20181231,1.921536
301376,致欧科技,财务风险,产权比率,20181231,92.15365
301376,致欧科技,财务风险,现金比率,20181231,0.320544
301376,致欧科技,营运能力,应收账款周转率,20181231,54.865097
301376,致欧科技,营运能力,应收账款周转天数,20181231,6.561548
301376,致欧科技,营运能力,存货周转率,20181231,3.971958
301376,致欧科技,营运能力,存货周转天数,20181231,90.635379
301376,致欧科技,营运能力,总资产周转率,20181231,3.794738
301376,致欧科技,营运能力,总资产周转天数,20181231,94.868188
301376,致欧科技,营运能力,流动资产周转率,20181231,4.012728
301376,致欧科技,营运能力,流动资产周转天数,20181231,89.714515
301376,致欧科技,营运能力,应付账款周转率,20181231,13.698647
301381,赛维时代,常用指标,归母净利润,20260630,165712179.66
301381,赛维时代,常用指标,营业总收入,20260630,6201260918.4
301381,赛维时代,常用指标,营业成本,20260630,5878771481.04
301381,赛维时代,常用指标,净利润,20260630,165712179.66
301381,赛维时代,常用指标,扣非净利润,20260630,172333310.01
301381,赛维时代,常用指标,股东权益合计(净资产),20260630,2865721917.98
301381,赛维时代,常用指标,商誉,20260630,
301381,赛维时代,常用指标,经营现金流量净额,20260630,319464690.15
301381,赛维时代,常用指标,基本每股收益,20260630,0.4103
301381,赛维时代,常用指标,每股净资产,20260630,7.050007
301381,赛维时代,常用指标,每股现金流,20260630,0.78592
301381,赛维时代,常用指标,净资产收益率(ROE),20260630,5.91
301381,赛维时代,常用指标,总资产报酬率(ROA),20260630,4.261632
301381,赛维时代,常用指标,毛利率,20260630,42.706374
301381,赛维时代,常用指标,销售净利率,20260630,2.672233
301381,赛维时代,常用指标,期间费用率,20260630,37.379648
301381,赛维时代,常用指标,资产负债率,20260630,46.468214
301381,赛维时代,每股指标,基本每股收益,20260630,0.4103
301381,赛维时代,每股指标,稀释每股收益,20260630,0.4074
301381,赛维时代,每股指标,摊薄每股收益_最新股数,20260630,0.407671
301381,赛维时代,每股指标,摊薄每股净资产_期末股数,20260630,7.050007
301381,赛维时代,每股指标,调整每股净资产_期末股数,20260630,6.444562
301381,赛维时代,每股指标,每股净资产_最新股数,20260630,7.050007
301381,赛维时代,每股指标,每股经营现金流,20260630,0.78592
301381,赛维时代,每股指标,每股现金流量净额,20260630,-0.977417
301381,赛维时代,每股指标,每股企业自由现金流量,20260630,0.183137
301381,赛维时代,每股指标,每股股东自由现金流量,20260630,0.183443
301381,赛维时代,每股指标,每股未分配利润,20260630,3.470203
301381,赛维时代,每股指标,每股资本公积金,20260630,2.415789
301381,赛维时代,每股指标,每股盈余公积金,20260630,0.176902
301381,赛维时代,每股指标,每股留存收益,20260630,3.647105
301381,赛维时代,每股指标,每股营业收入,20260630,15.255819
301381,赛维时代,每股指标,每股营业总收入,20260630,15.255819
301381,赛维时代,每股指标,每股息税前利润,20260630,0.533459
301381,赛维时代,盈利能力,净资产收益率(ROE),20260630,5.91
301381,赛维时代,盈利能力,摊薄净资产收益率,20260630,5.782563
301381,赛维时代,盈利能力,净资产收益率_平均,20260630,5.910373
301381,赛维时代,盈利能力,净资产收益率_平均_扣除非经常损益,20260630,6.146525
301381,赛维时代,盈利能力,摊薄净资产收益率_扣除非经常损益,20260630,6.013608
301381,赛维时代,盈利能力,息税前利润率,20260630,3.496763
301381,赛维时代,盈利能力,总资产报酬率,20260630,4.261632
301381,赛维时代,盈利能力,总资本回报率,20260630,5.915024
301381,赛维时代,盈利能力,投入资本回报率,20260630,5.456096
301381,赛维时代,盈利能力,息前税后总资产报酬率_平均,20260630,3.435483
301381,赛维时代,盈利能力,毛利率,20260630,42.706374
301381,赛维时代,盈利能力,销售净利率,20260630,2.672233
301381,赛维时代,盈利能力,成本费用利润率,20260630,3.538598
301381,赛维时代,盈利能力,营业利润率,20260630,3.637915
301381,赛维时代,盈利能力,总资产净利率_平均,20260630,3.256748
301381,赛维时代,盈利能力,总资产净利率_平均(含少数股东损益),20260630,3.256748
301381,赛维时代,成长能力,归母净利润,20260630,165712179.66
301381,赛维时代,成长能力,营业总收入,20260630,6201260918.4
301381,赛维时代,成长能力,净利润,20260630,165712179.66
301381,赛维时代,成长能力,扣非净利润,20260630,172333310.01
301381,赛维时代,成长能力,营业总收入增长率,20260630,16.007088
301381,赛维时代,成长能力,归属母公司净利润增长率,20260630,-2.056155
301381,赛维时代,收益质量,经营活动净现金/销售收入,20260630,0.051516
301381,赛维时代,收益质量,经营性现金净流量/营业总收入,20260630,0.051516
301381,赛维时代,收益质量,成本费用率,20260630,94.673274
301381,赛维时代,收益质量,期间费用率,20260630,37.379648
301381,赛维时代,收益质量,销售成本率,20260630,57.293625
301381,赛维时代,收益质量,经营活动净现金/归属母公司的净利润,20260630,1.927828
301381,赛维时代,收益质量,所得税/利润总额,20260630,20.234374
301381,赛维时代,财务风险,流动比率,20260630,2.062808
301381,赛维时代,财务风险,速动比率,20260630,1.351987
301381,赛维时代,财务风险,保守速动比率,20260630,1.142307
301381,赛维时代,财务风险,资产负债率,20260630,46.468214
301381,赛维时代,财务风险,权益乘数,20260630,1.814808
301381,赛维时代,财务风险,权益乘数(含少数股权的净资产),20260630,1.868049
301381,赛维时代,财务风险,产权比率,20260630,86.804901
301381,赛维时代,财务风险,现金比率,20260630,0.848502
301381,赛维时代,营运能力,应收账款周转率,20260630,13.173452
301381,赛维时代,营运能力,应收账款周转天数,20260630,13.663844
301381,赛维时代,营运能力,存货周转率,20260630,2.585382
301381,赛维时代,营运能力,存货周转天数,20260630,69.622187
301381,赛维时代,营运能力,总资产周转率,20260630,1.218736
301381,赛维时代,营运能力,总资产周转天数,20260630,147.693948
301381,赛维时代,营运能力,流动资产周转率,20260630,1.562829
301381,赛维时代,营运能力,流动资产周转天数,20260630,115.1757
301381,赛维时代,营运能力,应付账款周转率,20260630,7.635401
301381,赛维时代,常用指标,归母净利润,20260331,42552895.66
301381,赛维时代,常用指标,营业总收入,20260331,2720092007.0
301381,赛维时代,常用指标,营业成本,20260331,2638895456.47
301381,赛维时代,常用指标,净利润,20260331,42552895.66
301381,赛维时代,常用指标,扣非净利润,20260331,44657533.58
301381,赛维时代,常用指标,股东权益合计(净资产),20260331,2800058161.09
301381,赛维时代,常用指标,商誉,20260331,
301381,赛维时代,常用指标,经营现金流量净额,20260331,47752709.43
301381,赛维时代,常用指标,基本每股收益,20260331,0.1055
301381,赛维时代,常用指标,每股净资产,20260331,6.940144
301381,赛维时代,常用指标,每股现金流,20260331,0.118358
301381,赛维时代,常用指标,净资产收益率(ROE),20260331,1.54
301381,赛维时代,常用指标,总资产报酬率(ROA),20260331,1.285658
301381,赛维时代,常用指标,毛利率,20260331,43.098757
301381,赛维时代,常用指标,销售净利率,20260331,1.564391
301381,赛维时代,常用指标,期间费用率,20260331,39.988111
301381,赛维时代,常用指标,资产负债率,20260331,39.620833
301381,赛维时代,每股指标,基本每股收益,20260331,0.1055
301381,赛维时代,每股指标,稀释每股收益,20260331,0.1055
301381,赛维时代,每股指标,摊薄每股收益_最新股数,20260331,0.104685
301381,赛维时代,每股指标,摊薄每股净资产_期末股数,20260331,6.940144
301381,赛维时代,每股指标,调整每股净资产_期末股数,20260331,6.335858
301381,赛维时代,每股指标,每股净资产_最新股数,20260331,6.888467
301381,赛维时代,每股指标,每股经营现金流,20260331,0.118358
301381,赛维时代,每股指标,每股现金流量净额,20260331,-1.123947
301381,赛维时代,每股指标,每股企业自由现金流量,20260331,
301381,赛维时代,每股指标,每股股东自由现金流量,20260331,
301381,赛维时代,每股指标,每股未分配利润,20260331,3.471444
301381,赛维时代,每股指标,每股资本公积金,20260331,2.334257
301381,赛维时代,每股指标,每股盈余公积金,20260331,0.147762
301381,赛维时代,每股指标,每股留存收益,20260331,3.619207
301381,赛维时代,每股指标,每股营业收入,20260331,6.741942
301381,赛维时代,每股指标,每股营业总收入,20260331,6.741942
301381,赛维时代,每股指标,每股息税前利润,20260331,0.150736
301381,赛维时代,盈利能力,净资产收益率(ROE),20260331,1.54
301381,赛维时代,盈利能力,摊薄净资产收益率,20260331,1.519714
301381,赛维时代,盈利能力,净资产收益率_平均,20260331,1.535695
301381,赛维时代,盈利能力,净资产收益率_平均_扣除非经常损益,20260331,1.61165
301381,赛维时代,盈利能力,摊薄净资产收益率_扣除非经常损益,20260331,1.594878
301381,赛维时代,盈利能力,息税前利润率,20260331,2.235809
301381,赛维时代,盈利能力,总资产报酬率,20260331,1.285658
301381,赛维时代,盈利能力,总资本回报率,20260331,1.658219
301381,赛维时代,盈利能力,投入资本回报率,20260331,1.292399
301381,赛维时代,盈利能力,息前税后总资产报酬率_平均,20260331,1.002029
301381,赛维时代,盈利能力,毛利率,20260331,43.098757
301381,赛维时代,盈利能力,销售净利率,20260331,1.564391
301381,赛维时代,盈利能力,成本费用利润率,20260331,2.123693
301381,赛维时代,盈利能力,营业利润率,20260331,2.165015
301381,赛维时代,盈利能力,总资产净利率_平均,20260331,0.899572
301381,赛维时代,盈利能力,总资产净利率_平均(含少数股东损益),20260331,0.899572
301381,赛维时代,成长能力,归母净利润,20260331,42552895.66
301381,赛维时代,成长能力,营业总收入,20260331,2720092007.0
301381,赛维时代,成长能力,净利润,20260331,42552895.66
301381,赛维时代,成长能力,扣非净利润,20260331,44657533.58
301381,赛维时代,成长能力,营业总收入增长率,20260331,10.650176
301381,赛维时代,成长能力,归属母公司净利润增长率,20260331,-9.512269
301381,赛维时代,收益质量,经营活动净现金/销售收入,20260331,0.017555
301381,赛维时代,收益质量,经营性现金净流量/营业总收入,20260331,0.017555
301381,赛维时代,收益质量,成本费用率,20260331,96.889354
301381,赛维时代,收益质量,期间费用率,20260331,39.988111
301381,赛维时代,收益质量,销售成本率,20260331,56.901242
301381,赛维时代,收益质量,经营活动净现金/归属母公司的净利润,20260331,1.122196
301381,赛维时代,收益质量,所得税/利润总额,20260331,23.971306
301381,赛维时代,财务风险,流动比率,20260331,2.616981
301381,赛维时代,财务风险,速动比率,20260331,1.730315
301381,赛维时代,财务风险,保守速动比率,20260331,1.423564
301381,赛维时代,财务风险,资产负债率,20260331,39.620833
301381,赛维时代,财务风险,权益乘数,20260331,1.707138
301381,赛维时代,财务风险,权益乘数(含少数股权的净资产),20260331,1.6562
301381,赛维时代,财务风险,产权比率,20260331,65.62004
301381,赛维时代,财务风险,现金比率,20260331,1.184108
301381,赛维时代,营运能力,应收账款周转率,20260331,8.296959
301381,赛维时代,营运能力,应收账款周转天数,20260331,10.847346
301381,赛维时代,营运能力,存货周转率,20260331,1.249083
301381,赛维时代,营运能力,存货周转天数,20260331,72.052828
301381,赛维时代,营运能力,总资产周转率,20260331,0.57503
301381,赛维时代,营运能力,总资产周转天数,20260331,156.513468
301381,赛维时代,营运能力,流动资产周转率,20260331,0.75441
301381,赛维时代,营运能力,流动资产周转天数,20260331,119.298386
301381,赛维时代,营运能力,应付账款周转率,20260331,4.155744
301381,赛维时代,常用指标,归母净利润,20251231,282977761.37
301381,赛维时代,常用指标,营业总收入,20251231,11816529344.62
301381,赛维时代,常用指标,营业成本,20251231,11303559476.25
301381,赛维时代,常用指标,净利润,20251231,282977761.37
301381,赛维时代,常用指标,扣非净利润,20251231,263555749.15
301381,赛维时代,常用指标,股东权益合计(净资产),20251231,2741781013.43
301381,赛维时代,常用指标,商誉,20251231,
301381,赛维时代,常用指标,经营现金流量净额,20251231,1249730547.05
301381,赛维时代,常用指标,基本每股收益,20251231,0.7043
301381,赛维时代,常用指标,每股净资产,20251231,6.7957
301381,赛维时代,常用指标,每股现金流,20251231,3.097546
301381,赛维时代,常用指标,净资产收益率(ROE),20251231,10.77
301381,赛维时代,常用指标,总资产报酬率(ROA),20251231,8.275019
301381,赛维时代,常用指标,毛利率,20251231,42.68851
301381,赛维时代,常用指标,销售净利率,20251231,2.394762
301381,赛维时代,常用指标,期间费用率,20251231,38.258316
301381,赛维时代,常用指标,资产负债率,20251231,43.154695
301381,赛维时代,每股指标,基本每股收益,20251231,0.7043
301381,赛维时代,每股指标,稀释每股收益,20251231,0.6967
301381,赛维时代,每股指标,摊薄每股收益_最新股数,20251231,0.696158
301381,赛维时代,每股指标,摊薄每股净资产_期末股数,20251231,6.7957
301381,赛维时代,每股指标,调整每股净资产_期末股数,20251231,6.151683
301381,赛维时代,每股指标,每股净资产_最新股数,20251231,6.745098
301381,赛维时代,每股指标,每股经营现金流,20251231,3.097546
301381,赛维时代,每股指标,每股现金流量净额,20251231,0.573213
301381,赛维时代,每股指标,每股企业自由现金流量,20251231,-0.291318
301381,赛维时代,每股指标,每股股东自由现金流量,20251231,-1.186515
301381,赛维时代,每股指标,每股未分配利润,20251231,3.365974
301381,赛维时代,每股指标,每股资本公积金,20251231,2.298695
301381,赛维时代,每股指标,每股盈余公积金,20251231,0.147762
301381,赛维时代,每股指标,每股留存收益,20251231,3.513736
301381,赛维时代,每股指标,每股营业收入,20251231,29.288112
301381,赛维时代,每股指标,每股营业总收入,20251231,29.288112
301381,赛维时代,每股指标,每股息税前利润,20251231,0.980992
301381,赛维时代,盈利能力,净资产收益率(ROE),20251231,10.77
301381,赛维时代,盈利能力,摊薄净资产收益率,20251231,10.320946
301381,赛维时代,盈利能力,净资产收益率_平均,20251231,10.878428
301381,赛维时代,盈利能力,净资产收益率_平均_扣除非经常损益,20251231,10.131793
301381,赛维时代,盈利能力,摊薄净资产收益率_扣除非经常损益,20251231,9.612574
301381,赛维时代,盈利能力,息税前利润率,20251231,3.349456
301381,赛维时代,盈利能力,总资产报酬率,20251231,8.275019
301381,赛维时代,盈利能力,总资本回报率,20251231,10.598023
301381,赛维时代,盈利能力,投入资本回报率,20251231,8.300809
301381,赛维时代,盈利能力,息前税后总资产报酬率_平均,20251231,6.481337
301381,赛维时代,盈利能力,毛利率,20251231,42.68851
301381,赛维时代,盈利能力,销售净利率,20251231,2.394762
301381,赛维时代,盈利能力,成本费用利润率,20251231,3.265451
301381,赛维时代,盈利能力,营业利润率,20251231,3.229319
301381,赛维时代,盈利能力,总资产净利率_平均,20251231,5.916393
301381,赛维时代,盈利能力,总资产净利率_平均(含少数股东损益),20251231,5.916393
301381,赛维时代,成长能力,归母净利润,20251231,282977761.37
301381,赛维时代,成长能力,营业总收入,20251231,11816529344.62
301381,赛维时代,成长能力,净利润,20251231,282977761.37
301381,赛维时代,成长能力,扣非净利润,20251231,263555749.15
301381,赛维时代,成长能力,营业总收入增长率,20251231,14.998471
301381,赛维时代,成长能力,归属母公司净利润增长率,20251231,32.171315
301381,赛维时代,收益质量,经营活动净现金/销售收入,20251231,0.105761
301381,赛维时代,收益质量,经营性现金净流量/营业总收入,20251231,0.105761
301381,赛维时代,收益质量,成本费用率,20251231,95.569806
301381,赛维时代,收益质量,期间费用率,20251231,38.258316
301381,赛维时代,收益质量,销售成本率,20251231,57.311489
301381,赛维时代,收益质量,经营活动净现金/归属母公司的净利润,20251231,4.416356
301381,赛维时代,收益质量,所得税/利润总额,20251231,23.26413
301381,赛维时代,财务风险,流动比率,20251231,2.346377
301381,赛维时代,财务风险,速动比率,20251231,1.528985
301381,赛维时代,财务风险,保守速动比率,20251231,1.227135
301381,赛维时代,财务风险,资产负债率,20251231,43.154695
301381,赛维时代,财务风险,权益乘数,20251231,1.838692
301381,赛维时代,财务风险,权益乘数(含少数股权的净资产),20251231,1.75916
301381,赛维时代,财务风险,产权比率,20251231,75.916025
301381,赛维时代,财务风险,现金比率,20251231,1.015273
301381,赛维时代,营运能力,应收账款周转率,20251231,37.503097
301381,赛维时代,营运能力,应收账款周转天数,20251231,9.599207
301381,赛维时代,营运能力,存货周转率,20251231,4.395171
301381,赛维时代,营运能力,存货周转天数,20251231,81.90806
301381,赛维时代,营运能力,总资产周转率,20251231,2.470555
301381,赛维时代,营运能力,总资产周转天数,20251231,145.716201
301381,赛维时代,营运能力,流动资产周转率,20251231,3.326822
301381,赛维时代,营运能力,流动资产周转天数,20251231,108.211364
301381,赛维时代,营运能力,应付账款周转率,20251231,16.721477
301381,赛维时代,常用指标,归母净利润,20250930,209744225.97
301381,赛维时代,常用指标,营业总收入,20250930,8188419310.39
301381,赛维时代,常用指标,营业成本,20250930,7829146222.52
301381,赛维时代,常用指标,净利润,20250930,209744225.97
301381,赛维时代,常用指标,扣非净利润,20250930,220763742.6
301381,赛维时代,常用指标,股东权益合计(净资产),20250930,2661669737.86
301381,赛维时代,常用指标,商誉,20250930,
301381,赛维时代,常用指标,经营现金流量净额,20250930,742147745.98
301381,赛维时代,常用指标,基本每股收益,20250930,0.5225
301381,赛维时代,常用指标,每股净资产,20250930,6.597138
301381,赛维时代,常用指标,每股现金流,20250930,1.839466
301381,赛维时代,常用指标,净资产收益率(ROE),20250930,8.09
301381,赛维时代,常用指标,总资产报酬率(ROA),20250930,5.495853
301381,赛维时代,常用指标,毛利率,20250930,43.555809
301381,赛维时代,常用指标,销售净利率,20250930,2.561473
301381,赛维时代,常用指标,期间费用率,20250930,39.123241
301381,赛维时代,常用指标,资产负债率,20250930,44.85199
301381,赛维时代,每股指标,基本每股收益,20250930,0.5225
301381,赛维时代,每股指标,稀释每股收益,20250930,0.5225
301381,赛维时代,每股指标,摊薄每股收益_最新股数,20250930,0.515995
301381,赛维时代,每股指标,摊薄每股净资产_期末股数,20250930,6.597138
301381,赛维时代,每股指标,调整每股净资产_期末股数,20250930,6.325246
301381,赛维时代,每股指标,每股净资产_最新股数,20250930,6.548015
301381,赛维时代,每股指标,每股经营现金流,20250930,1.839466
301381,赛维时代,每股指标,每股现金流量净额,20250930,0.181307
301381,赛维时代,每股指标,每股企业自由现金流量,20250930,
301381,赛维时代,每股指标,每股股东自由现金流量,20250930,
301381,赛维时代,每股指标,每股未分配利润,20250930,3.214586
301381,赛维时代,每股指标,每股资本公积金,20250930,2.268457
301381,赛维时代,每股指标,每股盈余公积金,20250930,0.117635
301381,赛维时代,每股指标,每股留存收益,20250930,3.332222
301381,赛维时代,每股指标,每股营业收入,20250930,20.295582
301381,赛维时代,每股指标,每股营业总收入,20250930,20.295582
301381,赛维时代,每股指标,每股息税前利润,20250930,0.651742
301381,赛维时代,盈利能力,净资产收益率(ROE),20250930,8.09
301381,赛维时代,盈利能力,摊薄净资产收益率,20250930,7.880174
301381,赛维时代,盈利能力,净资产收益率_平均,20250930,8.189235
301381,赛维时代,盈利能力,净资产收益率_平均_扣除非经常损益,20250930,8.61948
301381,赛维时代,盈利能力,摊薄净资产收益率_扣除非经常损益,20250930,8.294182
301381,赛维时代,盈利能力,息税前利润率,20250930,3.211254
301381,赛维时代,盈利能力,总资产报酬率,20250930,5.495853
301381,赛维时代,盈利能力,总资本回报率,20250930,6.900155
301381,赛维时代,盈利能力,投入资本回报率,20250930,5.88873
301381,赛维时代,盈利能力,息前税后总资产报酬率_平均,20250930,4.690271
301381,赛维时代,盈利能力,毛利率,20250930,43.555809
301381,赛维时代,盈利能力,销售净利率,20250930,2.561473
301381,赛维时代,盈利能力,成本费用利润率,20250930,3.172816
301381,赛维时代,盈利能力,营业利润率,20250930,3.170767
301381,赛维时代,盈利能力,总资产净利率_平均,20250930,4.383796
301381,赛维时代,盈利能力,总资产净利率_平均(含少数股东损益),20250930,4.383796
301381,赛维时代,成长能力,归母净利润,20250930,209744225.97
301381,赛维时代,成长能力,营业总收入,20250930,8188419310.39
301381,赛维时代,成长能力,净利润,20250930,209744225.97
301381,赛维时代,成长能力,扣非净利润,20250930,220763742.6
301381,赛维时代,成长能力,营业总收入增长率,20250930,20.388691
301381,赛维时代,成长能力,归属母公司净利润增长率,20250930,7.337597
301381,赛维时代,收益质量,经营活动净现金/销售收入,20250930,0.090633
301381,赛维时代,收益质量,经营性现金净流量/营业总收入,20250930,0.090633
301381,赛维时代,收益质量,成本费用率,20250930,95.567432
301381,赛维时代,收益质量,期间费用率,20250930,39.123241
301381,赛维时代,收益质量,销售成本率,20250930,56.44419
301381,赛维时代,收益质量,经营活动净现金/归属母公司的净利润,20250930,3.538346
301381,赛维时代,收益质量,所得税/利润总额,20250930,15.523672
301381,赛维时代,财务风险,流动比率,20250930,2.311054
301381,赛维时代,财务风险,速动比率,20250930,1.316184
301381,赛维时代,财务风险,保守速动比率,20250930,1.048682
301381,赛维时代,财务风险,资产负债率,20250930,44.85199
301381,赛维时代,财务风险,权益乘数,20250930,1.868069
301381,赛维时代,财务风险,权益乘数(含少数股权的净资产),20250930,1.813302
301381,赛维时代,财务风险,产权比率,20250930,81.330207
301381,赛维时代,财务风险,现金比率,20250930,0.828422
301381,赛维时代,营运能力,应收账款周转率,20250930,25.520459
301381,赛维时代,营运能力,应收账款周转天数,20250930,10.579747
301381,赛维时代,营运能力,存货周转率,20250930,2.771863
301381,赛维时代,营运能力,存货周转天数,20250930,97.407405
301381,赛维时代,营运能力,总资产周转率,20250930,1.711435
301381,赛维时代,营运能力,总资产周转天数,20250930,157.762316
301381,赛维时代,营运能力,流动资产周转率,20250930,2.341988
301381,赛维时代,营运能力,流动资产周转天数,20250930,115.286666
301381,赛维时代,营运能力,应付账款周转率,20250930,10.359757
301381,赛维时代,常用指标,归母净利润,20250630,169191009.09
301381,赛维时代,常用指标,营业总收入,20250630,5345587947.81
301381,赛维时代,常用指标,营业成本,20250630,5075835226.75
301381,赛维时代,常用指标,净利润,20250630,169191009.09
301381,赛维时代,常用指标,扣非净利润,20250630,185952179.65
301381,赛维时代,常用指标,股东权益合计(净资产),20250630,2709690813.14
301381,赛维时代,常用指标,商誉,20250630,
301381,赛维时代,常用指标,经营现金流量净额,20250630,510407371.4
301381,赛维时代,常用指标,基本每股收益,20250630,0.4226
301381,赛维时代,常用指标,每股净资产,20250630,6.716162
301381,赛维时代,常用指标,每股现金流,20250630,1.265081
301381,赛维时代,常用指标,净资产收益率(ROE),20250630,6.6
301381,赛维时代,常用指标,总资产报酬率(ROA),20250630,4.399356
301381,赛维时代,常用指标,毛利率,20250630,44.473924
301381,赛维时代,常用指标,销售净利率,20250630,3.165058
301381,赛维时代,常用指标,期间费用率,20250630,39.377662
301381,赛维时代,常用指标,资产负债率,20250630,42.821083
301381,赛维时代,每股指标,基本每股收益,20250630,0.4226
301381,赛维时代,每股指标,稀释每股收益,20250630,0.4226
301381,赛维时代,每股指标,摊薄每股收益_最新股数,20250630,0.416229
301381,赛维时代,每股指标,摊薄每股净资产_期末股数,20250630,6.716162
301381,赛维时代,每股指标,调整每股净资产_期末股数,20250630,6.419462
301381,赛维时代,每股指标,每股净资产_最新股数,20250630,6.666153
301381,赛维时代,每股指标,每股经营现金流,20250630,1.265081
301381,赛维时代,每股指标,每股现金流量净额,20250630,0.584236
301381,赛维时代,每股指标,每股企业自由现金流量,20250630,-0.34459
301381,赛维时代,每股指标,每股股东自由现金流量,20250630,-0.722787
301381,赛维时代,每股指标,每股未分配利润,20250630,3.364072
301381,赛维时代,每股指标,每股资本公积金,20250630,2.238983
301381,赛维时代,每股指标,每股盈余公积金,20250630,0.117635
301381,赛维时代,每股指标,每股留存收益,20250630,3.481708
301381,赛维时代,每股指标,每股营业收入,20250630,13.249421
301381,赛维时代,每股指标,每股营业总收入,20250630,13.249421
301381,赛维时代,每股指标,每股息税前利润,20250630,0.516943
301381,赛维时代,盈利能力,净资产收益率(ROE),20250630,6.6
301381,赛维时代,盈利能力,摊薄净资产收益率,20250630,6.243923
301381,赛维时代,盈利能力,净资产收益率_平均,20250630,6.544526
301381,赛维时代,盈利能力,净资产收益率_平均_扣除非经常损益,20250630,7.19287
301381,赛维时代,盈利能力,摊薄净资产收益率_扣除非经常损益,20250630,6.862486
301381,赛维时代,盈利能力,息税前利润率,20250630,3.901633
301381,赛维时代,盈利能力,总资产报酬率,20250630,4.399356
301381,赛维时代,盈利能力,总资本回报率,20250630,5.423539
301381,赛维时代,盈利能力,投入资本回报率,20250630,4.683361
301381,赛维时代,盈利能力,息前税后总资产报酬率_平均,20250630,3.798954
301381,赛维时代,盈利能力,毛利率,20250630,44.473924
301381,赛维时代,盈利能力,销售净利率,20250630,3.165058
301381,赛维时代,盈利能力,成本费用利润率,20250630,3.896089
301381,赛维时代,盈利能力,营业利润率,20250630,3.897693
301381,赛维时代,盈利能力,总资产净利率_平均,20250630,3.568819
301381,赛维时代,盈利能力,总资产净利率_平均(含少数股东损益),20250630,3.568819
301381,赛维时代,成长能力,归母净利润,20250630,169191009.09
301381,赛维时代,成长能力,营业总收入,20250630,5345587947.81
301381,赛维时代,成长能力,净利润,20250630,169191009.09
301381,赛维时代,成长能力,扣非净利润,20250630,185952179.65
301381,赛维时代,成长能力,营业总收入增长率,20250630,27.962089
301381,赛维时代,成长能力,归属母公司净利润增长率,20250630,-28.18288
301381,赛维时代,收益质量,经营活动净现金/销售收入,20250630,0.095481
301381,赛维时代,收益质量,经营性现金净流量/营业总收入,20250630,0.095481
301381,赛维时代,收益质量,成本费用率,20250630,94.903737
301381,赛维时代,收益质量,期间费用率,20250630,39.377662
301381,赛维时代,收益质量,销售成本率,20250630,55.526075
301381,赛维时代,收益质量,经营活动净现金/归属母公司的净利润,20250630,3.016752
301381,赛维时代,收益质量,所得税/利润总额,20250630,14.400833
301381,赛维时代,财务风险,流动比率,20250630,2.483049
301381,赛维时代,财务风险,速动比率,20250630,1.450664
301381,赛维时代,财务风险,保守速动比率,20250630,1.192659
301381,赛维时代,财务风险,资产负债率,20250630,42.821083
301381,赛维时代,财务风险,权益乘数,20250630,1.833807
301381,赛维时代,财务风险,权益乘数(含少数股权的净资产),20250630,1.748896
301381,赛维时代,财务风险,产权比率,20250630,74.889637
301381,赛维时代,财务风险,现金比率,20250630,0.896718
301381,赛维时代,营运能力,应收账款周转率,20250630,14.962007
301381,赛维时代,营运能力,应收账款周转天数,20250630,12.030471
301381,赛维时代,营运能力,存货周转率,20250630,1.831658
301381,赛维时代,营运能力,存货周转天数,20250630,98.271573
301381,赛维时代,营运能力,总资产周转率,20250630,1.127568
301381,赛维时代,营运能力,总资产周转天数,20250630,159.635601
301381,赛维时代,营运能力,流动资产周转率,20250630,1.551087
301381,赛维时代,营运能力,流动资产周转天数,20250630,116.047638
301381,赛维时代,营运能力,应付账款周转率,20250630,6.948544
301381,赛维时代,常用指标,归母净利润,20250331,47026149.99
301381,赛维时代,常用指标,营业总收入,20250331,2458280774.74
301381,赛维时代,常用指标,营业成本,20250331,2388617808.05
301381,赛维时代,常用指标,净利润,20250331,47026149.99
301381,赛维时代,常用指标,扣非净利润,20250331,40547268.79
301381,赛维时代,常用指标,股东权益合计(净资产),20250331,2530429934.29
301381,赛维时代,常用指标,商誉,20250331,
301381,赛维时代,常用指标,经营现金流量净额,20250331,-9376652.81
301381,赛维时代,常用指标,基本每股收益,20250331,0.1175
301381,赛维时代,常用指标,每股净资产,20250331,6.324493
301381,赛维时代,常用指标,每股现金流,20250331,-0.023435
301381,赛维时代,常用指标,净资产收益率(ROE),20250331,1.88
301381,赛维时代,常用指标,总资产报酬率(ROA),20250331,1.336078
301381,赛维时代,常用指标,毛利率,20250331,43.889198
301381,赛维时代,常用指标,销售净利率,20250331,1.912969
301381,赛维时代,常用指标,期间费用率,20250331,40.94736
301381,赛维时代,常用指标,资产负债率,20250331,45.251137
301381,赛维时代,每股指标,基本每股收益,20250331,0.1175
301381,赛维时代,每股指标,稀释每股收益,20250331,0.1175
301381,赛维时代,每股指标,摊薄每股收益_最新股数,20250331,0.115689
301381,赛维时代,每股指标,摊薄每股净资产_期末股数,20250331,6.324493
301381,赛维时代,每股指标,调整每股净资产_期末股数,20250331,6.049488
301381,赛维时代,每股指标,每股净资产_最新股数,20250331,6.22515
301381,赛维时代,每股指标,每股经营现金流,20250331,-0.023435
301381,赛维时代,每股指标,每股现金流量净额,20250331,-0.505694
301381,赛维时代,每股指标,每股企业自由现金流量,20250331,
301381,赛维时代,每股指标,每股股东自由现金流量,20250331,
301381,赛维时代,每股指标,每股未分配利润,20250331,3.088167
301381,赛维时代,每股指标,每股资本公积金,20250331,2.121114
301381,赛维时代,每股指标,每股盈余公积金,20250331,0.117428
301381,赛维时代,每股指标,每股留存收益,20250331,3.205595
301381,赛维时代,每股指标,每股营业收入,20250331,6.144165
301381,赛维时代,每股指标,每股营业总收入,20250331,6.144165
301381,赛维时代,每股指标,每股息税前利润,20250331,0.156357
301381,赛维时代,盈利能力,净资产收益率(ROE),20250331,1.88
301381,赛维时代,盈利能力,摊薄净资产收益率,20250331,1.858425
301381,赛维时代,盈利能力,净资产收益率_平均,20250331,1.884363
301381,赛维时代,盈利能力,净资产收益率_平均_扣除非经常损益,20250331,1.624751
301381,赛维时代,盈利能力,摊薄净资产收益率_扣除非经常损益,20250331,1.602386
301381,赛维时代,盈利能力,息税前利润率,20250331,2.544818
301381,赛维时代,盈利能力,总资产报酬率,20250331,1.336078
301381,赛维时代,盈利能力,总资本回报率,20250331,1.614137
301381,赛维时代,盈利能力,投入资本回报率,20250331,1.417913
301381,赛维时代,盈利能力,息前税后总资产报酬率_平均,20250331,1.173657
301381,赛维时代,盈利能力,毛利率,20250331,43.889198
301381,赛维时代,盈利能力,销售净利率,20250331,1.912969
301381,赛维时代,盈利能力,成本费用利润率,20250331,2.289689
301381,赛维时代,盈利能力,营业利润率,20250331,2.217979
301381,赛维时代,盈利能力,总资产净利率_平均,20250331,1.004344
301381,赛维时代,盈利能力,总资产净利率_平均(含少数股东损益),20250331,1.004344
301381,赛维时代,成长能力,归母净利润,20250331,47026149.99
301381,赛维时代,成长能力,营业总收入,20250331,2458280774.74
301381,赛维时代,成长能力,净利润,20250331,47026149.99
301381,赛维时代,成长能力,扣非净利润,20250331,40547268.79
301381,赛维时代,成长能力,营业总收入增长率,20250331,36.645803
301381,赛维时代,成长能力,归属母公司净利润增长率,20250331,-45.346962
301381,赛维时代,收益质量,经营活动净现金/销售收入,20250331,-0.003814
301381,赛维时代,收益质量,经营性现金净流量/营业总收入,20250331,-0.003814
301381,赛维时代,收益质量,成本费用率,20250331,97.058161
301381,赛维时代,收益质量,期间费用率,20250331,40.94736
301381,赛维时代,收益质量,销售成本率,20250331,56.110801
301381,赛维时代,收益质量,经营活动净现金/归属母公司的净利润,20250331,-0.199392
301381,赛维时代,收益质量,所得税/利润总额,20250331,13.920594
301381,赛维时代,财务风险,流动比率,20250331,2.301003
301381,赛维时代,财务风险,速动比率,20250331,1.141363
301381,赛维时代,财务风险,保守速动比率,20250331,0.921335
301381,赛维时代,财务风险,资产负债率,20250331,45.251137
301381,赛维时代,财务风险,权益乘数,20250331,1.876211
301381,赛维时代,财务风险,权益乘数(含少数股权的净资产),20250331,1.826521
301381,赛维时代,财务风险,产权比率,20250331,82.652196
301381,赛维时代,财务风险,现金比率,20250331,0.667593
301381,赛维时代,营运能力,应收账款周转率,20250331,7.425688
301381,赛维时代,营运能力,应收账款周转天数,20250331,12.120088
301381,赛维时代,营运能力,存货周转率,20250331,0.799104
301381,赛维时代,营运能力,存货周转天数,20250331,112.626106
301381,赛维时代,营运能力,总资产周转率,20250331,0.525018
301381,赛维时代,营运能力,总资产周转天数,20250331,171.422386
301381,赛维时代,营运能力,流动资产周转率,20250331,0.733008
301381,赛维时代,营运能力,流动资产周转天数,20250331,122.781576
301381,赛维时代,营运能力,应付账款周转率,20250331,3.576014
301381,赛维时代,常用指标,归母净利润,20241231,214099224.24
301381,赛维时代,常用指标,营业总收入,20241231,10275379442.25
301381,赛维时代,常用指标,营业成本,20241231,9979790423.71
301381,赛维时代,常用指标,净利润,20241231,214099224.24
301381,赛维时代,常用指标,扣非净利润,20241231,180755471.84
301381,赛维时代,常用指标,股东权益合计(净资产),20241231,2460767604.4
301381,赛维时代,常用指标,商誉,20241231,
301381,赛维时代,常用指标,经营现金流量净额,20241231,-468535009.96
301381,赛维时代,常用指标,基本每股收益,20241231,0.5351
301381,赛维时代,常用指标,每股净资产,20241231,6.150381
301381,赛维时代,常用指标,每股现金流,20241231,-1.171044
301381,赛维时代,常用指标,净资产收益率(ROE),20241231,8.71
301381,赛维时代,常用指标,总资产报酬率(ROA),20241231,6.509628
301381,赛维时代,常用指标,毛利率,20241231,43.77594
301381,赛维时代,常用指标,销售净利率,20241231,2.083613
301381,赛维时代,常用指标,期间费用率,20241231,40.794085
301381,赛维时代,常用指标,资产负债率,20241231,48.114138
301381,赛维时代,每股指标,基本每股收益,20241231,0.5351
301381,赛维时代,每股指标,稀释每股收益,20241231,0.5351
301381,赛维时代,每股指标,摊薄每股收益_最新股数,20241231,0.526708
301381,赛维时代,每股指标,摊薄每股净资产_期末股数,20241231,6.150381
301381,赛维时代,每股指标,调整每股净资产_期末股数,20241231,5.868984
301381,赛维时代,每股指标,每股净资产_最新股数,20241231,6.053773
301381,赛维时代,每股指标,每股经营现金流,20241231,-1.171044
301381,赛维时代,每股指标,每股现金流量净额,20241231,0.338586
301381,赛维时代,每股指标,每股企业自由现金流量,20241231,0.291907
301381,赛维时代,每股指标,每股股东自由现金流量,20241231,1.531638
301381,赛维时代,每股指标,每股未分配利润,20241231,2.970631
301381,赛维时代,每股指标,每股资本公积金,20241231,2.063494
301381,赛维时代,每股指标,每股盈余公积金,20241231,0.117428
301381,赛维时代,每股指标,每股留存收益,20241231,3.088059
301381,赛维时代,每股指标,每股营业收入,20241231,25.682028
301381,赛维时代,每股指标,每股营业总收入,20241231,25.682028
301381,赛维时代,每股指标,每股息税前利润,20241231,0.680557
301381,赛维时代,盈利能力,净资产收益率(ROE),20241231,8.71
301381,赛维时代,盈利能力,摊薄净资产收益率,20241231,8.700505
301381,赛维时代,盈利能力,净资产收益率_平均,20241231,8.783207
301381,赛维时代,盈利能力,净资产收益率_平均_扣除非经常损益,20241231,7.415313
301381,赛维时代,盈利能力,摊薄净资产收益率_扣除非经常损益,20241231,7.345491
301381,赛维时代,盈利能力,息税前利润率,20241231,2.649937
301381,赛维时代,盈利能力,总资产报酬率,20241231,6.509628
301381,赛维时代,盈利能力,总资本回报率,20241231,8.055744
301381,赛维时代,盈利能力,投入资本回报率,20241231,7.00115
301381,赛维时代,盈利能力,息前税后总资产报酬率_平均,20241231,5.657439
301381,赛维时代,盈利能力,毛利率,20241231,43.77594
301381,赛维时代,盈利能力,销售净利率,20241231,2.083613
301381,赛维时代,盈利能力,成本费用利润率,20241231,2.505224
301381,赛维时代,盈利能力,营业利润率,20241231,2.483529
301381,赛维时代,盈利能力,总资产净利率_平均,20241231,5.118442
301381,赛维时代,盈利能力,总资产净利率_平均(含少数股东损益),20241231,5.118442
301381,赛维时代,成长能力,归母净利润,20241231,214099224.24
301381,赛维时代,成长能力,营业总收入,20241231,10275379442.25
301381,赛维时代,成长能力,净利润,20241231,214099224.24
301381,赛维时代,成长能力,扣非净利润,20241231,180755471.84
301381,赛维时代,成长能力,营业总收入增长率,20241231,56.549468
301381,赛维时代,成长能力,归属母公司净利润增长率,20241231,-36.194095
301381,赛维时代,收益质量,经营活动净现金/销售收入,20241231,-0.045597
301381,赛维时代,收益质量,经营性现金净流量/营业总收入,20241231,-0.045597
301381,赛维时代,收益质量,成本费用率,20241231,97.018144
301381,赛维时代,收益质量,期间费用率,20241231,40.794085
301381,赛维时代,收益质量,销售成本率,20241231,56.224059
301381,赛维时代,收益质量,经营活动净现金/归属母公司的净利润,20241231,-2.188401
301381,赛维时代,收益质量,所得税/利润总额,20241231,14.273008
301381,赛维时代,财务风险,流动比率,20241231,2.187404
301381,赛维时代,财务风险,速动比率,20241231,1.039243
301381,赛维时代,财务风险,保守速动比率,20241231,0.905483
301381,赛维时代,财务风险,资产负债率,20241231,48.114138
301381,赛维时代,财务风险,权益乘数,20241231,1.715992
301381,赛维时代,财务风险,权益乘数(含少数股权的净资产),20241231,1.927307
301381,赛维时代,财务风险,产权比率,20241231,92.730732
301381,赛维时代,财务风险,现金比率,20241231,0.71514
301381,赛维时代,营运能力,应收账款周转率,20241231,39.673492
301381,赛维时代,营运能力,应收账款周转天数,20241231,9.074068
301381,赛维时代,营运能力,存货周转率,20241231,4.431715
301381,赛维时代,营运能力,存货周转天数,20241231,81.232646
301381,赛维时代,营运能力,总资产周转率,20241231,2.456521
301381,赛维时代,营运能力,总资产周转天数,20241231,146.548686
301381,赛维时代,营运能力,流动资产周转率,20241231,3.407343
301381,赛维时代,营运能力,流动资产周转天数,20241231,105.654151
301381,赛维时代,营运能力,应付账款周转率,20241231,20.758517
301381,赛维时代,常用指标,归母净利润,20240930,195406112.49
301381,赛维时代,常用指标,营业总收入,20240930,6801651543.61
301381,赛维时代,常用指标,营业成本,20240930,6549545191.21
301381,赛维时代,常用指标,净利润,20240930,195406112.49
301381,赛维时代,常用指标,扣非净利润,20240930,163100807.67
301381,赛维时代,常用指标,股东权益合计(净资产),20240930,2416461504.52
301381,赛维时代,常用指标,商誉,20240930,
301381,赛维时代,常用指标,经营现金流量净额,20240930,-485301612.37
301381,赛维时代,常用指标,基本每股收益,20240930,0.4884
301381,赛维时代,常用指标,每股净资产,20240930,6.039643
301381,赛维时代,常用指标,每股现金流,20240930,-1.21295
301381,赛维时代,常用指标,净资产收益率(ROE),20240930,7.84
301381,赛维时代,常用指标,总资产报酬率(ROA),20240930,5.489572
301381,赛维时代,常用指标,毛利率,20240930,44.929557
301381,赛维时代,常用指标,销售净利率,20240930,2.872921
301381,赛维时代,常用指标,期间费用率,20240930,41.098122
301381,赛维时代,常用指标,资产负债率,20240930,51.503723
301381,赛维时代,每股指标,基本每股收益,20240930,0.4884
301381,赛维时代,每股指标,稀释每股收益,20240930,0.4884
301381,赛维时代,每股指标,摊薄每股收益_最新股数,20240930,0.480721
301381,赛维时代,每股指标,摊薄每股净资产_期末股数,20240930,6.039643
301381,赛维时代,每股指标,调整每股净资产_期末股数,20240930,5.773808
301381,赛维时代,每股指标,每股净资产_最新股数,20240930,5.944775
301381,赛维时代,每股指标,每股经营现金流,20240930,-1.21295
301381,赛维时代,每股指标,每股现金流量净额,20240930,0.040655
301381,赛维时代,每股指标,每股企业自由现金流量,20240930,
301381,赛维时代,每股指标,每股股东自由现金流量,20240930,
301381,赛维时代,每股指标,每股未分配利润,20240930,2.947287
301381,赛维时代,每股指标,每股资本公积金,20240930,2.007971
301381,赛维时代,每股指标,每股盈余公积金,20240930,0.094051
301381,赛维时代,每股指标,每股留存收益,20240930,3.041338
301381,赛维时代,每股指标,每股营业收入,20240930,16.999878
301381,赛维时代,每股指标,每股营业总收入,20240930,16.999878
301381,赛维时代,每股指标,每股息税前利润,20240930,0.590387
301381,赛维时代,盈利能力,净资产收益率(ROE),20240930,7.84
301381,赛维时代,盈利能力,摊薄净资产收益率,20240930,8.086456
301381,赛维时代,盈利能力,净资产收益率_平均,20240930,8.089862
301381,赛维时代,盈利能力,净资产收益率_平均_扣除非经常损益,20240930,6.752414
301381,赛维时代,盈利能力,摊薄净资产收益率_扣除非经常损益,20240930,6.749571
301381,赛维时代,盈利能力,息税前利润率,20240930,3.472892
301381,赛维时代,盈利能力,总资产报酬率,20240930,5.489572
301381,赛维时代,盈利能力,总资本回报率,20240930,7.161843
301381,赛维时代,盈利能力,投入资本回报率,20240930,6.332521
301381,赛维时代,盈利能力,息前税后总资产报酬率_平均,20240930,4.853894
301381,赛维时代,盈利能力,毛利率,20240930,44.929557
301381,赛维时代,盈利能力,销售净利率,20240930,2.872921
301381,赛维时代,盈利能力,成本费用利润率,20240930,3.405554
301381,赛维时代,盈利能力,营业利润率,20240930,3.339751
301381,赛维时代,盈利能力,总资产净利率_平均,20240930,4.541202
301381,赛维时代,盈利能力,总资产净利率_平均(含少数股东损益),20240930,4.541202
301381,赛维时代,成长能力,归母净利润,20240930,195406112.49
301381,赛维时代,成长能力,营业总收入,20240930,6801651543.61
301381,赛维时代,成长能力,净利润,20240930,195406112.49
301381,赛维时代,成长能力,扣非净利润,20240930,163100807.67
301381,赛维时代,成长能力,营业总收入增长率,20240930,55.495486
301381,赛维时代,成长能力,归属母公司净利润增长率,20240930,-12.198076
301381,赛维时代,收益质量,经营活动净现金/销售收入,20240930,-0.07135
301381,赛维时代,收益质量,经营性现金净流量/营业总收入,20240930,-0.07135
301381,赛维时代,收益质量,成本费用率,20240930,96.168564
301381,赛维时代,收益质量,期间费用率,20240930,41.098122
301381,赛维时代,收益质量,销售成本率,20240930,55.070442
301381,赛维时代,收益质量,经营活动净现金/归属母公司的净利润,20240930,-2.483553
301381,赛维时代,收益质量,所得税/利润总额,20240930,12.279154
301381,赛维时代,财务风险,流动比率,20240930,1.886104
301381,赛维时代,财务风险,速动比率,20240930,0.902413
301381,赛维时代,财务风险,保守速动比率,20240930,0.826772
301381,赛维时代,财务风险,资产负债率,20240930,51.503723
301381,赛维时代,财务风险,权益乘数,20240930,1.781436
301381,赛维时代,财务风险,权益乘数(含少数股权的净资产),20240930,2.062013
301381,赛维时代,财务风险,产权比率,20240930,106.201396
301381,赛维时代,财务风险,现金比率,20240930,0.665721
301381,赛维时代,营运能力,应收账款周转率,20240930,24.225949
301381,赛维时代,营运能力,应收账款周转天数,20240930,11.145074
301381,赛维时代,营运能力,存货周转率,20240930,2.597963
301381,赛维时代,营运能力,存货周转天数,20240930,103.927575
301381,赛维时代,营运能力,总资产周转率,20240930,1.580691
301381,赛维时代,营运能力,总资产周转天数,20240930,170.811306
301381,赛维时代,营运能力,流动资产周转率,20240930,2.066349
301381,赛维时代,营运能力,流动资产周转天数,20240930,130.665184
301381,赛维时代,营运能力,应付账款周转率,20240930,11.706465
301381,赛维时代,常用指标,归母净利润,20240630,235585901.56
301381,赛维时代,常用指标,营业总收入,20240630,4177477837.36
301381,赛维时代,常用指标,营业成本,20240630,3891127495.59
301381,赛维时代,常用指标,净利润,20240630,235585901.56
301381,赛维时代,常用指标,扣非净利润,20240630,209653127.22
301381,赛维时代,常用指标,股东权益合计(净资产),20240630,2554742538.66
301381,赛维时代,常用指标,商誉,20240630,
301381,赛维时代,常用指标,经营现金流量净额,20240630,109612425.16
301381,赛维时代,常用指标,基本每股收益,20240630,0.5888
301381,赛维时代,常用指标,每股净资产,20240630,6.38526
301381,赛维时代,常用指标,每股现金流,20240630,0.273962
301381,赛维时代,常用指标,净资产收益率(ROE),20240630,9.29
301381,赛维时代,常用指标,总资产报酬率(ROA),20240630,6.852496
301381,赛维时代,常用指标,毛利率,20240630,46.512972
301381,赛维时代,常用指标,销售净利率,20240630,5.639429
301381,赛维时代,常用指标,期间费用率,20240630,39.541542
301381,赛维时代,常用指标,资产负债率,20240630,43.701551
301381,赛维时代,每股指标,基本每股收益,20240630,0.5888
301381,赛维时代,每股指标,稀释每股收益,20240630,0.5888
301381,赛维时代,每股指标,摊薄每股收益_最新股数,20240630,0.579568
301381,赛维时代,每股指标,摊薄每股净资产_期末股数,20240630,6.38526
301381,赛维时代,每股指标,调整每股净资产_期末股数,20240630,6.139868
301381,赛维时代,每股指标,每股净资产_最新股数,20240630,6.284962
301381,赛维时代,每股指标,每股经营现金流,20240630,0.273962
301381,赛维时代,每股指标,每股现金流量净额,20240630,-0.413498
301381,赛维时代,每股指标,每股企业自由现金流量,20240630,0.354712
301381,赛维时代,每股指标,每股股东自由现金流量,20240630,0.911409
301381,赛维时代,每股指标,每股未分配利润,20240630,3.347712
301381,赛维时代,每股指标,每股资本公积金,20240630,1.950351
301381,赛维时代,每股指标,每股盈余公积金,20240630,0.094051
301381,赛维时代,每股指标,每股留存收益,20240630,3.441763
301381,赛维时代,每股指标,每股营业收入,20240630,10.441084
301381,赛维时代,每股指标,每股营业总收入,20240630,10.441084
301381,赛维时代,每股指标,每股息税前利润,20240630,0.698865
301381,赛维时代,盈利能力,净资产收益率(ROE),20240630,9.29
301381,赛维时代,盈利能力,摊薄净资产收益率,20240630,9.221512
301381,赛维时代,盈利能力,净资产收益率_平均,20240630,9.481903
301381,赛维时代,盈利能力,净资产收益率_平均_扣除非经常损益,20240630,8.438156
301381,赛维时代,盈利能力,摊薄净资产收益率_扣除非经常损益,20240630,8.206428
301381,赛维时代,盈利能力,息税前利润率,20240630,6.693416
301381,赛维时代,盈利能力,总资产报酬率,20240630,6.852496
301381,赛维时代,盈利能力,总资本回报率,20240630,8.817297
301381,赛维时代,盈利能力,投入资本回报率,20240630,7.667511
301381,赛维时代,盈利能力,息前税后总资产报酬率_平均,20240630,5.958922
301381,赛维时代,盈利能力,毛利率,20240630,46.512972
301381,赛维时代,盈利能力,销售净利率,20240630,5.639429
301381,赛维时代,盈利能力,成本费用利润率,20240630,7.000278
301381,赛维时代,盈利能力,营业利润率,20240630,6.599295
301381,赛维时代,盈利能力,总资产净利率_平均,20240630,5.773458
301381,赛维时代,盈利能力,总资产净利率_平均(含少数股东损益),20240630,5.773458
301381,赛维时代,成长能力,归母净利润,20240630,235585901.56
301381,赛维时代,成长能力,营业总收入,20240630,4177477837.36
301381,赛维时代,成长能力,净利润,20240630,235585901.56
301381,赛维时代,成长能力,扣非净利润,20240630,209653127.22
301381,赛维时代,成长能力,营业总收入增长率,20240630,50.647563
301381,赛维时代,成长能力,归属母公司净利润增长率,20240630,56.687877
301381,赛维时代,收益质量,经营活动净现金/销售收入,20240630,0.026238
301381,赛维时代,收益质量,经营性现金净流量/营业总收入,20240630,0.026238
301381,赛维时代,收益质量,成本费用率,20240630,93.028569
301381,赛维时代,收益质量,期间费用率,20240630,39.541542
301381,赛维时代,收益质量,销售成本率,20240630,53.487027
301381,赛维时代,收益质量,经营活动净现金/归属母公司的净利润,20240630,0.465275
301381,赛维时代,收益质量,所得税/利润总额,20240630,13.402874
301381,赛维时代,财务风险,流动比率,20240630,2.244659
301381,赛维时代,财务风险,速动比率,20240630,1.366148
301381,赛维时代,财务风险,保守速动比率,20240630,1.208498
301381,赛维时代,财务风险,资产负债率,20240630,43.701551
301381,赛维时代,财务风险,权益乘数,20240630,1.642326
301381,赛维时代,财务风险,权益乘数(含少数股权的净资产),20240630,1.776247
301381,赛维时代,财务风险,产权比率,20240630,77.624788
301381,赛维时代,财务风险,现金比率,20240630,0.981698
301381,赛维时代,营运能力,应收账款周转率,20240630,14.640317
301381,赛维时代,营运能力,应收账款周转天数,20240630,12.294815
301381,赛维时代,营运能力,存货周转率,20240630,2.09264
301381,赛维时代,营运能力,存货周转天数,20240630,86.015746
301381,赛维时代,营运能力,总资产周转率,20240630,1.023766
301381,赛维时代,营运能力,总资产周转天数,20240630,175.821336
301381,赛维时代,营运能力,流动资产周转率,20240630,1.392732
301381,赛维时代,营运能力,流动资产周转天数,20240630,129.242336
301381,赛维时代,营运能力,应付账款周转率,20240630,6.522821
301381,赛维时代,常用指标,归母净利润,20240331,86044897.9
301381,赛维时代,常用指标,营业总收入,20240331,1799016664.02
301381,赛维时代,常用指标,营业成本,20240331,1694154610.52
301381,赛维时代,常用指标,净利润,20240331,86044897.9
301381,赛维时代,常用指标,扣非净利润,20240331,70292088.96
301381,赛维时代,常用指标,股东权益合计(净资产),20240331,2500311769.91
301381,赛维时代,常用指标,商誉,20240331,
301381,赛维时代,常用指标,经营现金流量净额,20240331,98587960.6
301381,赛维时代,常用指标,基本每股收益,20240331,0.2151
301381,赛维时代,常用指标,每股净资产,20240331,6.249217
301381,赛维时代,常用指标,每股现金流,20240331,0.246408
301381,赛维时代,常用指标,净资产收益率(ROE),20240331,3.5
301381,赛维时代,常用指标,总资产报酬率(ROA),20240331,2.770874
301381,赛维时代,常用指标,毛利率,20240331,47.167041
301381,赛维时代,常用指标,销售净利率,20240331,4.782884
301381,赛维时代,常用指标,期间费用率,20240331,41.202991
301381,赛维时代,常用指标,资产负债率,20240331,33.645274
301381,赛维时代,每股指标,基本每股收益,20240331,0.2151
301381,赛维时代,每股指标,稀释每股收益,20240331,0.2151
301381,赛维时代,每股指标,摊薄每股收益_最新股数,20240331,0.21168
301381,赛维时代,每股指标,摊薄每股净资产_期末股数,20240331,6.249217
301381,赛维时代,每股指标,调整每股净资产_期末股数,20240331,6.003023
301381,赛维时代,每股指标,每股净资产_最新股数,20240331,6.151056
301381,赛维时代,每股指标,每股经营现金流,20240331,0.246408
301381,赛维时代,每股指标,每股现金流量净额,20240331,-0.697305
301381,赛维时代,每股指标,每股企业自由现金流量,20240331,
301381,赛维时代,每股指标,每股股东自由现金流量,20240331,
301381,赛维时代,每股指标,每股未分配利润,20240331,3.238247
301381,赛维时代,每股指标,每股资本公积金,20240331,1.937547
301381,赛维时代,每股指标,每股盈余公积金,20240331,0.079756
301381,赛维时代,每股指标,每股留存收益,20240331,3.318004
301381,赛维时代,每股指标,每股营业收入,20240331,4.496417
301381,赛维时代,每股指标,每股营业总收入,20240331,4.496417
301381,赛维时代,每股指标,每股息税前利润,20240331,0.255938
301381,赛维时代,盈利能力,净资产收益率(ROE),20240331,3.5
301381,赛维时代,盈利能力,摊薄净资产收益率,20240331,3.441366
301381,赛维时代,盈利能力,净资产收益率_平均,20240331,3.501504
301381,赛维时代,盈利能力,净资产收益率_平均_扣除非经常损益,20240331,2.860461
301381,赛维时代,盈利能力,摊薄净资产收益率_扣除非经常损益,20240331,2.811332
301381,赛维时代,盈利能力,息税前利润率,20240331,5.692054
301381,赛维时代,盈利能力,总资产报酬率,20240331,2.770874
301381,赛维时代,盈利能力,总资本回报率,20240331,3.347402
301381,赛维时代,盈利能力,投入资本回报率,20240331,2.936952
301381,赛维时代,盈利能力,息前税后总资产报酬率_平均,20240331,2.431117
301381,赛维时代,盈利能力,毛利率,20240331,47.167041
301381,赛维时代,盈利能力,销售净利率,20240331,4.782884
301381,赛维时代,盈利能力,成本费用利润率,20240331,5.828441
301381,赛维时代,盈利能力,营业利润率,20240331,5.60916
301381,赛维时代,盈利能力,总资产净利率_平均,20240331,2.328293
301381,赛维时代,盈利能力,总资产净利率_平均(含少数股东损益),20240331,2.328293
301381,赛维时代,成长能力,归母净利润,20240331,86044897.9
301381,赛维时代,成长能力,营业总收入,20240331,1799016664.02
301381,赛维时代,成长能力,净利润,20240331,86044897.9
301381,赛维时代,成长能力,扣非净利润,20240331,70292088.96
301381,赛维时代,成长能力,营业总收入增长率,20240331,44.660463
301381,赛维时代,成长能力,归属母公司净利润增长率,20240331,65.577287
301381,赛维时代,收益质量,经营活动净现金/销售收入,20240331,0.054801
301381,赛维时代,收益质量,经营性现金净流量/营业总收入,20240331,0.054801
301381,赛维时代,收益质量,成本费用率,20240331,94.035949
301381,赛维时代,收益质量,期间费用率,20240331,41.202991
301381,赛维时代,收益质量,销售成本率,20240331,52.832958
301381,赛维时代,收益质量,经营活动净现金/归属母公司的净利润,20240331,1.145773
301381,赛维时代,收益质量,所得税/利润总额,20240331,12.734302
301381,赛维时代,财务风险,流动比率,20240331,2.951942
301381,赛维时代,财务风险,速动比率,20240331,2.006972
301381,赛维时代,财务风险,保守速动比率,20240331,1.817784
301381,赛维时代,财务风险,资产负债率,20240331,33.645274
301381,赛维时代,财务风险,权益乘数,20240331,1.503892
301381,赛维时代,财务风险,权益乘数(含少数股权的净资产),20240331,1.507051
301381,赛维时代,财务风险,产权比率,20240331,50.705167
301381,赛维时代,财务风险,现金比率,20240331,1.566871
301381,赛维时代,营运能力,应收账款周转率,20240331,8.032087
301381,赛维时代,营运能力,应收账款周转天数,20240331,11.205057
301381,赛维时代,营运能力,存货周转率,20240331,1.147376
301381,赛维时代,营运能力,存货周转天数,20240331,78.439828
301381,赛维时代,营运能力,总资产周转率,20240331,0.486796
301381,赛维时代,营运能力,总资产周转天数,20240331,184.882002
301381,赛维时代,营运能力,流动资产周转率,20240331,0.683814
301381,赛维时代,营运能力,流动资产周转天数,20240331,131.614589
301381,赛维时代,营运能力,应付账款周转率,20240331,3.898209
301381,赛维时代,常用指标,归母净利润,20231231,335547669.84
301381,赛维时代,常用指标,营业总收入,20231231,6563662921.14
301381,赛维时代,常用指标,营业成本,20231231,6141389671.93
301381,赛维时代,常用指标,净利润,20231231,335547669.84
301381,赛维时代,常用指标,扣非净利润,20231231,307926482.45
301381,赛维时代,常用指标,股东权益合计(净资产),20231231,2414426646.46
301381,赛维时代,常用指标,商誉,20231231,
301381,赛维时代,常用指标,经营现金流量净额,20231231,549611961.22
301381,赛维时代,常用指标,基本每股收益,20231231,0.8907
301381,赛维时代,常用指标,每股净资产,20231231,6.034557
301381,赛维时代,常用指标,每股现金流,20231231,1.373686
301381,赛维时代,常用指标,净资产收益率(ROE),20231231,17.51
301381,赛维时代,常用指标,总资产报酬率(ROA),20231231,13.420182
301381,赛维时代,常用指标,毛利率,20231231,45.84415
301381,赛维时代,常用指标,销售净利率,20231231,5.112201
301381,赛维时代,常用指标,期间费用率,20231231,39.298672
301381,赛维时代,常用指标,资产负债率,20231231,33.360953
301381,赛维时代,每股指标,基本每股收益,20231231,0.8907
301381,赛维时代,每股指标,稀释每股收益,20231231,0.8907
301381,赛维时代,每股指标,摊薄每股收益_最新股数,20231231,0.825486
301381,赛维时代,每股指标,摊薄每股净资产_期末股数,20231231,6.034557
301381,赛维时代,每股指标,调整每股净资产_期末股数,20231231,5.768689
301381,赛维时代,每股指标,每股净资产_最新股数,20231231,5.939769
301381,赛维时代,每股指标,每股经营现金流,20231231,1.373686
301381,赛维时代,每股指标,每股现金流量净额,20231231,0.002783
301381,赛维时代,每股指标,每股企业自由现金流量,20231231,-0.371951
301381,赛维时代,每股指标,每股股东自由现金流量,20231231,-0.142554
301381,赛维时代,每股指标,每股未分配利润,20231231,3.023189
301381,赛维时代,每股指标,每股资本公积金,20231231,1.937547
301381,赛维时代,每股指标,每股盈余公积金,20231231,0.079756
301381,赛维时代,每股指标,每股留存收益,20231231,3.102945
301381,赛维时代,每股指标,每股营业收入,20231231,16.405056
301381,赛维时代,每股指标,每股营业总收入,20231231,16.405056
301381,赛维时代,每股指标,每股息税前利润,20231231,1.003738
301381,赛维时代,盈利能力,净资产收益率(ROE),20231231,17.51
301381,赛维时代,盈利能力,摊薄净资产收益率,20231231,13.897612
301381,赛维时代,盈利能力,净资产收益率_平均,20231231,17.339882
301381,赛维时代,盈利能力,净资产收益率_平均_扣除非经常损益,20231231,15.912519
301381,赛维时代,盈利能力,摊薄净资产收益率_扣除非经常损益,20231231,12.753606
301381,赛维时代,盈利能力,息税前利润率,20231231,6.118469
301381,赛维时代,盈利能力,总资产报酬率,20231231,13.420182
301381,赛维时代,盈利能力,总资本回报率,20231231,16.29999
301381,赛维时代,盈利能力,投入资本回报率,20231231,14.183296
301381,赛维时代,盈利能力,息前税后总资产报酬率_平均,20231231,11.680432
301381,赛维时代,盈利能力,毛利率,20231231,45.84415
301381,赛维时代,盈利能力,销售净利率,20231231,5.112201
301381,赛维时代,盈利能力,成本费用利润率,20231231,6.318988
301381,赛维时代,盈利能力,营业利润率,20231231,5.940178
301381,赛维时代,盈利能力,总资产净利率_平均,20231231,11.213044
301381,赛维时代,盈利能力,总资产净利率_平均(含少数股东损益),20231231,11.213044
301381,赛维时代,成长能力,归母净利润,20231231,335547669.84
301381,赛维时代,成长能力,营业总收入,20231231,6563662921.14
301381,赛维时代,成长能力,净利润,20231231,335547669.84
301381,赛维时代,成长能力,扣非净利润,20231231,307926482.45
301381,赛维时代,成长能力,营业总收入增长率,20231231,33.703492
301381,赛维时代,成长能力,归属母公司净利润增长率,20231231,81.615586
301381,赛维时代,收益质量,经营活动净现金/销售收入,20231231,0.083735
301381,赛维时代,收益质量,经营性现金净流量/营业总收入,20231231,0.083735
301381,赛维时代,收益质量,成本费用率,20231231,93.454521
301381,赛维时代,收益质量,期间费用率,20231231,39.298672
301381,赛维时代,收益质量,销售成本率,20231231,54.155849
301381,赛维时代,收益质量,经营活动净现金/归属母公司的净利润,20231231,1.637954
301381,赛维时代,收益质量,所得税/利润总额,20231231,13.431459
301381,赛维时代,财务风险,流动比率,20231231,3.276003
301381,赛维时代,财务风险,速动比率,20231231,2.262151
301381,赛维时代,财务风险,保守速动比率,20231231,2.021708
301381,赛维时代,财务风险,资产负债率,20231231,33.360953
301381,赛维时代,财务风险,权益乘数,20231231,1.546402
301381,赛维时代,财务风险,权益乘数(含少数股权的净资产),20231231,1.500621
301381,赛维时代,财务风险,产权比率,20231231,50.062171
301381,赛维时代,财务风险,现金比率,20231231,1.745272
301381,赛维时代,营运能力,应收账款周转率,20231231,27.05935
301381,赛维时代,营运能力,应收账款周转天数,20231231,13.304088
301381,赛维时代,营运能力,存货周转率,20231231,5.05175
301381,赛维时代,营运能力,存货周转天数,20231231,71.26242
301381,赛维时代,营运能力,总资产周转率,20231231,2.193388
301381,赛维时代,营运能力,总资产周转天数,20231231,164.129594
301381,赛维时代,营运能力,流动资产周转率,20231231,3.034441
301381,赛维时代,营运能力,流动资产周转天数,20231231,118.637978
301381,赛维时代,营运能力,应付账款周转率,20231231,17.526428
301381,赛维时代,常用指标,归母净利润,20230930,222553339.83
301381,赛维时代,常用指标,营业总收入,20230930,4374179393.78
301381,赛维时代,常用指标,营业成本,20230930,4089189076.54
301381,赛维时代,常用指标,净利润,20230930,222553339.83
301381,赛维时代,常用指标,扣非净利润,20230930,207689378.6
301381,赛维时代,常用指标,股东权益合计(净资产),20230930,2400275441.23
301381,赛维时代,常用指标,商誉,20230930,
301381,赛维时代,常用指标,经营现金流量净额,20230930,339681984.39
301381,赛维时代,常用指标,基本每股收益,20230930,0.6033
301381,赛维时代,常用指标,每股净资产,20230930,5.999188
301381,赛维时代,常用指标,每股现金流,20230930,0.848992
301381,赛维时代,常用指标,净资产收益率(ROE),20230930,12.89
301381,赛维时代,常用指标,总资产报酬率(ROA),20230930,8.848461
301381,赛维时代,常用指标,毛利率,20230930,69.743833
301381,赛维时代,常用指标,销售净利率,20230930,5.087887
301381,赛维时代,常用指标,期间费用率,20230930,63.097563
301381,赛维时代,常用指标,资产负债率,20230930,33.405171
301381,赛维时代,每股指标,基本每股收益,20230930,0.6033
301381,赛维时代,每股指标,稀释每股收益,20230930,0.6033
301381,赛维时代,每股指标,摊薄每股收益_最新股数,20230930,0.547506
301381,赛维时代,每股指标,摊薄每股净资产_期末股数,20230930,5.999188
301381,赛维时代,每股指标,调整每股净资产_期末股数,20230930,5.713223
301381,赛维时代,每股指标,每股净资产_最新股数,20230930,5.904955
301381,赛维时代,每股指标,每股经营现金流,20230930,0.848992
301381,赛维时代,每股指标,每股现金流量净额,20230930,-0.081777
301381,赛维时代,每股指标,每股企业自由现金流量,20230930,
301381,赛维时代,每股指标,每股股东自由现金流量,20230930,
301381,赛维时代,每股指标,每股未分配利润,20230930,3.02905
301381,赛维时代,每股指标,每股资本公积金,20230930,1.937547
301381,赛维时代,每股指标,每股盈余公积金,20230930,0.040976
301381,赛维时代,每股指标,每股留存收益,20230930,3.070027
301381,赛维时代,每股指标,每股营业收入,20230930,10.932715
301381,赛维时代,每股指标,每股营业总收入,20230930,10.932715
301381,赛维时代,每股指标,每股息税前利润,20230930,0.65972
301381,赛维时代,盈利能力,净资产收益率(ROE),20230930,12.89
301381,赛维时代,盈利能力,摊薄净资产收益率,20230930,9.271991
301381,赛维时代,盈利能力,净资产收益率_平均,20230930,11.542952
301381,赛维时代,盈利能力,净资产收益率_平均_扣除非经常损益,20230930,10.772018
301381,赛维时代,盈利能力,摊薄净资产收益率_扣除非经常损益,20230930,8.652731
301381,赛维时代,盈利能力,息税前利润率,20230930,6.034374
301381,赛维时代,盈利能力,总资产报酬率,20230930,8.848461
301381,赛维时代,盈利能力,总资本回报率,20230930,10.544912
301381,赛维时代,盈利能力,投入资本回报率,20230930,9.293113
301381,赛维时代,盈利能力,息前税后总资产报酬率_平均,20230930,7.800006
301381,赛维时代,盈利能力,毛利率,20230930,69.743833
301381,赛维时代,盈利能力,销售净利率,20230930,5.087887
301381,赛维时代,盈利能力,成本费用利润率,20230930,6.216035
301381,赛维时代,盈利能力,营业利润率,20230930,5.862284
301381,赛维时代,盈利能力,总资产净利率_平均,20230930,7.460587
301381,赛维时代,盈利能力,总资产净利率_平均(含少数股东损益),20230930,7.460587
301381,赛维时代,成长能力,归母净利润,20230930,222553339.83
301381,赛维时代,成长能力,营业总收入,20230930,4374179393.78
301381,赛维时代,成长能力,净利润,20230930,222553339.83
301381,赛维时代,成长能力,扣非净利润,20230930,207689378.6
301381,赛维时代,成长能力,营业总收入增长率,20230930,30.27042
301381,赛维时代,成长能力,归属母公司净利润增长率,20230930,41.710939
301381,赛维时代,收益质量,经营活动净现金/销售收入,20230930,0.077656
301381,赛维时代,收益质量,经营性现金净流量/营业总收入,20230930,0.077656
301381,赛维时代,收益质量,成本费用率,20230930,93.353729
301381,赛维时代,收益质量,期间费用率,20230930,63.097563
301381,赛维时代,收益质量,销售成本率,20230930,30.256166
301381,赛维时代,收益质量,经营活动净现金/归属母公司的净利润,20230930,1.526294
301381,赛维时代,收益质量,所得税/利润总额,20230930,12.321652
301381,赛维时代,财务风险,流动比率,20230930,3.219867
301381,赛维时代,财务风险,速动比率,20230930,2.114176
301381,赛维时代,财务风险,保守速动比率,20230930,1.94077
301381,赛维时代,财务风险,资产负债率,20230930,33.405171
301381,赛维时代,财务风险,权益乘数,20230930,1.54719
301381,赛维时代,财务风险,权益乘数(含少数股权的净资产),20230930,1.501618
301381,赛维时代,财务风险,产权比率,20230930,50.16181
301381,赛维时代,财务风险,现金比率,20230930,1.724093
301381,赛维时代,营运能力,应收账款周转率,20230930,19.930723
301381,赛维时代,营运能力,应收账款周转天数,20230930,13.546924
301381,赛维时代,营运能力,存货周转率,20230930,1.786899
301381,赛维时代,营运能力,存货周转天数,20230930,151.099733
301381,赛维时代,营运能力,总资产周转率,20230930,1.466342
301381,赛维时代,营运能力,总资产周转天数,20230930,184.131579
301381,赛维时代,营运能力,流动资产周转率,20230930,2.041376
301381,赛维时代,营运能力,流动资产周转天数,20230930,132.263705
301381,赛维时代,营运能力,应付账款周转率,20230930,7.260575
301381,赛维时代,常用指标,归母净利润,20230630,150353623.93
301381,赛维时代,常用指标,营业总收入,20230630,2773013878.19
301381,赛维时代,常用指标,营业成本,20230630,2580148713.68
301381,赛维时代,常用指标,净利润,20230630,150353623.93
301381,赛维时代,常用指标,扣非净利润,20230630,142418678.64
301381,赛维时代,常用指标,股东权益合计(净资产),20230630,1604824184.38
301381,赛维时代,常用指标,商誉,20230630,
301381,赛维时代,常用指标,经营现金流量净额,20230630,357243380.58
301381,赛维时代,常用指标,基本每股收益,20230630,0.4176
301381,赛维时代,常用指标,每股净资产,20230630,4.457844
301381,赛维时代,常用指标,每股现金流,20230630,0.992342
301381,赛维时代,常用指标,净资产收益率(ROE),20230630,9.83
301381,赛维时代,常用指标,总资产报酬率(ROA),20230630,7.124516
301381,赛维时代,常用指标,毛利率,20230630,69.200529
301381,赛维时代,常用指标,销售净利率,20230630,5.422029
301381,赛维时代,常用指标,期间费用率,20230630,62.124306
301381,赛维时代,常用指标,资产负债率,20230630,39.020494
301381,赛维时代,每股指标,基本每股收益,20230630,0.4176
301381,赛维时代,每股指标,稀释每股收益,20230630,0.4176
301381,赛维时代,每股指标,摊薄每股收益_最新股数,20230630,0.369887
301381,赛维时代,每股指标,摊薄每股净资产_期末股数,20230630,4.457844
301381,赛维时代,每股指标,调整每股净资产_期末股数,20230630,4.116488
301381,赛维时代,每股指标,每股净资产_最新股数,20230630,3.948053
301381,赛维时代,每股指标,每股经营现金流,20230630,0.992342
301381,赛维时代,每股指标,每股现金流量净额,20230630,-0.580699
301381,赛维时代,每股指标,每股企业自由现金流量,20230630,0.231232
301381,赛维时代,每股指标,每股股东自由现金流量,20230630,0.416047
301381,赛维时代,每股指标,每股未分配利润,20230630,3.198249
301381,赛维时代,每股指标,每股资本公积金,20230630,0.256152
301381,赛维时代,每股指标,每股盈余公积金,20230630,0.01319
301381,赛维时代,每股指标,每股留存收益,20230630,3.211439
301381,赛维时代,每股指标,每股营业收入,20230630,7.702816
301381,赛维时代,每股指标,每股营业总收入,20230630,7.702816
301381,赛维时代,每股指标,每股息税前利润,20230630,0.49412
301381,赛维时代,盈利能力,净资产收益率(ROE),20230630,9.83
301381,赛维时代,盈利能力,摊薄净资产收益率,20230630,9.368853
301381,赛维时代,盈利能力,净资产收益率_平均,20230630,9.824981
301381,赛维时代,盈利能力,净资产收益率_平均_扣除非经常损益,20230630,9.306466
301381,赛维时代,盈利能力,摊薄净资产收益率_扣除非经常损益,20230630,8.87441
301381,赛维时代,盈利能力,息税前利润率,20230630,6.414799
301381,赛维时代,盈利能力,总资产报酬率,20230630,7.124516
301381,赛维时代,盈利能力,总资本回报率,20230630,8.581699
301381,赛维时代,盈利能力,投入资本回报率,20230630,7.564194
301381,赛维时代,盈利能力,息前税后总资产报酬率_平均,20230630,6.281687
301381,赛维时代,盈利能力,毛利率,20230630,69.200529
301381,赛维时代,盈利能力,销售净利率,20230630,5.422029
301381,赛维时代,盈利能力,成本费用利润率,20230630,6.651579
301381,赛维时代,盈利能力,营业利润率,20230630,6.277433
301381,赛维时代,盈利能力,总资产净利率_平均,20230630,6.021908
301381,赛维时代,盈利能力,总资产净利率_平均(含少数股东损益),20230630,6.021908
301381,赛维时代,成长能力,归母净利润,20230630,150353623.93
301381,赛维时代,成长能力,营业总收入,20230630,2773013878.19
301381,赛维时代,成长能力,净利润,20230630,150353623.93
301381,赛维时代,成长能力,扣非净利润,20230630,142418678.64
301381,赛维时代,成长能力,营业总收入增长率,20230630,26.391252
301381,赛维时代,成长能力,归属母公司净利润增长率,20230630,24.719722
301381,赛维时代,收益质量,经营活动净现金/销售收入,20230630,0.128828
301381,赛维时代,收益质量,经营性现金净流量/营业总收入,20230630,0.128828
301381,赛维时代,收益质量,成本费用率,20230630,92.923776
301381,赛维时代,收益质量,期间费用率,20230630,62.124306
301381,赛维时代,收益质量,销售成本率,20230630,30.79947
301381,赛维时代,收益质量,经营活动净现金/归属母公司的净利润,20230630,2.376021
301381,赛维时代,收益质量,所得税/利润总额,20230630,12.277653
301381,赛维时代,财务风险,流动比率,20230630,3.366706
301381,赛维时代,财务风险,速动比率,20230630,2.346053
301381,赛维时代,财务风险,保守速动比率,20230630,2.124407
301381,赛维时代,财务风险,资产负债率,20230630,39.020494
301381,赛维时代,财务风险,权益乘数,20230630,1.631539
301381,赛维时代,财务风险,权益乘数(含少数股权的净资产),20230630,1.639895
301381,赛维时代,财务风险,产权比率,20230630,63.989523
301381,赛维时代,财务风险,现金比率,20230630,1.79227
301381,赛维时代,营运能力,应收账款周转率,20230630,11.998428
301381,赛维时代,营运能力,应收账款周转天数,20230630,15.001964
301381,赛维时代,营运能力,存货周转率,20230630,1.425964
301381,赛维时代,营运能力,存货周转天数,20230630,126.230324
301381,赛维时代,营运能力,总资产周转率,20230630,1.110637
301381,赛维时代,营运能力,总资产周转天数,20230630,162.069109
301381,赛维时代,营运能力,流动资产周转率,20230630,1.503208
301381,赛维时代,营运能力,流动资产周转天数,20230630,119.743887
301381,赛维时代,营运能力,应付账款周转率,20230630,4.141248
301381,赛维时代,常用指标,归母净利润,20230331,51966606.92
301381,赛维时代,常用指标,营业总收入,20230331,1243613234.39
301381,赛维时代,常用指标,营业成本,20230331,1176622575.19
301381,赛维时代,常用指标,净利润,20230331,51966606.92
301381,赛维时代,常用指标,扣非净利润,20230331,45790600.0
301381,赛维时代,常用指标,股东权益合计(净资产),20230331,1507207024.1
301381,赛维时代,常用指标,商誉,20230331,
301381,赛维时代,常用指标,经营现金流量净额,20230331,203485139.39
301381,赛维时代,常用指标,基本每股收益,20230331,0.1444
301381,赛维时代,常用指标,每股净资产,20230331,4.186686
301381,赛维时代,常用指标,每股现金流,20230331,0.565236
301381,赛维时代,常用指标,净资产收益率(ROE),20230331,3.51
301381,赛维时代,常用指标,总资产报酬率(ROA),20230331,2.663639
301381,赛维时代,常用指标,毛利率,20230331,69.112985
301381,赛维时代,常用指标,销售净利率,20230331,4.178964
301381,赛维时代,常用指标,期间费用率,20230331,63.558067
301381,赛维时代,常用指标,资产负债率,20230331,35.468543
301381,赛维时代,每股指标,基本每股收益,20230331,0.1444
301381,赛维时代,每股指标,稀释每股收益,20230331,0.1444
301381,赛维时代,每股指标,摊薄每股收益_最新股数,20230331,0.127852
301381,赛维时代,每股指标,摊薄每股净资产_期末股数,20230331,4.186686
301381,赛维时代,每股指标,调整每股净资产_期末股数,20230331,3.852684
301381,赛维时代,每股指标,每股净资产_最新股数,20230331,3.707903
301381,赛维时代,每股指标,每股经营现金流,20230331,0.565236
301381,赛维时代,每股指标,每股现金流量净额,20230331,-0.435945
301381,赛维时代,每股指标,每股企业自由现金流量,20230331,0.22644
301381,赛维时代,每股指标,每股股东自由现金流量,20230331,0.22644
301381,赛维时代,每股指标,每股未分配利润,20230331,2.924961
301381,赛维时代,每股指标,每股资本公积金,20230331,0.256152
301381,赛维时代,每股指标,每股盈余公积金,20230331,0.01319
301381,赛维时代,每股指标,每股留存收益,20230331,2.938151
301381,赛维时代,每股指标,每股营业收入,20230331,3.454481
301381,赛维时代,每股指标,每股营业总收入,20230331,3.454481
301381,赛维时代,每股指标,每股息税前利润,20230331,0.173781
301381,赛维时代,盈利能力,净资产收益率(ROE),20230331,3.51
301381,赛维时代,盈利能力,摊薄净资产收益率,20230331,3.44811
301381,赛维时代,盈利能力,净资产收益率_平均,20230331,3.507915
301381,赛维时代,盈利能力,净资产收益率_平均_扣除非经常损益,20230331,3.090803
301381,赛维时代,盈利能力,摊薄净资产收益率_扣除非经常损益,20230331,
301381,赛维时代,盈利能力,息税前利润率,20230331,5.030603
301381,赛维时代,盈利能力,总资产报酬率,20230331,2.663639
301381,赛维时代,盈利能力,总资本回报率,20230331,3.154247
301381,赛维时代,盈利能力,投入资本回报率,20230331,2.778905
301381,赛维时代,盈利能力,息前税后总资产报酬率_平均,20230331,2.34742
301381,赛维时代,盈利能力,毛利率,20230331,69.112985
301381,赛维时代,盈利能力,销售净利率,20230331,4.178964
301381,赛维时代,盈利能力,成本费用利润率,20230331,5.057099
301381,赛维时代,盈利能力,营业利润率,20230331,4.892382
301381,赛维时代,盈利能力,总资产净利率_平均,20230331,2.212707
301381,赛维时代,盈利能力,总资产净利率_平均(含少数股东损益),20230331,2.212707
301381,赛维时代,成长能力,归母净利润,20230331,51966606.92
301381,赛维时代,成长能力,营业总收入,20230331,1243613234.39
301381,赛维时代,成长能力,净利润,20230331,51966606.92
301381,赛维时代,成长能力,扣非净利润,20230331,45790600.0
301381,赛维时代,成长能力,营业总收入增长率,20230331,22.812153
301381,赛维时代,成长能力,归属母公司净利润增长率,20230331,32.567477
301381,赛维时代,收益质量,经营活动净现金/销售收入,20230331,0.163624
301381,赛维时代,收益质量,经营性现金净流量/营业总收入,20230331,0.163624
301381,赛维时代,收益质量,成本费用率,20230331,94.445082
301381,赛维时代,收益质量,期间费用率,20230331,63.558067
301381,赛维时代,收益质量,销售成本率,20230331,30.887014
301381,赛维时代,收益质量,经营活动净现金/归属母公司的净利润,20230331,3.915422
301381,赛维时代,收益质量,所得税/利润总额,20230331,12.504071
301381,赛维时代,财务风险,流动比率,20230331,4.152734
301381,赛维时代,财务风险,速动比率,20230331,2.828908
301381,赛维时代,财务风险,保守速动比率,20230331,2.47126
301381,赛维时代,财务风险,资产负债率,20230331,35.468543
301381,赛维时代,财务风险,权益乘数,20230331,1.585349
301381,赛维时代,财务风险,权益乘数(含少数股权的净资产),20230331,1.549631
301381,赛维时代,财务风险,产权比率,20230331,54.963185
301381,赛维时代,财务风险,现金比率,20230331,2.069587
301381,赛维时代,营运能力,应收账款周转率,20230331,5.802375
301381,赛维时代,营运能力,应收账款周转天数,20230331,15.510887
301381,赛维时代,营运能力,存货周转率,20230331,0.674005
301381,赛维时代,营运能力,存货周转天数,20230331,133.530147
301381,赛维时代,营运能力,总资产周转率,20230331,0.529487
301381,赛维时代,营运能力,总资产周转天数,20230331,169.975841
301381,赛维时代,营运能力,流动资产周转率,20230331,0.729102
301381,赛维时代,营运能力,流动资产周转天数,20230331,123.43945
301381,赛维时代,营运能力,应付账款周转率,20230331,1.837797
301381,赛维时代,常用指标,归母净利润,20221231,184757088.12
301381,赛维时代,常用指标,营业总收入,20221231,4909118542.64
301381,赛维时代,常用指标,营业成本,20221231,4633071558.36
301381,赛维时代,常用指标,净利润,20221231,184757088.12
301381,赛维时代,常用指标,扣非净利润,20221231,172599900.0
301381,赛维时代,常用指标,股东权益合计(净资产),20221231,1455815003.36
301381,赛维时代,常用指标,商誉,20221231,
301381,赛维时代,常用指标,经营现金流量净额,20221231,418058619.38
301381,赛维时代,常用指标,基本每股收益,20221231,0.5132
301381,赛维时代,常用指标,每股净资产,20221231,4.04044
301381,赛维时代,常用指标,每股现金流,20221231,1.161273
301381,赛维时代,常用指标,净资产收益率(ROE),20221231,13.57
301381,赛维时代,常用指标,总资产报酬率(ROA),20221231,9.814612
301381,赛维时代,常用指标,毛利率,20221231,65.624023
301381,赛维时代,常用指标,销售净利率,20221231,3.77136
301381,赛维时代,常用指标,期间费用率,20221231,59.834211
301381,赛维时代,常用指标,资产负债率,20221231,38.380633
301381,赛维时代,每股指标,基本每股收益,20221231,0.5132
301381,赛维时代,每股指标,稀释每股收益,20221231,0.5132
301381,赛维时代,每股指标,摊薄每股收益_最新股数,20221231,0.455467
301381,赛维时代,每股指标,摊薄每股净资产_期末股数,20221231,4.04044
301381,赛维时代,每股指标,调整每股净资产_期末股数,20221231,3.733739
301381,赛维时代,每股指标,每股净资产_最新股数,20221231,3.578382
301381,赛维时代,每股指标,每股经营现金流,20221231,1.161273
301381,赛维时代,每股指标,每股现金流量净额,20221231,0.889897
301381,赛维时代,每股指标,每股企业自由现金流量,20221231,-0.012492
301381,赛维时代,每股指标,每股股东自由现金流量,20221231,0.037045
301381,赛维时代,每股指标,每股未分配利润,20221231,2.777669
301381,赛维时代,每股指标,每股资本公积金,20221231,0.256152
301381,赛维时代,每股指标,每股盈余公积金,20221231,0.01319
301381,赛维时代,每股指标,每股留存收益,20221231,2.79086
301381,赛维时代,每股指标,每股营业收入,20221231,13.63644
301381,赛维时代,每股指标,每股营业总收入,20221231,13.63644
301381,赛维时代,每股指标,每股息税前利润,20221231,0.627517
301381,赛维时代,盈利能力,净资产收益率(ROE),20221231,13.57
301381,赛维时代,盈利能力,摊薄净资产收益率,20221231,12.728296
301381,赛维时代,盈利能力,净资产收益率_平均,20221231,13.611094
301381,赛维时代,盈利能力,净资产收益率_平均_扣除非经常损益,20221231,12.689135
301381,赛维时代,盈利能力,摊薄净资产收益率_扣除非经常损益,20221231,
301381,赛维时代,盈利能力,息税前利润率,20221231,4.60177
301381,赛维时代,盈利能力,总资产报酬率,20221231,9.814612
301381,赛维时代,盈利能力,总资本回报率,20221231,11.938884
301381,赛维时代,盈利能力,投入资本回报率,20221231,10.554762
301381,赛维时代,盈利能力,息前税后总资产报酬率_平均,20221231,8.676766
301381,赛维时代,盈利能力,毛利率,20221231,65.624023
301381,赛维时代,盈利能力,销售净利率,20221231,3.77136
301381,赛维时代,盈利能力,成本费用利润率,20221231,4.569422
301381,赛维时代,盈利能力,营业利润率,20221231,4.359346
301381,赛维时代,盈利能力,总资产净利率_平均,20221231,8.043521
301381,赛维时代,盈利能力,总资产净利率_平均(含少数股东损益),20221231,8.043521
301381,赛维时代,成长能力,归母净利润,20221231,184757088.12
301381,赛维时代,成长能力,营业总收入,20221231,4909118542.64
301381,赛维时代,成长能力,净利润,20221231,184757088.12
301381,赛维时代,成长能力,扣非净利润,20221231,172599900.0
301381,赛维时代,成长能力,营业总收入增长率,20221231,-11.780634
301381,赛维时代,成长能力,归属母公司净利润增长率,20221231,-46.756492
301381,赛维时代,收益质量,经营活动净现金/销售收入,20221231,0.085159
301381,赛维时代,收益质量,经营性现金净流量/营业总收入,20221231,0.085159
301381,赛维时代,收益质量,成本费用率,20221231,94.210188
301381,赛维时代,收益质量,期间费用率,20221231,59.834211
301381,赛维时代,收益质量,销售成本率,20221231,34.375976
301381,赛维时代,收益质量,经营活动净现金/归属母公司的净利润,20221231,2.25806
301381,赛维时代,收益质量,所得税/利润总额,20221231,12.392993
301381,赛维时代,财务风险,流动比率,20221231,3.979778
301381,赛维时代,财务风险,速动比率,20221231,2.590956
301381,赛维时代,财务风险,保守速动比率,20221231,2.295062
301381,赛维时代,财务风险,资产负债率,20221231,38.380633
301381,赛维时代,财务风险,权益乘数,20221231,1.69218
301381,赛维时代,财务风险,权益乘数(含少数股权的净资产),20221231,1.622866
301381,赛维时代,财务风险,产权比率,20221231,62.286641
301381,赛维时代,财务风险,现金比率,20221231,1.683477
301381,赛维时代,营运能力,应收账款周转率,20221231,23.303267
301381,赛维时代,营运能力,应收账款周转天数,20221231,15.448477
301381,赛维时代,营运能力,存货周转率,20221231,2.254902
301381,赛维时代,营运能力,存货周转天数,20221231,159.652153
301381,赛维时代,营运能力,总资产周转率,20221231,2.13279
301381,赛维时代,营运能力,总资产周转天数,20221231,168.792946
301381,赛维时代,营运能力,流动资产周转率,20221231,2.964388
301381,赛维时代,营运能力,流动资产周转天数,20221231,121.441581
301381,赛维时代,营运能力,应付账款周转率,20221231,7.098452
301381,赛维时代,常用指标,归母净利润,20220930,157047396.05
301381,赛维时代,常用指标,营业总收入,20220930,3357768691.05
301381,赛维时代,常用指标,营业成本,20220930,3123579613.2
301381,赛维时代,常用指标,净利润,20220930,157047396.05
301381,赛维时代,常用指标,扣非净利润,20220930,152740334.27
301381,赛维时代,常用指标,股东权益合计(净资产),20220930,
301381,赛维时代,常用指标,商誉,20220930,
301381,赛维时代,常用指标,经营现金流量净额,20220930,234197298.3
301381,赛维时代,常用指标,基本每股收益,20220930,0.4362
301381,赛维时代,常用指标,每股净资产,20220930,
301381,赛维时代,常用指标,每股现金流,20220930,0.650548
301381,赛维时代,常用指标,净资产收益率(ROE),20220930,11.69
301381,赛维时代,常用指标,总资产报酬率(ROA),20220930,
301381,赛维时代,常用指标,毛利率,20220930,65.027898
301381,赛维时代,常用指标,销售净利率,20220930,4.677135
301381,赛维时代,常用指标,期间费用率,20220930,57.872912
301381,赛维时代,常用指标,资产负债率,20220930,
301381,赛维时代,每股指标,基本每股收益,20220930,0.4362
301381,赛维时代,每股指标,稀释每股收益,20220930,0.4362
301381,赛维时代,每股指标,摊薄每股收益_最新股数,20220930,0.386354
301381,赛维时代,每股指标,摊薄每股净资产_期末股数,20220930,
301381,赛维时代,每股指标,调整每股净资产_期末股数,20220930,
301381,赛维时代,每股指标,每股净资产_最新股数,20220930,
301381,赛维时代,每股指标,每股经营现金流,20220930,0.650548
301381,赛维时代,每股指标,每股现金流量净额,20220930,-0.199062
301381,赛维时代,每股指标,每股企业自由现金流量,20220930,
301381,赛维时代,每股指标,每股股东自由现金流量,20220930,
301381,赛维时代,每股指标,每股未分配利润,20220930,
301381,赛维时代,每股指标,每股资本公积金,20220930,
301381,赛维时代,每股指标,每股盈余公积金,20220930,
301381,赛维时代,每股指标,每股留存收益,20220930,
301381,赛维时代,每股指标,每股营业收入,20220930,9.327135
301381,赛维时代,每股指标,每股营业总收入,20220930,9.327135
301381,赛维时代,每股指标,每股息税前利润,20220930,0.528068
301381,赛维时代,盈利能力,净资产收益率(ROE),20220930,11.69
301381,赛维时代,盈利能力,摊薄净资产收益率,20220930,
301381,赛维时代,盈利能力,净资产收益率_平均,20220930,
301381,赛维时代,盈利能力,净资产收益率_平均_扣除非经常损益,20220930,
301381,赛维时代,盈利能力,摊薄净资产收益率_扣除非经常损益,20220930,
301381,赛维时代,盈利能力,息税前利润率,20220930,5.661635
301381,赛维时代,盈利能力,总资产报酬率,20220930,
301381,赛维时代,盈利能力,总资本回报率,20220930,
301381,赛维时代,盈利能力,投入资本回报率,20220930,
301381,赛维时代,盈利能力,息前税后总资产报酬率_平均,20220930,
301381,赛维时代,盈利能力,毛利率,20220930,65.027898
301381,赛维时代,盈利能力,销售净利率,20220930,4.677135
301381,赛维时代,盈利能力,成本费用利润率,20220930,5.74415
301381,赛维时代,盈利能力,营业利润率,20220930,5.377922
301381,赛维时代,盈利能力,总资产净利率_平均,20220930,
301381,赛维时代,盈利能力,总资产净利率_平均(含少数股东损益),20220930,
301381,赛维时代,成长能力,归母净利润,20220930,157047396.05
301381,赛维时代,成长能力,营业总收入,20220930,3357768691.05
301381,赛维时代,成长能力,净利润,20220930,157047396.05
301381,赛维时代,成长能力,扣非净利润,20220930,152740334.27
301381,赛维时代,成长能力,营业总收入增长率,20220930,-18.745244
301381,赛维时代,成长能力,归属母公司净利润增长率,20220930,-44.939602
301381,赛维时代,收益质量,经营活动净现金/销售收入,20220930,0.069747
301381,赛维时代,收益质量,经营性现金净流量/营业总收入,20220930,0.069747
301381,赛维时代,收益质量,成本费用率,20220930,92.845013
301381,赛维时代,收益质量,期间费用率,20220930,57.872912
301381,赛维时代,收益质量,销售成本率,20220930,34.972101
301381,赛维时代,收益质量,经营活动净现金/归属母公司的净利润,20220930,1.491252
301381,赛维时代,收益质量,所得税/利润总额,20220930,12.30081
301381,赛维时代,财务风险,流动比率,20220930,
301381,赛维时代,财务风险,速动比率,20220930,
301381,赛维时代,财务风险,保守速动比率,20220930,
301381,赛维时代,财务风险,资产负债率,20220930,
301381,赛维时代,财务风险,权益乘数,20220930,
301381,赛维时代,财务风险,权益乘数(含少数股权的净资产),20220930,
301381,赛维时代,财务风险,产权比率,20220930,
301381,赛维时代,财务风险,现金比率,20220930,
301381,赛维时代,营运能力,应收账款周转率,20220930,
301381,赛维时代,营运能力,应收账款周转天数,20220930,
301381,赛维时代,营运能力,存货周转率,20220930,
301381,赛维时代,营运能力,存货周转天数,20220930,
301381,赛维时代,营运能力,总资产周转率,20220930,
301381,赛维时代,营运能力,总资产周转天数,20220930,
301381,赛维时代,营运能力,流动资产周转率,20220930,
301381,赛维时代,营运能力,流动资产周转天数,20220930,
301381,赛维时代,营运能力,应付账款周转率,20220930,
301381,赛维时代,常用指标,归母净利润,20220630,120553205.79
301381,赛维时代,常用指标,营业总收入,20220630,2193991929.48
301381,赛维时代,常用指标,营业成本,20220630,2022224318.83
301381,赛维时代,常用指标,净利润,20220630,120553205.79
301381,赛维时代,常用指标,扣非净利润,20220630,118122600.0
301381,赛维时代,常用指标,股东权益合计(净资产),20220630,1388615853.49
301381,赛维时代,常用指标,商誉,20220630,
301381,赛维时代,常用指标,经营现金流量净额,20220630,159722910.92
301381,赛维时代,常用指标,基本每股收益,20220630,0.3349
301381,赛维时代,常用指标,每股净资产,20220630,3.857266
301381,赛维时代,常用指标,每股现金流,20220630,0.443674
301381,赛维时代,常用指标,净资产收益率(ROE),20220630,9.08
301381,赛维时代,常用指标,总资产报酬率(ROA),20220630,6.468935
301381,赛维时代,常用指标,毛利率,20220630,65.101805
301381,赛维时代,常用指标,销售净利率,20220630,5.494696
301381,赛维时代,常用指标,期间费用率,20220630,57.08006
301381,赛维时代,常用指标,资产负债率,20220630,38.922691
301381,赛维时代,每股指标,基本每股收益,20220630,0.3349
301381,赛维时代,每股指标,稀释每股收益,20220630,0.3349
301381,赛维时代,每股指标,摊薄每股收益_最新股数,20220630,0.296574
301381,赛维时代,每股指标,摊薄每股净资产_期末股数,20220630,3.857266
301381,赛维时代,每股指标,调整每股净资产_期末股数,20220630,3.590522
301381,赛维时代,每股指标,每股净资产_最新股数,20220630,3.416155
301381,赛维时代,每股指标,每股经营现金流,20220630,0.443674
301381,赛维时代,每股指标,每股现金流量净额,20220630,0.308975
301381,赛维时代,每股指标,每股企业自由现金流量,20220630,0.071105
301381,赛维时代,每股指标,每股股东自由现金流量,20220630,0.071105
301381,赛维时代,每股指标,每股未分配利润,20220630,2.603223
301381,赛维时代,每股指标,每股资本公积金,20220630,0.256152
301381,赛维时代,每股指标,每股盈余公积金,20220630,0.008227
301381,赛维时代,每股指标,每股留存收益,20220630,2.61145
301381,赛维时代,每股指标,每股营业收入,20220630,6.094422
301381,赛维时代,每股指标,每股营业总收入,20220630,6.094422
301381,赛维时代,每股指标,每股息税前利润,20220630,0.405786
301381,赛维时代,盈利能力,净资产收益率(ROE),20220630,9.08
301381,赛维时代,盈利能力,摊薄净资产收益率,20220630,8.681537
301381,赛维时代,盈利能力,净资产收益率_平均,20220630,9.082954
301381,赛维时代,盈利能力,净资产收益率_平均_扣除非经常损益,20220630,8.899823
301381,赛维时代,盈利能力,摊薄净资产收益率_扣除非经常损益,20220630,8.506502
301381,赛维时代,盈利能力,息税前利润率,20220630,6.65833
301381,赛维时代,盈利能力,总资产报酬率,20220630,6.468935
301381,赛维时代,盈利能力,总资本回报率,20220630,7.773782
301381,赛维时代,盈利能力,投入资本回报率,20220630,6.810326
301381,赛维时代,盈利能力,息前税后总资产报酬率_平均,20220630,5.667197
301381,赛维时代,盈利能力,毛利率,20220630,65.101805
301381,赛维时代,盈利能力,销售净利率,20220630,5.494696
301381,赛维时代,盈利能力,成本费用利润率,20220630,6.871089
301381,赛维时代,盈利能力,营业利润率,20220630,6.410372
301381,赛维时代,盈利能力,总资产净利率_平均,20220630,5.338401
301381,赛维时代,盈利能力,总资产净利率_平均(含少数股东损益),20220630,5.338401
301381,赛维时代,成长能力,归母净利润,20220630,120553205.79
301381,赛维时代,成长能力,营业总收入,20220630,2193991929.48
301381,赛维时代,成长能力,净利润,20220630,120553205.79
301381,赛维时代,成长能力,扣非净利润,20220630,118122600.0
301381,赛维时代,成长能力,营业总收入增长率,20220630,-24.50397
301381,赛维时代,成长能力,归属母公司净利润增长率,20220630,-53.280524
301381,赛维时代,收益质量,经营活动净现金/销售收入,20220630,0.0728
301381,赛维时代,收益质量,经营性现金净流量/营业总收入,20220630,0.0728
301381,赛维时代,收益质量,成本费用率,20220630,91.978255
301381,赛维时代,收益质量,期间费用率,20220630,57.08006
301381,赛维时代,收益质量,销售成本率,20220630,34.898194
301381,赛维时代,收益质量,经营活动净现金/归属母公司的净利润,20220630,1.324916
301381,赛维时代,收益质量,所得税/利润总额,20220630,13.05733
301381,赛维时代,财务风险,流动比率,20220630,4.058261
301381,赛维时代,财务风险,速动比率,20220630,2.088517
301381,赛维时代,财务风险,保守速动比率,20220630,1.768879
301381,赛维时代,财务风险,资产负债率,20220630,38.922691
301381,赛维时代,财务风险,权益乘数,20220630,1.701437
301381,赛维时代,财务风险,权益乘数(含少数股权的净资产),20220630,1.637269
301381,赛维时代,财务风险,产权比率,20220630,63.726926
301381,赛维时代,财务风险,现金比率,20220630,1.317017
301381,赛维时代,营运能力,应收账款周转率,20220630,13.171084
301381,赛维时代,营运能力,应收账款周转天数,20220630,13.6663
301381,赛维时代,营运能力,存货周转率,20220630,0.917731
301381,赛维时代,营运能力,存货周转天数,20220630,196.135692
301381,赛维时代,营运能力,总资产周转率,20220630,0.971555
301381,赛维时代,营运能力,总资产周转天数,20220630,185.269965
301381,赛维时代,营运能力,流动资产周转率,20220630,1.380293
301381,赛维时代,营运能力,流动资产周转天数,20220630,130.407043
301381,赛维时代,营运能力,应付账款周转率,20220630,3.166706
301381,赛维时代,常用指标,归母净利润,20220331,39202797.17
301381,赛维时代,常用指标,营业总收入,20220331,1012614141.15
301381,赛维时代,常用指标,营业成本,20220331,951091580.02
301381,赛维时代,常用指标,净利润,20220331,39202797.17
301381,赛维时代,常用指标,扣非净利润,20220331,35636100.0
301381,赛维时代,常用指标,股东权益合计(净资产),20220331,1305025600.0
301381,赛维时代,常用指标,商誉,20220331,
301381,赛维时代,常用指标,经营现金流量净额,20220331,28651115.15
301381,赛维时代,常用指标,基本每股收益,20220331,0.1089
301381,赛维时代,常用指标,每股净资产,20220331,3.625071
301381,赛维时代,常用指标,每股现金流,20220331,0.079586
301381,赛维时代,常用指标,净资产收益率(ROE),20220331,3.05
301381,赛维时代,常用指标,总资产报酬率(ROA),20220331,
301381,赛维时代,常用指标,毛利率,20220331,
301381,赛维时代,常用指标,销售净利率,20220331,3.871445
301381,赛维时代,常用指标,期间费用率,20220331,
301381,赛维时代,常用指标,资产负债率,20220331,
301381,赛维时代,每股指标,基本每股收益,20220331,0.1089
301381,赛维时代,每股指标,稀释每股收益,20220331,0.1089
301381,赛维时代,每股指标,摊薄每股收益_最新股数,20220331,0.096443
301381,赛维时代,每股指标,摊薄每股净资产_期末股数,20220331,3.625071
301381,赛维时代,每股指标,调整每股净资产_期末股数,20220331,3.625071
301381,赛维时代,每股指标,每股净资产_最新股数,20220331,3.210514
301381,赛维时代,每股指标,每股经营现金流,20220331,0.079586
301381,赛维时代,每股指标,每股现金流量净额,20220331,
301381,赛维时代,每股指标,每股企业自由现金流量,20220331,
301381,赛维时代,每股指标,每股股东自由现金流量,20220331,
301381,赛维时代,每股指标,每股未分配利润,20220331,
301381,赛维时代,每股指标,每股资本公积金,20220331,
301381,赛维时代,每股指标,每股盈余公积金,20220331,
301381,赛维时代,每股指标,每股留存收益,20220331,
301381,赛维时代,每股指标,每股营业收入,20220331,2.812816
301381,赛维时代,每股指标,每股营业总收入,20220331,2.812816
301381,赛维时代,每股指标,每股息税前利润,20220331,
301381,赛维时代,盈利能力,净资产收益率(ROE),20220331,3.05
301381,赛维时代,盈利能力,摊薄净资产收益率,20220331,3.003987
301381,赛维时代,盈利能力,净资产收益率_平均,20220331,3.04973
301381,赛维时代,盈利能力,净资产收益率_平均_扣除非经常损益,20220331,2.772263
301381,赛维时代,盈利能力,摊薄净资产收益率_扣除非经常损益,20220331,
301381,赛维时代,盈利能力,息税前利润率,20220331,
301381,赛维时代,盈利能力,总资产报酬率,20220331,
301381,赛维时代,盈利能力,总资本回报率,20220331,
301381,赛维时代,盈利能力,投入资本回报率,20220331,2.514532
301381,赛维时代,盈利能力,息前税后总资产报酬率_平均,20220331,1.805949
301381,赛维时代,盈利能力,毛利率,20220331,
301381,赛维时代,盈利能力,销售净利率,20220331,3.871445
301381,赛维时代,盈利能力,成本费用利润率,20220331,
301381,赛维时代,盈利能力,营业利润率,20220331,4.746773
301381,赛维时代,盈利能力,总资产净利率_平均,20220331,1.805949
301381,赛维时代,盈利能力,总资产净利率_平均(含少数股东损益),20220331,1.805949
301381,赛维时代,成长能力,归母净利润,20220331,39202797.17
301381,赛维时代,成长能力,营业总收入,20220331,1012614141.15
301381,赛维时代,成长能力,净利润,20220331,39202797.17
301381,赛维时代,成长能力,扣非净利润,20220331,35636100.0
301381,赛维时代,成长能力,营业总收入增长率,20220331,
301381,赛维时代,成长能力,归属母公司净利润增长率,20220331,
301381,赛维时代,收益质量,经营活动净现金/销售收入,20220331,0.028294
301381,赛维时代,收益质量,经营性现金净流量/营业总收入,20220331,0.028294
301381,赛维时代,收益质量,成本费用率,20220331,
301381,赛维时代,收益质量,期间费用率,20220331,
301381,赛维时代,收益质量,销售成本率,20220331,
301381,赛维时代,收益质量,经营活动净现金/归属母公司的净利润,20220331,0.730843
301381,赛维时代,收益质量,所得税/利润总额,20220331,
301381,赛维时代,财务风险,流动比率,20220331,
301381,赛维时代,财务风险,速动比率,20220331,
301381,赛维时代,财务风险,保守速动比率,20220331,
301381,赛维时代,财务风险,资产负债率,20220331,
301381,赛维时代,财务风险,权益乘数,20220331,1.688713
301381,赛维时代,财务风险,权益乘数(含少数股权的净资产),20220331,1.608092
301381,赛维时代,财务风险,产权比率,20220331,
301381,赛维时代,财务风险,现金比率,20220331,
301381,赛维时代,营运能力,应收账款周转率,20220331,
301381,赛维时代,营运能力,应收账款周转天数,20220331,13.776363
301381,赛维时代,营运能力,存货周转率,20220331,
301381,赛维时代,营运能力,存货周转天数,20220331,
301381,赛维时代,营运能力,总资产周转率,20220331,0.466479
301381,赛维时代,营运能力,总资产周转天数,20220331,192.934608
301381,赛维时代,营运能力,流动资产周转率,20220331,
301381,赛维时代,营运能力,流动资产周转天数,20220331,140.340852
301381,赛维时代,营运能力,应付账款周转率,20220331,
301381,赛维时代,常用指标,归母净利润,20211231,347724190.65
301381,赛维时代,常用指标,营业总收入,20211231,5564672255.54
301381,赛维时代,常用指标,营业成本,20211231,5107614721.34
301381,赛维时代,常用指标,净利润,20211231,347724190.65
301381,赛维时代,常用指标,扣非净利润,20211231,321179300.0
301381,赛维时代,常用指标,股东权益合计(净资产),20211231,1265877253.88
301381,赛维时代,常用指标,商誉,20211231,
301381,赛维时代,常用指标,经营现金流量净额,20211231,253345099.16
301381,赛维时代,常用指标,基本每股收益,20211231,0.9659
301381,赛维时代,常用指标,每股净资产,20211231,3.516325
301381,赛维时代,常用指标,每股现金流,20211231,0.703736
301381,赛维时代,常用指标,净资产收益率(ROE),20211231,31.83
301381,赛维时代,常用指标,总资产报酬率(ROA),20211231,21.716257
301381,赛维时代,常用指标,毛利率,20211231,62.784542
301381,赛维时代,常用指标,销售净利率,20211231,6.248781
301381,赛维时代,常用指标,期间费用率,20211231,54.473474
301381,赛维时代,常用指标,资产负债率,20211231,43.561078
301381,赛维时代,每股指标,基本每股收益,20211231,0.9659
301381,赛维时代,每股指标,稀释每股收益,20211231,0.9659
301381,赛维时代,每股指标,摊薄每股收益_最新股数,20211231,0.855441
301381,赛维时代,每股指标,摊薄每股净资产_期末股数,20211231,3.516325
301381,赛维时代,每股指标,调整每股净资产_期末股数,20211231,3.259335
301381,赛维时代,每股指标,每股净资产_最新股数,20211231,3.114204
301381,赛维时代,每股指标,每股经营现金流,20211231,0.703736
301381,赛维时代,每股指标,每股现金流量净额,20211231,0.145368
301381,赛维时代,每股指标,每股企业自由现金流量,20211231,-2.276737
301381,赛维时代,每股指标,每股股东自由现金流量,20211231,-2.318403
301381,赛维时代,每股指标,每股未分配利润,20211231,2.268353
301381,赛维时代,每股指标,每股资本公积金,20211231,0.256152
301381,赛维时代,每股指标,每股盈余公积金,20211231,0.008227
301381,赛维时代,每股指标,每股留存收益,20211231,2.27658
301381,赛维时代,每股指标,每股营业收入,20211231,15.457422
301381,赛维时代,每股指标,每股营业总收入,20211231,15.457422
301381,赛维时代,每股指标,每股息税前利润,20211231,1.168425
301381,赛维时代,盈利能力,净资产收益率(ROE),20211231,31.83
301381,赛维时代,盈利能力,摊薄净资产收益率,20211231,27.469029
301381,赛维时代,盈利能力,净资产收益率_平均,20211231,31.860186
301381,赛维时代,盈利能力,净资产收益率_平均_扣除非经常损益,20211231,29.428014
301381,赛维时代,盈利能力,摊薄净资产收益率_扣除非经常损益,20211231,25.372075
301381,赛维时代,盈利能力,息税前利润率,20211231,7.558994
301381,赛维时代,盈利能力,总资产报酬率,20211231,21.716257
301381,赛维时代,盈利能力,总资本回报率,20211231,30.646821
301381,赛维时代,盈利能力,投入资本回报率,20211231,26.307985
301381,赛维时代,盈利能力,息前税后总资产报酬率_平均,20211231,18.641769
301381,赛维时代,盈利能力,毛利率,20211231,62.784542
301381,赛维时代,盈利能力,销售净利率,20211231,6.248781
301381,赛维时代,盈利能力,成本费用利润率,20211231,7.982368
301381,赛维时代,盈利能力,营业利润率,20211231,7.309684
301381,赛维时代,盈利能力,总资产净利率_平均,20211231,17.95214
301381,赛维时代,盈利能力,总资产净利率_平均(含少数股东损益),20211231,17.95214
301381,赛维时代,成长能力,归母净利润,20211231,347724190.65
301381,赛维时代,成长能力,营业总收入,20211231,5564672255.54
301381,赛维时代,成长能力,净利润,20211231,347724190.65
301381,赛维时代,成长能力,扣非净利润,20211231,321179300.0
301381,赛维时代,成长能力,营业总收入增长率,20211231,5.933002
301381,赛维时代,成长能力,归属母公司净利润增长率,20211231,-22.878931
301381,赛维时代,收益质量,经营活动净现金/销售收入,20211231,0.045527
301381,赛维时代,收益质量,经营性现金净流量/营业总收入,20211231,0.045527
301381,赛维时代,收益质量,成本费用率,20211231,91.688931
301381,赛维时代,收益质量,期间费用率,20211231,54.473474
301381,赛维时代,收益质量,销售成本率,20211231,37.215457
301381,赛维时代,收益质量,经营活动净现金/归属母公司的净利润,20211231,0.72858
301381,赛维时代,收益质量,所得税/利润总额,20211231,14.621876
301381,赛维时代,财务风险,流动比率,20211231,3.324091
301381,赛维时代,财务风险,速动比率,20211231,1.446261
301381,赛维时代,财务风险,保守速动比率,20211231,1.16935
301381,赛维时代,财务风险,资产负债率,20211231,43.561078
301381,赛维时代,财务风险,权益乘数,20211231,1.774729
301381,赛维时代,财务风险,权益乘数(含少数股权的净资产),20211231,1.771826
301381,赛维时代,财务风险,产权比率,20211231,77.18269
301381,赛维时代,财务风险,现金比率,20211231,0.843045
301381,赛维时代,营运能力,应收账款周转率,20211231,35.90075
301381,赛维时代,营运能力,应收账款周转天数,20211231,10.027645
301381,赛维时代,营运能力,存货周转率,20211231,2.321635
301381,赛维时代,营运能力,存货周转天数,20211231,155.063111
301381,赛维时代,营运能力,总资产周转率,20211231,2.872902
301381,赛维时代,营运能力,总资产周转天数,20211231,125.308801
301381,赛维时代,营运能力,流动资产周转率,20211231,3.524147
301381,赛维时代,营运能力,流动资产周转天数,20211231,102.152378
301381,赛维时代,营运能力,应付账款周转率,20211231,12.785196
301381,赛维时代,常用指标,归母净利润,20210930,285227500.0
301381,赛维时代,常用指标,营业总收入,20210930,
301381,赛维时代,常用指标,营业成本,20210930,
301381,赛维时代,常用指标,净利润,20210930,285227500.0
301381,赛维时代,常用指标,扣非净利润,20210930,283058700.0
301381,赛维时代,常用指标,股东权益合计(净资产),20210930,1203103200.0
301381,赛维时代,常用指标,商誉,20210930,
301381,赛维时代,常用指标,经营现金流量净额,20210930,39797000.0
301381,赛维时代,常用指标,基本每股收益,20210930,
301381,赛维时代,常用指标,每股净资产,20210930,3.341953
301381,赛维时代,常用指标,每股现金流,20210930,0.110547
301381,赛维时代,常用指标,净资产收益率(ROE),20210930,
301381,赛维时代,常用指标,总资产报酬率(ROA),20210930,
301381,赛维时代,常用指标,毛利率,20210930,
301381,赛维时代,常用指标,销售净利率,20210930,6.902229
301381,赛维时代,常用指标,期间费用率,20210930,
301381,赛维时代,常用指标,资产负债率,20210930,46.48692
301381,赛维时代,每股指标,基本每股收益,20210930,
301381,赛维时代,每股指标,稀释每股收益,20210930,
301381,赛维时代,每股指标,摊薄每股收益_最新股数,20210930,0.701692
301381,赛维时代,每股指标,摊薄每股净资产_期末股数,20210930,3.341953
301381,赛维时代,每股指标,调整每股净资产_期末股数,20210930,3.341953
301381,赛维时代,每股指标,每股净资产_最新股数,20210930,2.959773
301381,赛维时代,每股指标,每股经营现金流,20210930,0.110547
301381,赛维时代,每股指标,每股现金流量净额,20210930,
301381,赛维时代,每股指标,每股企业自由现金流量,20210930,
301381,赛维时代,每股指标,每股股东自由现金流量,20210930,
301381,赛维时代,每股指标,每股未分配利润,20210930,
301381,赛维时代,每股指标,每股资本公积金,20210930,
301381,赛维时代,每股指标,每股盈余公积金,20210930,
301381,赛维时代,每股指标,每股留存收益,20210930,
301381,赛维时代,每股指标,每股营业收入,20210930,11.478879
301381,赛维时代,每股指标,每股营业总收入,20210930,11.478879
301381,赛维时代,每股指标,每股息税前利润,20210930,
301381,赛维时代,盈利能力,净资产收益率(ROE),20210930,
301381,赛维时代,盈利能力,摊薄净资产收益率,20210930,23.70765
301381,赛维时代,盈利能力,净资产收益率_平均,20210930,26.907757
301381,赛维时代,盈利能力,净资产收益率_平均_扣除非经常损益,20210930,26.703157
301381,赛维时代,盈利能力,摊薄净资产收益率_扣除非经常损益,20210930,
301381,赛维时代,盈利能力,息税前利润率,20210930,
301381,赛维时代,盈利能力,总资产报酬率,20210930,
301381,赛维时代,盈利能力,总资本回报率,20210930,
301381,赛维时代,盈利能力,投入资本回报率,20210930,26.718355
301381,赛维时代,盈利能力,息前税后总资产报酬率_平均,20210930,14.705373
301381,赛维时代,盈利能力,毛利率,20210930,
301381,赛维时代,盈利能力,销售净利率,20210930,6.902229
301381,赛维时代,盈利能力,成本费用利润率,20210930,
301381,赛维时代,盈利能力,营业利润率,20210930,8.048472
301381,赛维时代,盈利能力,总资产净利率_平均,20210930,14.705373
301381,赛维时代,盈利能力,总资产净利率_平均(含少数股东损益),20210930,14.705373
301381,赛维时代,成长能力,归母净利润,20210930,285227500.0
301381,赛维时代,成长能力,营业总收入,20210930,
301381,赛维时代,成长能力,净利润,20210930,285227500.0
301381,赛维时代,成长能力,扣非净利润,20210930,283058700.0
301381,赛维时代,成长能力,营业总收入增长率,20210930,13.265037
301381,赛维时代,成长能力,归属母公司净利润增长率,20210930,-24.231355
301381,赛维时代,收益质量,经营活动净现金/销售收入,20210930,0.00963
301381,赛维时代,收益质量,经营性现金净流量/营业总收入,20210930,0.00963
301381,赛维时代,收益质量,成本费用率,20210930,
301381,赛维时代,收益质量,期间费用率,20210930,
301381,赛维时代,收益质量,销售成本率,20210930,
301381,赛维时代,收益质量,经营活动净现金/归属母公司的净利润,20210930,0.139527
301381,赛维时代,收益质量,所得税/利润总额,20210930,
301381,赛维时代,财务风险,流动比率,20210930,
301381,赛维时代,财务风险,速动比率,20210930,
301381,赛维时代,财务风险,保守速动比率,20210930,
301381,赛维时代,财务风险,资产负债率,20210930,46.48692
301381,赛维时代,财务风险,权益乘数,20210930,1.82979
301381,赛维时代,财务风险,权益乘数(含少数股权的净资产),20210930,1.868702
301381,赛维时代,财务风险,产权比率,20210930,86.870203
301381,赛维时代,财务风险,现金比率,20210930,
301381,赛维时代,营运能力,应收账款周转率,20210930,
301381,赛维时代,营运能力,应收账款周转天数,20210930,
301381,赛维时代,营运能力,存货周转率,20210930,
301381,赛维时代,营运能力,存货周转天数,20210930,
301381,赛维时代,营运能力,总资产周转率,20210930,2.130525
301381,赛维时代,营运能力,总资产周转天数,20210930,126.729325
301381,赛维时代,营运能力,流动资产周转率,20210930,
301381,赛维时代,营运能力,流动资产周转天数,20210930,
301381,赛维时代,营运能力,应付账款周转率,20210930,
301381,赛维时代,常用指标,归母净利润,20210630,258036300.0
301381,赛维时代,常用指标,营业总收入,20210630,2906102400.0
301381,赛维时代,常用指标,营业成本,20210630,2568673500.0
301381,赛维时代,常用指标,净利润,20210630,258036300.0
301381,赛维时代,常用指标,扣非净利润,20210630,256417500.0
301381,赛维时代,常用指标,股东权益合计(净资产),20210630,1175927300.0
301381,赛维时代,常用指标,商誉,20210630,
301381,赛维时代,常用指标,经营现金流量净额,20210630,115687400.0
301381,赛维时代,常用指标,基本每股收益,20210630,0.72
301381,赛维时代,常用指标,每股净资产,20210630,3.266464
301381,赛维时代,常用指标,每股现金流,20210630,0.321353
301381,赛维时代,常用指标,净资产收益率(ROE),20210630,24.66
301381,赛维时代,常用指标,总资产报酬率(ROA),20210630,15.907988
301381,赛维时代,常用指标,毛利率,20210630,63.432551
301381,赛维时代,常用指标,销售净利率,20210630,8.879119
301381,赛维时代,常用指标,期间费用率,20210630,51.764304
301381,赛维时代,常用指标,资产负债率,20210630,46.885229
301381,赛维时代,每股指标,基本每股收益,20210630,0.72
301381,赛维时代,每股指标,稀释每股收益,20210630,0.72
301381,赛维时代,每股指标,摊薄每股收益_最新股数,20210630,0.634799
301381,赛维时代,每股指标,摊薄每股净资产_期末股数,20210630,3.266464
301381,赛维时代,每股指标,调整每股净资产_期末股数,20210630,3.19103
301381,赛维时代,每股指标,每股净资产_最新股数,20210630,2.892917
301381,赛维时代,每股指标,每股经营现金流,20210630,0.321353
301381,赛维时代,每股指标,每股现金流量净额,20210630,0.091204
301381,赛维时代,每股指标,每股企业自由现金流量,20210630,
301381,赛维时代,每股指标,每股股东自由现金流量,20210630,
301381,赛维时代,每股指标,每股未分配利润,20210630,2.022566
301381,赛维时代,每股指标,每股资本公积金,20210630,0.256152
301381,赛维时代,每股指标,每股盈余公积金,20210630,0.00488
301381,赛维时代,每股指标,每股留存收益,20210630,2.027447
301381,赛维时代,每股指标,每股营业收入,20210630,8.072506
301381,赛维时代,每股指标,每股营业总收入,20210630,8.072506
301381,赛维时代,每股指标,每股息税前利润,20210630,0.849513
301381,赛维时代,盈利能力,净资产收益率(ROE),20210630,24.66
301381,赛维时代,盈利能力,摊薄净资产收益率,20210630,21.943218
301381,赛维时代,盈利能力,净资产收益率_平均,20210630,24.658686
301381,赛维时代,盈利能力,净资产收益率_平均_扣除非经常损益,20210630,24.503989
301381,赛维时代,盈利能力,摊薄净资产收益率_扣除非经常损益,20210630,
301381,赛维时代,盈利能力,息税前利润率,20210630,10.523545
301381,赛维时代,盈利能力,总资产报酬率,20210630,15.907988
301381,赛维时代,盈利能力,总资本回报率,20210630,23.7028
301381,赛维时代,盈利能力,投入资本回报率,20210630,20.428965
301381,赛维时代,盈利能力,息前税后总资产报酬率_平均,20210630,13.710774
301381,赛维时代,盈利能力,毛利率,20210630,63.432551
301381,赛维时代,盈利能力,销售净利率,20210630,8.879119
301381,赛维时代,盈利能力,成本费用利润率,20210630,11.697529
301381,赛维时代,盈利能力,营业利润率,20210630,10.30731
301381,赛维时代,盈利能力,总资产净利率_平均,20210630,13.42218
301381,赛维时代,盈利能力,总资产净利率_平均(含少数股东损益),20210630,13.42218
301381,赛维时代,成长能力,归母净利润,20210630,258036300.0
301381,赛维时代,成长能力,营业总收入,20210630,2906102400.0
301381,赛维时代,成长能力,净利润,20210630,258036300.0
301381,赛维时代,成长能力,扣非净利润,20210630,256417500.0
301381,赛维时代,成长能力,营业总收入增长率,20210630,26.809773
301381,赛维时代,成长能力,归属母公司净利润增长率,20210630,9.319084
301381,赛维时代,收益质量,经营活动净现金/销售收入,20210630,0.039808
301381,赛维时代,收益质量,经营性现金净流量/营业总收入,20210630,0.039808
301381,赛维时代,收益质量,成本费用率,20210630,88.331753
301381,赛维时代,收益质量,期间费用率,20210630,51.764304
301381,赛维时代,收益质量,销售成本率,20210630,36.567448
301381,赛维时代,收益质量,经营活动净现金/归属母公司的净利润,20210630,0.448337
301381,赛维时代,收益质量,所得税/利润总额,20210630,14.067215
301381,赛维时代,财务风险,流动比率,20210630,2.745182
301381,赛维时代,财务风险,速动比率,20210630,1.239214
301381,赛维时代,财务风险,保守速动比率,20210630,0.999267
301381,赛维时代,财务风险,资产负债率,20210630,46.885229
301381,赛维时代,财务风险,权益乘数,20210630,1.837159
301381,赛维时代,财务风险,权益乘数(含少数股权的净资产),20210630,1.882715
301381,赛维时代,财务风险,产权比率,20210630,88.271553
301381,赛维时代,财务风险,现金比率,20210630,0.630092
301381,赛维时代,营运能力,应收账款周转率,20210630,12.843709
301381,赛维时代,营运能力,应收账款周转天数,20210630,14.014643
301381,赛维时代,营运能力,存货周转率,20210630,1.151334
301381,赛维时代,营运能力,存货周转天数,20210630,156.340333
301381,赛维时代,营运能力,总资产周转率,20210630,1.511656
301381,赛维时代,营运能力,总资产周转天数,20210630,119.074649
301381,赛维时代,营运能力,流动资产周转率,20210630,1.727235
301381,赛维时代,营运能力,流动资产周转天数,20210630,104.212784
301381,赛维时代,营运能力,应付账款周转率,20210630,5.202792
301381,赛维时代,常用指标,归母净利润,20201231,450880928.79
301381,赛维时代,常用指标,营业总收入,20201231,5253011000.45
301381,赛维时代,常用指标,营业成本,20201231,4624926129.7
301381,赛维时代,常用指标,净利润,20201231,450880928.79
301381,赛维时代,常用指标,扣非净利润,20201231,437815900.0
301381,赛维时代,常用指标,股东权益合计(净资产),20201231,916936000.0
301381,赛维时代,常用指标,商誉,20201231,
301381,赛维时代,常用指标,经营现金流量净额,20201231,306424404.84
301381,赛维时代,常用指标,基本每股收益,20201231,1.2524
301381,赛维时代,常用指标,每股净资产,20201231,2.547044
301381,赛维时代,常用指标,每股现金流,20201231,0.851178
301381,赛维时代,常用指标,净资产收益率(ROE),20201231,65.08
301381,赛维时代,常用指标,总资产报酬率(ROA),20201231,40.844677
301381,赛维时代,常用指标,毛利率,20201231,66.820247
301381,赛维时代,常用指标,销售净利率,20201231,8.583285
301381,赛维时代,常用指标,期间费用率,20201231,54.817592
301381,赛维时代,常用指标,资产负债率,20201231,43.7803
301381,赛维时代,每股指标,基本每股收益,20201231,1.2524
301381,赛维时代,每股指标,稀释每股收益,20201231,1.2524
301381,赛维时代,每股指标,摊薄每股收益_最新股数,20201231,1.109219
301381,赛维时代,每股指标,摊薄每股净资产_期末股数,20201231,2.547044
301381,赛维时代,每股指标,调整每股净资产_期末股数,20201231,2.460368
301381,赛维时代,每股指标,每股净资产_最新股数,20201231,2.255768
301381,赛维时代,每股指标,每股经营现金流,20201231,0.851178
301381,赛维时代,每股指标,每股现金流量净额,20201231,0.503659
301381,赛维时代,每股指标,每股企业自由现金流量,20201231,-0.076772
301381,赛维时代,每股指标,每股股东自由现金流量,20201231,-0.305594
301381,赛维时代,每股指标,每股未分配利润,20201231,1.301318
301381,赛维时代,每股指标,每股资本公积金,20201231,0.256152
301381,赛维时代,每股指标,每股盈余公积金,20201231,0.003224
301381,赛维时代,每股指标,每股留存收益,20201231,1.304542
301381,赛维时代,每股指标,每股营业收入,20201231,14.591697
301381,赛维时代,每股指标,每股营业总收入,20201231,14.591697
301381,赛维时代,每股指标,每股息税前利润,20201231,1.4878
301381,赛维时代,盈利能力,净资产收益率(ROE),20201231,65.08
301381,赛维时代,盈利能力,摊薄净资产收益率,20201231,49.172565
301381,赛维时代,盈利能力,净资产收益率_平均,20201231,65.079862
301381,赛维时代,盈利能力,净资产收益率_平均_扣除非经常损益,20201231,63.194064
301381,赛维时代,盈利能力,摊薄净资产收益率_扣除非经常损益,20201231,47.747706
301381,赛维时代,盈利能力,息税前利润率,20201231,10.196211
301381,赛维时代,盈利能力,总资产报酬率,20201231,40.844677
301381,赛维时代,盈利能力,总资本回报率,20201231,71.500912
301381,赛维时代,盈利能力,投入资本回报率,20201231,60.796108
301381,赛维时代,盈利能力,息前税后总资产报酬率_平均,20201231,34.72959
301381,赛维时代,盈利能力,毛利率,20201231,66.820247
301381,赛维时代,盈利能力,销售净利率,20201231,8.583285
301381,赛维时代,盈利能力,成本费用利润率,20201231,11.488775
301381,赛维时代,盈利能力,营业利润率,20201231,10.164425
301381,赛维时代,盈利能力,总资产净利率_平均,20201231,34.383507
301381,赛维时代,盈利能力,总资产净利率_平均(含少数股东损益),20201231,34.383507
301381,赛维时代,成长能力,归母净利润,20201231,450880928.79
301381,赛维时代,成长能力,营业总收入,20201231,5253011000.45
301381,赛维时代,成长能力,净利润,20201231,450880928.79
301381,赛维时代,成长能力,扣非净利润,20201231,437815900.0
301381,赛维时代,成长能力,营业总收入增长率,20201231,82.473825
301381,赛维时代,成长能力,归属母公司净利润增长率,20201231,733.298453
301381,赛维时代,收益质量,经营活动净现金/销售收入,20201231,0.058333
301381,赛维时代,收益质量,经营性现金净流量/营业总收入,20201231,0.058333
301381,赛维时代,收益质量,成本费用率,20201231,87.997345
301381,赛维时代,收益质量,期间费用率,20201231,54.817592
301381,赛维时代,收益质量,销售成本率,20201231,33.179752
301381,赛维时代,收益质量,经营活动净现金/归属母公司的净利润,20201231,0.679612
301381,赛维时代,收益质量,所得税/利润总额,20201231,15.099503
301381,赛维时代,财务风险,流动比率,20201231,2.348641
301381,赛维时代,财务风险,速动比率,20201231,1.081104
301381,赛维时代,财务风险,保守速动比率,20201231,0.926037
301381,赛维时代,财务风险,资产负债率,20201231,43.7803
301381,赛维时代,财务风险,权益乘数,20201231,1.892763
301381,赛维时代,财务风险,权益乘数(含少数股权的净资产),20201231,1.778735
301381,赛维时代,财务风险,产权比率,20201231,77.873594
301381,赛维时代,财务风险,现金比率,20201231,0.534641
301381,赛维时代,营运能力,应收账款周转率,20201231,22.236965
301381,赛维时代,营运能力,应收账款周转天数,20201231,16.189259
301381,赛维时代,营运能力,存货周转率,20201231,2.645398
301381,赛维时代,营运能力,存货周转天数,20201231,136.085365
301381,赛维时代,营运能力,总资产周转率,20201231,4.005867
301381,赛维时代,营运能力,总资产周转天数,20201231,89.868166
301381,赛维时代,营运能力,流动资产周转率,20201231,4.194176
301381,赛维时代,营运能力,流动资产周转天数,20201231,85.833299
301381,赛维时代,营运能力,应付账款周转率,20201231,6.122928
301381,赛维时代,常用指标,归母净利润,20200930,376445300.0
301381,赛维时代,常用指标,营业总收入,20200930,
301381,赛维时代,常用指标,营业成本,20200930,
301381,赛维时代,常用指标,净利润,20200930,376445300.0
301381,赛维时代,常用指标,扣非净利润,20200930,371688000.0
301381,赛维时代,常用指标,股东权益合计(净资产),20200930,
301381,赛维时代,常用指标,商誉,20200930,
301381,赛维时代,常用指标,经营现金流量净额,20200930,225143500.0
301381,赛维时代,常用指标,基本每股收益,20200930,
301381,赛维时代,常用指标,每股净资产,20200930,
301381,赛维时代,常用指标,每股现金流,20200930,0.625398
301381,赛维时代,常用指标,净资产收益率(ROE),20200930,
301381,赛维时代,常用指标,总资产报酬率(ROA),20200930,
301381,赛维时代,常用指标,毛利率,20200930,
301381,赛维时代,常用指标,销售净利率,20200930,10.318005
301381,赛维时代,常用指标,期间费用率,20200930,
301381,赛维时代,常用指标,资产负债率,20200930,
301381,赛维时代,每股指标,基本每股收益,20200930,
301381,赛维时代,每股指标,稀释每股收益,20200930,
301381,赛维时代,每股指标,摊薄每股收益_最新股数,20200930,0.926099
301381,赛维时代,每股指标,摊薄每股净资产_期末股数,20200930,
301381,赛维时代,每股指标,调整每股净资产_期末股数,20200930,
301381,赛维时代,每股指标,每股净资产_最新股数,20200930,
301381,赛维时代,每股指标,每股经营现金流,20200930,0.625398
301381,赛维时代,每股指标,每股现金流量净额,20200930,
301381,赛维时代,每股指标,每股企业自由现金流量,20200930,
301381,赛维时代,每股指标,每股股东自由现金流量,20200930,
301381,赛维时代,每股指标,每股未分配利润,20200930,
301381,赛维时代,每股指标,每股资本公积金,20200930,
301381,赛维时代,每股指标,每股盈余公积金,20200930,
301381,赛维时代,每股指标,每股留存收益,20200930,
301381,赛维时代,每股指标,每股营业收入,20200930,10.13453
301381,赛维时代,每股指标,每股营业总收入,20200930,10.13453
301381,赛维时代,每股指标,每股息税前利润,20200930,
301381,赛维时代,盈利能力,净资产收益率(ROE),20200930,
301381,赛维时代,盈利能力,摊薄净资产收益率,20200930,
301381,赛维时代,盈利能力,净资产收益率_平均,20200930,
301381,赛维时代,盈利能力,净资产收益率_平均_扣除非经常损益,20200930,
301381,赛维时代,盈利能力,摊薄净资产收益率_扣除非经常损益,20200930,
301381,赛维时代,盈利能力,息税前利润率,20200930,
301381,赛维时代,盈利能力,总资产报酬率,20200930,
301381,赛维时代,盈利能力,总资本回报率,20200930,
301381,赛维时代,盈利能力,投入资本回报率,20200930,
301381,赛维时代,盈利能力,息前税后总资产报酬率_平均,20200930,
301381,赛维时代,盈利能力,毛利率,20200930,
301381,赛维时代,盈利能力,销售净利率,20200930,10.318005
301381,赛维时代,盈利能力,成本费用利润率,20200930,
301381,赛维时代,盈利能力,营业利润率,20200930,12.224757
301381,赛维时代,盈利能力,总资产净利率_平均,20200930,
301381,赛维时代,盈利能力,总资产净利率_平均(含少数股东损益),20200930,
301381,赛维时代,成长能力,归母净利润,20200930,376445300.0
301381,赛维时代,成长能力,营业总收入,20200930,
301381,赛维时代,成长能力,净利润,20200930,376445300.0
301381,赛维时代,成长能力,扣非净利润,20200930,371688000.0
301381,赛维时代,成长能力,营业总收入增长率,20200930,
301381,赛维时代,成长能力,归属母公司净利润增长率,20200930,
301381,赛维时代,收益质量,经营活动净现金/销售收入,20200930,0.061709
301381,赛维时代,收益质量,经营性现金净流量/营业总收入,20200930,0.061709
301381,赛维时代,收益质量,成本费用率,20200930,
301381,赛维时代,收益质量,期间费用率,20200930,
301381,赛维时代,收益质量,销售成本率,20200930,
301381,赛维时代,收益质量,经营活动净现金/归属母公司的净利润,20200930,0.598077
301381,赛维时代,收益质量,所得税/利润总额,20200930,
301381,赛维时代,财务风险,流动比率,20200930,
301381,赛维时代,财务风险,速动比率,20200930,
301381,赛维时代,财务风险,保守速动比率,20200930,
301381,赛维时代,财务风险,资产负债率,20200930,
301381,赛维时代,财务风险,权益乘数,20200930,
301381,赛维时代,财务风险,权益乘数(含少数股权的净资产),20200930,
301381,赛维时代,财务风险,产权比率,20200930,
301381,赛维时代,财务风险,现金比率,20200930,
301381,赛维时代,营运能力,应收账款周转率,20200930,
301381,赛维时代,营运能力,应收账款周转天数,20200930,
301381,赛维时代,营运能力,存货周转率,20200930,
301381,赛维时代,营运能力,存货周转天数,20200930,
301381,赛维时代,营运能力,总资产周转率,20200930,
301381,赛维时代,营运能力,总资产周转天数,20200930,
301381,赛维时代,营运能力,流动资产周转率,20200930,
301381,赛维时代,营运能力,流动资产周转天数,20200930,
301381,赛维时代,营运能力,应付账款周转率,20200930,
301381,赛维时代,常用指标,归母净利润,20200630,236039572.32
301381,赛维时代,常用指标,营业总收入,20200630,2291702215.48
301381,赛维时代,常用指标,营业成本,20200630,1966718836.0
301381,赛维时代,常用指标,净利润,20200630,236039572.32
301381,赛维时代,常用指标,扣非净利润,20200630,232004700.0
301381,赛维时代,常用指标,股东权益合计(净资产),20200630,705128834.38
301381,赛维时代,常用指标,商誉,20200630,
301381,赛维时代,常用指标,经营现金流量净额,20200630,208356177.38
301381,赛维时代,常用指标,基本每股收益,20200630,0.6557
301381,赛维时代,常用指标,每股净资产,20200630,1.958691
301381,赛维时代,常用指标,每股现金流,20200630,0.578767
301381,赛维时代,常用指标,净资产收益率(ROE),20200630,40.22
301381,赛维时代,常用指标,总资产报酬率(ROA),20200630,24.471204
301381,赛维时代,常用指标,毛利率,20200630,68.610529
301381,赛维时代,常用指标,销售净利率,20200630,10.299748
301381,赛维时代,常用指标,期间费用率,20200630,54.394274
301381,赛维时代,常用指标,资产负债率,20200630,46.102004
301381,赛维时代,每股指标,基本每股收益,20200630,0.6557
301381,赛维时代,每股指标,稀释每股收益,20200630,0.6557
301381,赛维时代,每股指标,摊薄每股收益_最新股数,20200630,0.580684
301381,赛维时代,每股指标,摊薄每股净资产_期末股数,20200630,1.958691
301381,赛维时代,每股指标,调整每股净资产_期末股数,20200630,1.873867
301381,赛维时代,每股指标,每股净资产_最新股数,20200630,1.734698
301381,赛维时代,每股指标,每股经营现金流,20200630,0.578767
301381,赛维时代,每股指标,每股现金流量净额,20200630,0.422634
301381,赛维时代,每股指标,每股企业自由现金流量,20200630,-0.035433
301381,赛维时代,每股指标,每股股东自由现金流量,20200630,-0.156904
301381,赛维时代,每股指标,每股未分配利润,20200630,0.704536
301381,赛维时代,每股指标,每股资本公积金,20200630,0.256152
301381,赛维时代,每股指标,每股盈余公积金,20200630,0.003224
301381,赛维时代,每股指标,每股留存收益,20200630,0.70776
301381,赛维时代,每股指标,每股营业收入,20200630,6.365839
301381,赛维时代,每股指标,每股营业总收入,20200630,6.365839
301381,赛维时代,每股指标,每股息税前利润,20200630,0.781697
301381,赛维时代,盈利能力,净资产收益率(ROE),20200630,40.22
301381,赛维时代,盈利能力,摊薄净资产收益率,20200630,33.474673
301381,赛维时代,盈利能力,净资产收益率_平均,20200630,40.217461
301381,赛维时代,盈利能力,净资产收益率_平均_扣除非经常损益,20200630,39.529982
301381,赛维时代,盈利能力,摊薄净资产收益率_扣除非经常损益,20200630,
301381,赛维时代,盈利能力,息税前利润率,20200630,12.279566
301381,赛维时代,盈利能力,总资产报酬率,20200630,24.471204
301381,赛维时代,盈利能力,总资本回报率,20200630,42.472557
301381,赛维时代,盈利能力,投入资本回报率,20200630,36.096932
301381,赛维时代,盈利能力,息前税后总资产报酬率_平均,20200630,20.797791
301381,赛维时代,盈利能力,毛利率,20200630,68.610529
301381,赛维时代,盈利能力,销售净利率,20200630,10.299748
301381,赛维时代,盈利能力,成本费用利润率,20200630,14.155426
301381,赛维时代,盈利能力,营业利润率,20200630,12.278182
301381,赛维时代,盈利能力,总资产净利率_平均,20200630,20.525745
301381,赛维时代,盈利能力,总资产净利率_平均(含少数股东损益),20200630,20.525745
301381,赛维时代,成长能力,归母净利润,20200630,236039572.32
301381,赛维时代,成长能力,营业总收入,20200630,2291702215.48
301381,赛维时代,成长能力,净利润,20200630,236039572.32
301381,赛维时代,成长能力,扣非净利润,20200630,232004700.0
301381,赛维时代,成长能力,营业总收入增长率,20200630,
301381,赛维时代,成长能力,归属母公司净利润增长率,20200630,
301381,赛维时代,收益质量,经营活动净现金/销售收入,20200630,0.090917
301381,赛维时代,收益质量,经营性现金净流量/营业总收入,20200630,0.090917
301381,赛维时代,收益质量,成本费用率,20200630,85.783744
301381,赛维时代,收益质量,期间费用率,20200630,54.394274
301381,赛维时代,收益质量,销售成本率,20200630,31.38947
301381,赛维时代,收益质量,经营活动净现金/归属母公司的净利润,20200630,0.882717
301381,赛维时代,收益质量,所得税/利润总额,20200630,15.179919
301381,赛维时代,财务风险,流动比率,20200630,2.172431
301381,赛维时代,财务风险,速动比率,20200630,1.315747
301381,赛维时代,财务风险,保守速动比率,20200630,1.208773
301381,赛维时代,财务风险,资产负债率,20200630,46.102004
301381,赛维时代,财务风险,权益乘数,20200630,1.959366
301381,赛维时代,财务风险,权益乘数(含少数股权的净资产),20200630,1.855356
301381,赛维时代,财务风险,产权比率,20200630,85.535658
301381,赛维时代,财务风险,现金比率,20200630,0.571309
301381,赛维时代,营运能力,应收账款周转率,20200630,7.914709
301381,赛维时代,营运能力,应收账款周转天数,20200630,22.742465
301381,赛维时代,营运能力,存货周转率,20200630,1.494031
301381,赛维时代,营运能力,存货周转天数,20200630,120.479372
301381,赛维时代,营运能力,总资产周转率,20200630,1.992839
301381,赛维时代,营运能力,总资产周转天数,20200630,90.323383
301381,赛维时代,营运能力,流动资产周转率,20200630,2.09599
301381,赛维时代,营运能力,流动资产周转天数,20200630,85.878248
301381,赛维时代,营运能力,应付账款周转率,20200630,2.398987
301381,赛维时代,常用指标,归母净利润,20191231,54107976.2
301381,赛维时代,常用指标,营业总收入,20191231,2878775073.9
301381,赛维时代,常用指标,营业成本,20191231,2784652775.82
301381,赛维时代,常用指标,净利润,20191231,54107976.2
301381,赛维时代,常用指标,扣非净利润,20191231,81734400.0
301381,赛维时代,常用指标,股东权益合计(净资产),20191231,468687525.84
301381,赛维时代,常用指标,商誉,20191231,
301381,赛维时代,常用指标,经营现金流量净额,20191231,65639221.14
301381,赛维时代,常用指标,基本每股收益,20191231,0.153
301381,赛维时代,常用指标,每股净资产,20191231,1.301909
301381,赛维时代,常用指标,每股现金流,20191231,0.182331
301381,赛维时代,常用指标,净资产收益率(ROE),20191231,15.18
301381,赛维时代,常用指标,总资产报酬率(ROA),20191231,7.959461
301381,赛维时代,常用指标,毛利率,20191231,66.214406
301381,赛维时代,常用指标,销售净利率,20191231,1.879548
301381,赛维时代,常用指标,期间费用率,20191231,62.904362
301381,赛维时代,常用指标,资产负债率,20191231,52.737609
301381,赛维时代,每股指标,基本每股收益,20191231,0.153
301381,赛维时代,每股指标,稀释每股收益,20191231,0.153
301381,赛维时代,每股指标,摊薄每股收益_最新股数,20191231,0.133111
301381,赛维时代,每股指标,摊薄每股净资产_期末股数,20191231,1.301909
301381,赛维时代,每股指标,调整每股净资产_期末股数,20191231,1.18398
301381,赛维时代,每股指标,每股净资产_最新股数,20191231,1.153025
301381,赛维时代,每股指标,每股经营现金流,20191231,0.182331
301381,赛维时代,每股指标,每股现金流量净额,20191231,0.170586
301381,赛维时代,每股指标,每股企业自由现金流量,20191231,-0.2359
301381,赛维时代,每股指标,每股股东自由现金流量,20191231,-0.215044
301381,赛维时代,每股指标,每股未分配利润,20191231,0.048871
301381,赛维时代,每股指标,每股资本公积金,20191231,0.256121
301381,赛维时代,每股指标,每股盈余公积金,20191231,0.003224
301381,赛维时代,每股指标,每股留存收益,20191231,0.052095
301381,赛维时代,每股指标,每股营业收入,20191231,7.996597
301381,赛维时代,每股指标,每股营业总收入,20191231,7.996597
301381,赛维时代,每股指标,每股息税前利润,20191231,0.193808
301381,赛维时代,盈利能力,净资产收益率(ROE),20191231,15.18
301381,赛维时代,盈利能力,摊薄净资产收益率,20191231,11.544573
301381,赛维时代,盈利能力,净资产收益率_平均,20191231,13.571409
301381,赛维时代,盈利能力,净资产收益率_平均_扣除非经常损益,20191231,20.500692
301381,赛维时代,盈利能力,摊薄净资产收益率_扣除非经常损益,20191231,17.438991
301381,赛维时代,盈利能力,息税前利润率,20191231,2.423634
301381,赛维时代,盈利能力,总资产报酬率,20191231,7.959461
301381,赛维时代,盈利能力,总资本回报率,20191231,14.169819
301381,赛维时代,盈利能力,投入资本回报率,20191231,12.628647
301381,赛维时代,盈利能力,息前税后总资产报酬率_平均,20191231,7.093754
301381,赛维时代,盈利能力,毛利率,20191231,66.214406
301381,赛维时代,盈利能力,销售净利率,20191231,1.879548
301381,赛维时代,盈利能力,成本费用利润率,20191231,2.216521
301381,赛维时代,盈利能力,营业利润率,20191231,2.195687
301381,赛维时代,盈利能力,总资产净利率_平均,20191231,6.172626
301381,赛维时代,盈利能力,总资产净利率_平均(含少数股东损益),20191231,6.172626
301381,赛维时代,成长能力,归母净利润,20191231,54107976.2
301381,赛维时代,成长能力,营业总收入,20191231,2878775073.9
301381,赛维时代,成长能力,净利润,20191231,54107976.2
301381,赛维时代,成长能力,扣非净利润,20191231,81734400.0
301381,赛维时代,成长能力,营业总收入增长率,20191231,28.222565
301381,赛维时代,成长能力,归属母公司净利润增长率,20191231,915.739125
301381,赛维时代,收益质量,经营活动净现金/销售收入,20191231,0.022801
301381,赛维时代,收益质量,经营性现金净流量/营业总收入,20191231,0.022801
301381,赛维时代,收益质量,成本费用率,20191231,96.689956
301381,赛维时代,收益质量,期间费用率,20191231,62.904362
301381,赛维时代,收益质量,销售成本率,20191231,33.785593
301381,赛维时代,收益质量,经营活动净现金/归属母公司的净利润,20191231,1.213115
301381,赛维时代,收益质量,所得税/利润总额,20191231,12.299875
301381,赛维时代,财务风险,流动比率,20191231,1.852366
301381,赛维时代,财务风险,速动比率,20191231,0.920891
301381,赛维时代,财务风险,保守速动比率,20191231,0.773099
301381,赛维时代,财务风险,资产负债率,20191231,52.737609
301381,赛维时代,财务风险,权益乘数,20191231,2.198644
301381,赛维时代,财务风险,权益乘数(含少数股权的净资产),20191231,2.115847
301381,赛维时代,财务风险,产权比率,20191231,111.584725
301381,赛维时代,财务风险,现金比率,20191231,0.354515
301381,赛维时代,营运能力,应收账款周转率,20191231,16.15468
301381,赛维时代,营运能力,应收账款周转天数,20191231,22.284562
301381,赛维时代,营运能力,存货周转率,20191231,2.256879
301381,赛维时代,营运能力,存货周转天数,20191231,159.512298
301381,赛维时代,营运能力,总资产周转率,20191231,3.2841
301381,赛维时代,营运能力,总资产周转天数,20191231,109.619049
301381,赛维时代,营运能力,流动资产周转率,20191231,3.553076
301381,赛维时代,营运能力,流动资产周转天数,20191231,101.320641
301381,赛维时代,营运能力,应付账款周转率,20191231,4.6625
301381,赛维时代,常用指标,归母净利润,20181231,-6633000.0
301381,赛维时代,常用指标,营业总收入,20181231,2245139200.0
301381,赛维时代,常用指标,营业成本,20181231,2245054200.0
301381,赛维时代,常用指标,净利润,20181231,-6633000.0
301381,赛维时代,常用指标,扣非净利润,20181231,-11961300.0
301381,赛维时代,常用指标,股东权益合计(净资产),20181231,328694300.0
301381,赛维时代,常用指标,商誉,20181231,
301381,赛维时代,常用指标,经营现金流量净额,20181231,82110100.0
301381,赛维时代,常用指标,基本每股收益,20181231,-0.02
301381,赛维时代,常用指标,每股净资产,20181231,3.69818
301381,赛维时代,常用指标,每股现金流,20181231,0.923831
301381,赛维时代,常用指标,净资产收益率(ROE),20181231,-2.01
301381,赛维时代,常用指标,总资产报酬率(ROA),20181231,-0.443388
301381,赛维时代,常用指标,毛利率,20181231,65.574762
301381,赛维时代,常用指标,销售净利率,20181231,-0.295438
301381,赛维时代,常用指标,期间费用率,20181231,65.522409
301381,赛维时代,常用指标,资产负债率,20181231,56.835239
301381,赛维时代,每股指标,基本每股收益,20181231,-0.02
301381,赛维时代,每股指标,稀释每股收益,20181231,-0.02
301381,赛维时代,每股指标,摊薄每股收益_最新股数,20181231,-0.016317
301381,赛维时代,每股指标,摊薄每股净资产_期末股数,20181231,3.69818
301381,赛维时代,每股指标,调整每股净资产_期末股数,20181231,3.205741
301381,赛维时代,每股指标,每股净资产_最新股数,20181231,0.808626
301381,赛维时代,每股指标,每股经营现金流,20181231,0.923831
301381,赛维时代,每股指标,每股现金流量净额,20181231,0.503452
301381,赛维时代,每股指标,每股企业自由现金流量,20181231,
301381,赛维时代,每股指标,每股股东自由现金流量,20181231,
301381,赛维时代,每股指标,每股未分配利润,20181231,-0.410828
301381,赛维时代,每股指标,每股资本公积金,20181231,3.108049
301381,赛维时代,每股指标,每股盈余公积金,20181231,0.01306
301381,赛维时代,每股指标,每股留存收益,20181231,-0.397767
301381,赛维时代,每股指标,每股营业收入,20181231,25.260342
301381,赛维时代,每股指标,每股营业总收入,20181231,25.260342
301381,赛维时代,每股指标,每股息税前利润,20181231,-0.0394
301381,赛维时代,盈利能力,净资产收益率(ROE),20181231,-2.01
301381,赛维时代,盈利能力,摊薄净资产收益率,20181231,-2.017984
301381,赛维时代,盈利能力,净资产收益率_平均,20181231,-2.005113
301381,赛维时代,盈利能力,净资产收益率_平均_扣除非经常损益,20181231,-3.615823
301381,赛维时代,盈利能力,摊薄净资产收益率_扣除非经常损益,20181231,
301381,赛维时代,盈利能力,息税前利润率,20181231,-0.155976
301381,赛维时代,盈利能力,总资产报酬率,20181231,-0.443388
301381,赛维时代,盈利能力,总资本回报率,20181231,-0.809429
301381,赛维时代,盈利能力,投入资本回报率,20181231,0.484376
301381,赛维时代,盈利能力,息前税后总资产报酬率_平均,20181231,0.265331
301381,赛维时代,盈利能力,毛利率,20181231,65.574762
301381,赛维时代,盈利能力,销售净利率,20181231,-0.295438
301381,赛维时代,盈利能力,成本费用利润率,20181231,-0.545039
301381,赛维时代,盈利能力,营业利润率,20181231,-0.510921
301381,赛维时代,盈利能力,总资产净利率_平均,20181231,-0.839828
301381,赛维时代,盈利能力,总资产净利率_平均(含少数股东损益),20181231,-0.839828
301381,赛维时代,成长能力,归母净利润,20181231,-6633000.0
301381,赛维时代,成长能力,营业总收入,20181231,2245139200.0
301381,赛维时代,成长能力,净利润,20181231,-6633000.0
301381,赛维时代,成长能力,扣非净利润,20181231,-11961300.0
301381,赛维时代,成长能力,营业总收入增长率,20181231,15.192667
301381,赛维时代,成长能力,归属母公司净利润增长率,20181231,89.947359
301381,赛维时代,收益质量,经营活动净现金/销售收入,20181231,0.036572
301381,赛维时代,收益质量,经营性现金净流量/营业总收入,20181231,0.036572
301381,赛维时代,收益质量,成本费用率,20181231,99.947646
301381,赛维时代,收益质量,期间费用率,20181231,65.522409
301381,赛维时代,收益质量,销售成本率,20181231,34.425237
301381,赛维时代,收益质量,经营活动净现金/归属母公司的净利润,20181231,
301381,赛维时代,收益质量,所得税/利润总额,20181231,
301381,赛维时代,财务风险,流动比率,20181231,1.65496
301381,赛维时代,财务风险,速动比率,20181231,0.710372
301381,赛维时代,财务风险,保守速动比率,20181231,0.602498
301381,赛维时代,财务风险,资产负债率,20181231,56.835239
301381,赛维时代,财务风险,权益乘数,20181231,2.387525
301381,赛维时代,财务风险,权益乘数(含少数股权的净资产),20181231,2.316704
301381,赛维时代,财务风险,产权比率,20181231,131.67046
301381,赛维时代,财务风险,现金比率,20181231,0.251863
301381,赛维时代,营运能力,应收账款周转率,20181231,15.911649
301381,赛维时代,营运能力,应收账款周转天数,20181231,22.624933
301381,赛维时代,营运能力,存货周转率,20181231,1.720584
301381,赛维时代,营运能力,存货周转天数,20181231,209.231206
301381,赛维时代,营运能力,总资产周转率,20181231,2.842654
301381,赛维时代,营运能力,总资产周转天数,20181231,126.642194
301381,赛维时代,营运能力,流动资产周转率,20181231,3.097619
301381,赛维时代,营运能力,流动资产周转天数,20181231,116.21827
301381,赛维时代,营运能力,应付账款周转率,20181231,3.316855
301381,赛维时代,常用指标,归母净利润,20171231,-65982663.56
301381,赛维时代,常用指标,营业总收入,20171231,1949029607.82
301381,赛维时代,常用指标,营业成本,20171231,1961424273.23
301381,赛维时代,常用指标,净利润,20171231,-65982663.56
301381,赛维时代,常用指标,扣非净利润,20171231,-69783900.0
301381,赛维时代,常用指标,股东权益合计(净资产),20171231,332914260.62
301381,赛维时代,常用指标,商誉,20171231,
301381,赛维时代,常用指标,经营现金流量净额,20171231,-297956658.19
301381,赛维时代,常用指标,基本每股收益,20171231,-0.1981
301381,赛维时代,常用指标,每股净资产,20171231,3.745659
301381,赛维时代,常用指标,每股现金流,20171231,-3.352347
301381,赛维时代,常用指标,净资产收益率(ROE),20171231,-28.08
301381,赛维时代,常用指标,总资产报酬率(ROA),20171231,-12.00776
301381,赛维时代,常用指标,毛利率,20171231,61.527369
301381,赛维时代,常用指标,销售净利率,20171231,-3.385411
301381,赛维时代,常用指标,期间费用率,20171231,62.151571
301381,赛维时代,常用指标,资产负债率,20171231,59.307401
301381,赛维时代,每股指标,基本每股收益,20171231,-0.1981
301381,赛维时代,每股指标,稀释每股收益,20171231,-0.1981
301381,赛维时代,每股指标,摊薄每股收益_最新股数,20171231,-0.162324
301381,赛维时代,每股指标,摊薄每股净资产_期末股数,20171231,3.745659
301381,赛维时代,每股指标,调整每股净资产_期末股数,20171231,3.359841
301381,赛维时代,每股指标,每股净资产_最新股数,20171231,0.819007
301381,赛维时代,每股指标,每股经营现金流,20171231,-3.352347
301381,赛维时代,每股指标,每股现金流量净额,20171231,0.146189
301381,赛维时代,每股指标,每股企业自由现金流量,20171231,-2.256671
301381,赛维时代,每股指标,每股股东自由现金流量,20171231,-1.088804
301381,赛维时代,每股指标,每股未分配利润,20171231,-0.331229
301381,赛维时代,每股指标,每股资本公积金,20171231,3.074412
301381,赛维时代,每股指标,每股盈余公积金,20171231,0.00809
301381,赛维时代,每股指标,每股留存收益,20171231,-0.323138
301381,赛维时代,每股指标,每股营业收入,20171231,21.928775
301381,赛维时代,每股指标,每股营业总收入,20171231,21.928775
301381,赛维时代,每股指标,每股息税前利润,20171231,-0.854837
301381,赛维时代,盈利能力,净资产收益率(ROE),20171231,-28.08
301381,赛维时代,盈利能力,摊薄净资产收益率,20171231,-19.819716
301381,赛维时代,盈利能力,净资产收益率_平均,20171231,-25.836857
301381,赛维时代,盈利能力,净资产收益率_平均_扣除非经常损益,20171231,-27.325308
301381,赛维时代,盈利能力,摊薄净资产收益率_扣除非经常损益,20171231,
301381,赛维时代,盈利能力,息税前利润率,20171231,-3.898246
301381,赛维时代,盈利能力,总资产报酬率,20171231,-12.00776
301381,赛维时代,盈利能力,总资本回报率,20171231,-23.946519
301381,赛维时代,盈利能力,投入资本回报率,20171231,-18.760705
301381,赛维时代,盈利能力,息前税后总资产报酬率_平均,20171231,-9.407382
301381,赛维时代,盈利能力,毛利率,20171231,61.527369
301381,赛维时代,盈利能力,销售净利率,20171231,-3.385411
301381,赛维时代,盈利能力,成本费用利润率,20171231,-4.20337
301381,赛维时代,盈利能力,营业利润率,20171231,-3.896209
301381,赛维时代,盈利能力,总资产净利率_平均,20171231,-10.428074
301381,赛维时代,盈利能力,总资产净利率_平均(含少数股东损益),20171231,-10.428074
301381,赛维时代,成长能力,归母净利润,20171231,-65982663.56
301381,赛维时代,成长能力,营业总收入,20171231,1949029607.82
301381,赛维时代,成长能力,净利润,20171231,-65982663.56
301381,赛维时代,成长能力,扣非净利润,20171231,-69783900.0
301381,赛维时代,成长能力,营业总收入增长率,20171231,31.684529
301381,赛维时代,成长能力,归属母公司净利润增长率,20171231,-270.18099
301381,赛维时代,收益质量,经营活动净现金/销售收入,20171231,-0.152874
301381,赛维时代,收益质量,经营性现金净流量/营业总收入,20171231,-0.152874
301381,赛维时代,收益质量,成本费用率,20171231,100.624202
301381,赛维时代,收益质量,期间费用率,20171231,62.151571
301381,赛维时代,收益质量,销售成本率,20171231,38.47263
301381,赛维时代,收益质量,经营活动净现金/归属母公司的净利润,20171231,
301381,赛维时代,收益质量,所得税/利润总额,20171231,
301381,赛维时代,财务风险,流动比率,20171231,1.632158
301381,赛维时代,财务风险,速动比率,20171231,0.547335
301381,赛维时代,财务风险,保守速动比率,20171231,0.409151
301381,赛维时代,财务风险,资产负债率,20171231,59.307401
301381,赛维时代,财务风险,权益乘数,20171231,2.477624
301381,赛维时代,财务风险,权益乘数(含少数股权的净资产),20171231,2.457449
301381,赛维时代,财务风险,产权比率,20171231,145.744933
301381,赛维时代,财务风险,现金比率,20171231,0.117112
301381,赛维时代,营运能力,应收账款周转率,20171231,16.109848
301381,赛维时代,营运能力,应收账款周转天数,20171231,22.346578
301381,赛维时代,营运能力,存货周转率,20171231,2.002899
301381,赛维时代,营运能力,存货周转天数,20171231,179.739415
301381,赛维时代,营运能力,总资产周转率,20171231,3.080297
301381,赛维时代,营运能力,总资产周转天数,20171231,116.871815
301381,赛维时代,营运能力,流动资产周转率,20171231,3.289322
301381,赛维时代,营运能力,流动资产周转天数,20171231,109.445029
301381,赛维时代,营运能力,应付账款周转率,20171231,5.392862
301381,赛维时代,常用指标,归母净利润,20170630,16829025.37
301381,赛维时代,常用指标,营业总收入,20170630,849321088.66
301381,赛维时代,常用指标,营业成本,20170630,834533118.42
301381,赛维时代,常用指标,净利润,20170630,16829025.37
301381,赛维时代,常用指标,扣非净利润,20170630,13010728.35
301381,赛维时代,常用指标,股东权益合计(净资产),20170630,196726847.01
301381,赛维时代,常用指标,商誉,20170630,
301381,赛维时代,常用指标,经营现金流量净额,20170630,-13117580.85
301381,赛维时代,常用指标,基本每股收益,20170630,0.21
301381,赛维时代,常用指标,每股净资产,20170630,2.459085
301381,赛维时代,常用指标,每股现金流,20170630,-0.163969
301381,赛维时代,常用指标,净资产收益率(ROE),20170630,9.04
301381,赛维时代,常用指标,总资产报酬率(ROA),20170630,4.133542
301381,赛维时代,常用指标,毛利率,20170630,63.228724
301381,赛维时代,常用指标,销售净利率,20170630,1.981467
301381,赛维时代,常用指标,期间费用率,20170630,61.316948
301381,赛维时代,常用指标,资产负债率,20170630,69.43898
301381,赛维时代,每股指标,基本每股收益,20170630,0.21
301381,赛维时代,每股指标,稀释每股收益,20170630,0.21
301381,赛维时代,每股指标,摊薄每股收益_最新股数,20170630,0.041401
301381,赛维时代,每股指标,摊薄每股净资产_期末股数,20170630,2.459085
301381,赛维时代,每股指标,调整每股净资产_期末股数,20170630,2.304694
301381,赛维时代,每股指标,每股净资产_最新股数,20170630,0.48397
301381,赛维时代,每股指标,每股经营现金流,20170630,-0.163969
301381,赛维时代,每股指标,每股现金流量净额,20170630,0.173245
301381,赛维时代,每股指标,每股企业自由现金流量,20170630,0.056744
301381,赛维时代,每股指标,每股股东自由现金流量,20170630,0.475494
301381,赛维时代,每股指标,每股未分配利润,20170630,0.718648
301381,赛维时代,每股指标,每股资本公积金,20170630,0.738199
301381,赛维时代,每股指标,每股盈余公积金,20170630,0.006046
301381,赛维时代,每股指标,每股留存收益,20170630,0.724695
301381,赛维时代,每股指标,每股营业收入,20170630,10.616513
301381,赛维时代,每股指标,每股营业总收入,20170630,10.616513
301381,赛维时代,每股指标,每股息税前利润,20170630,0.281876
301381,赛维时代,盈利能力,净资产收益率(ROE),20170630,9.04
301381,赛维时代,盈利能力,摊薄净资产收益率,20170630,8.554513
301381,赛维时代,盈利能力,净资产收益率_平均,20170630,8.985629
301381,赛维时代,盈利能力,净资产收益率_平均_扣除非经常损益,20170630,6.946901
301381,赛维时代,盈利能力,摊薄净资产收益率_扣除非经常损益,20170630,6.6136
301381,赛维时代,盈利能力,息税前利润率,20170630,2.655075
301381,赛维时代,盈利能力,总资产报酬率,20170630,4.133542
301381,赛维时代,盈利能力,总资本回报率,20170630,10.535556
301381,赛维时代,盈利能力,投入资本回报率,20170630,9.19045
301381,赛维时代,盈利能力,息前税后总资产报酬率_平均,20170630,3.6058
301381,赛维时代,盈利能力,毛利率,20170630,63.228724
301381,赛维时代,盈利能力,销售净利率,20170630,1.981467
301381,赛维时代,盈利能力,成本费用利润率,20170630,2.365676
301381,赛维时代,盈利能力,营业利润率,20170630,2.148347
301381,赛维时代,盈利能力,总资产净利率_平均,20170630,3.084839
301381,赛维时代,盈利能力,总资产净利率_平均(含少数股东损益),20170630,3.084839
301381,赛维时代,成长能力,归母净利润,20170630,16829025.37
301381,赛维时代,成长能力,营业总收入,20170630,849321088.66
301381,赛维时代,成长能力,净利润,20170630,16829025.37
301381,赛维时代,成长能力,扣非净利润,20170630,13010728.35
301381,赛维时代,成长能力,营业总收入增长率,20170630,
301381,赛维时代,成长能力,归属母公司净利润增长率,20170630,
301381,赛维时代,收益质量,经营活动净现金/销售收入,20170630,-0.015444
301381,赛维时代,收益质量,经营性现金净流量/营业总收入,20170630,-0.015444
301381,赛维时代,收益质量,成本费用率,20170630,98.088224
301381,赛维时代,收益质量,期间费用率,20170630,61.316948
301381,赛维时代,收益质量,销售成本率,20170630,36.771275
301381,赛维时代,收益质量,经营活动净现金/归属母公司的净利润,20170630,-0.779461
301381,赛维时代,收益质量,所得税/利润总额,20170630,14.608445
301381,赛维时代,财务风险,流动比率,20170630,1.402004
301381,赛维时代,财务风险,速动比率,20170630,0.555499
301381,赛维时代,财务风险,保守速动比率,20170630,0.39023
301381,赛维时代,财务风险,资产负债率,20170630,69.43898
301381,赛维时代,财务风险,权益乘数,20170630,2.912835
301381,赛维时代,财务风险,权益乘数(含少数股权的净资产),20170630,3.272142
301381,赛维时代,财务风险,产权比率,20170630,227.214218
301381,赛维时代,财务风险,现金比率,20170630,0.11401
301381,赛维时代,营运能力,应收账款周转率,20170630,7.437141
301381,赛维时代,营运能力,应收账款周转天数,20170630,24.202847
301381,赛维时代,营运能力,存货周转率,20170630,1.008776
301381,赛维时代,营运能力,存货周转天数,20170630,178.433997
301381,赛维时代,营运能力,总资产周转率,20170630,1.556845
301381,赛维时代,营运能力,总资产周转天数,20170630,115.618417
301381,赛维时代,营运能力,流动资产周转率,20170630,1.622806
301381,赛维时代,营运能力,流动资产周转天数,20170630,110.918955
301381,赛维时代,营运能力,应付账款周转率,20170630,2.144529
301381,赛维时代,常用指标,归母净利润,20161231,38772052.83
301381,赛维时代,常用指标,营业总收入,20161231,1480074856.46
301381,赛维时代,常用指标,营业成本,20161231,1439587907.51
301381,赛维时代,常用指标,净利润,20161231,38772052.83
301381,赛维时代,常用指标,扣非净利润,20161231,35634473.11
301381,赛维时代,常用指标,股东权益合计(净资产),20161231,177849593.19
301381,赛维时代,常用指标,商誉,20161231,
301381,赛维时代,常用指标,经营现金流量净额,20161231,12316523.42
301381,赛维时代,常用指标,基本每股收益,20161231,0.48
301381,赛维时代,常用指标,每股净资产,20161231,2.223119
301381,赛维时代,常用指标,每股现金流,20161231,0.153956
301381,赛维时代,常用指标,净资产收益率(ROE),20161231,24.76
301381,赛维时代,常用指标,总资产报酬率(ROA),20161231,12.674315
301381,赛维时代,常用指标,毛利率,20161231,60.998984
301381,赛维时代,常用指标,销售净利率,20161231,2.6196
301381,赛维时代,常用指标,期间费用率,20161231,58.129575
301381,赛维时代,常用指标,资产负债率,20161231,60.244755
301381,赛维时代,每股指标,基本每股收益,20161231,0.48
301381,赛维时代,每股指标,稀释每股收益,20161231,0.48
301381,赛维时代,每股指标,摊薄每股收益_最新股数,20161231,0.095383
301381,赛维时代,每股指标,摊薄每股净资产_期末股数,20161231,2.223119
301381,赛维时代,每股指标,调整每股净资产_期末股数,20161231,2.122656
301381,赛维时代,每股指标,每股净资产_最新股数,20161231,0.43753
301381,赛维时代,每股指标,每股经营现金流,20161231,0.153956
301381,赛维时代,每股指标,每股现金流量净额,20161231,0.130429
301381,赛维时代,每股指标,每股企业自由现金流量,20161231,-0.012774
301381,赛维时代,每股指标,每股股东自由现金流量,20161231,0.112225
301381,赛维时代,每股指标,每股未分配利润,20161231,0.512256
301381,赛维时代,每股指标,每股资本公积金,20161231,0.712416
301381,赛维时代,每股指标,每股盈余公积金,20161231,0.002076
301381,赛维时代,每股指标,每股留存收益,20161231,0.514332
301381,赛维时代,每股指标,每股营业收入,20161231,18.500935
301381,赛维时代,每股指标,每股营业总收入,20161231,18.500935
301381,赛维时代,每股指标,每股息税前利润,20161231,0.620544
301381,赛维时代,盈利能力,净资产收益率(ROE),20161231,24.76
301381,赛维时代,盈利能力,摊薄净资产收益率,20161231,21.800473
301381,赛维时代,盈利能力,净资产收益率_平均,20161231,24.793965
301381,赛维时代,盈利能力,净资产收益率_平均_扣除非经常损益,20161231,22.787544
301381,赛维时代,盈利能力,摊薄净资产收益率_扣除非经常损益,20161231,20.036297
301381,赛维时代,盈利能力,息税前利润率,20161231,3.354123
301381,赛维时代,盈利能力,总资产报酬率,20161231,12.674315
301381,赛维时代,盈利能力,总资本回报率,20161231,30.762466
301381,赛维时代,盈利能力,投入资本回报率,20161231,26.966994
301381,赛维时代,盈利能力,息前税后总资产报酬率_平均,20161231,11.110558
301381,赛维时代,盈利能力,毛利率,20161231,60.998984
301381,赛维时代,盈利能力,销售净利率,20161231,2.6196
301381,赛维时代,盈利能力,成本费用利润率,20161231,3.123045
301381,赛维时代,盈利能力,营业利润率,20161231,2.735466
301381,赛维时代,盈利能力,总资产净利率_平均,20161231,9.898754
301381,赛维时代,盈利能力,总资产净利率_平均(含少数股东损益),20161231,9.898754
301381,赛维时代,成长能力,归母净利润,20161231,38772052.83
301381,赛维时代,成长能力,营业总收入,20161231,1480074856.46
301381,赛维时代,成长能力,净利润,20161231,38772052.83
301381,赛维时代,成长能力,扣非净利润,20161231,35634473.11
301381,赛维时代,成长能力,营业总收入增长率,20161231,140.958928
301381,赛维时代,成长能力,归属母公司净利润增长率,20161231,104.534936
301381,赛维时代,收益质量,经营活动净现金/销售收入,20161231,0.008321
301381,赛维时代,收益质量,经营性现金净流量/营业总收入,20161231,0.008321
301381,赛维时代,收益质量,成本费用率,20161231,97.130591
301381,赛维时代,收益质量,期间费用率,20161231,58.129575
301381,赛维时代,收益质量,销售成本率,20161231,39.001015
301381,赛维时代,收益质量,经营活动净现金/归属母公司的净利润,20161231,0.317664
301381,赛维时代,收益质量,所得税/利润总额,20161231,13.642356
301381,赛维时代,财务风险,流动比率,20161231,1.622782
301381,赛维时代,财务风险,速动比率,20161231,0.691525
301381,赛维时代,财务风险,保守速动比率,20161231,0.539394
301381,赛维时代,财务风险,资产负债率,20161231,60.244755
301381,赛维时代,财务风险,权益乘数,20161231,2.504755
301381,赛维时代,财务风险,权益乘数(含少数股权的净资产),20161231,2.515391
301381,赛维时代,财务风险,产权比率,20161231,151.539142
301381,赛维时代,财务风险,现金比率,20161231,0.135693
301381,赛维时代,营运能力,应收账款周转率,20161231,15.708479
301381,赛维时代,营运能力,应收账款周转天数,20161231,22.917558
301381,赛维时代,营运能力,存货周转率,20161231,2.660597
301381,赛维时代,营运能力,存货周转天数,20161231,135.307958
301381,赛维时代,营运能力,总资产周转率,20161231,3.778726
301381,赛维时代,营运能力,总资产周转天数,20161231,95.270192
301381,赛维时代,营运能力,流动资产周转率,20161231,3.901816
301381,赛维时代,营运能力,流动资产周转天数,20161231,92.264719
301381,赛维时代,营运能力,应付账款周转率,20161231,4.010432
301381,赛维时代,常用指标,归母净利润,20160331,13904797.8
301381,赛维时代,常用指标,营业总收入,20160331,366536482.89
301381,赛维时代,常用指标,营业成本,20160331,348846104.16
301381,赛维时代,常用指标,净利润,20160331,13904797.8
301381,赛维时代,常用指标,扣非净利润,20160331,13942500.0
301381,赛维时代,常用指标,股东权益合计(净资产),20160331,149670724.8
301381,赛维时代,常用指标,商誉,20160331,
301381,赛维时代,常用指标,经营现金流量净额,20160331,9474728.05
301381,赛维时代,常用指标,基本每股收益,20160331,1.3
301381,赛维时代,常用指标,每股净资产,20160331,13.962421
301381,赛维时代,常用指标,每股现金流,20160331,0.883874
301381,赛维时代,常用指标,净资产收益率(ROE),20160331,9.77
301381,赛维时代,常用指标,总资产报酬率(ROA),20160331,5.093469
301381,赛维时代,常用指标,毛利率,20160331,61.07815
301381,赛维时代,常用指标,销售净利率,20160331,3.793564
301381,赛维时代,常用指标,期间费用率,20160331,56.268051
301381,赛维时代,常用指标,资产负债率,20160331,62.455074
301381,赛维时代,每股指标,基本每股收益,20160331,1.3
301381,赛维时代,每股指标,稀释每股收益,20160331,1.3
301381,赛维时代,每股指标,摊薄每股收益_最新股数,20160331,0.034207
301381,赛维时代,每股指标,摊薄每股净资产_期末股数,20160331,13.962421
301381,赛维时代,每股指标,调整每股净资产_期末股数,20160331,13.722111
301381,赛维时代,每股指标,每股净资产_最新股数,20160331,0.368207
301381,赛维时代,每股指标,每股经营现金流,20160331,0.883874
301381,赛维时代,每股指标,每股现金流量净额,20160331,0.847924
301381,赛维时代,每股指标,每股企业自由现金流量,20160331,0.022594
301381,赛维时代,每股指标,每股股东自由现金流量,20160331,0.022594
301381,赛维时代,每股指标,每股未分配利润,20160331,1.203812
301381,赛维时代,每股指标,每股资本公积金,20160331,11.766743
301381,赛维时代,每股指标,每股盈余公积金,20160331,
301381,赛维时代,每股指标,每股留存收益,20160331,1.203812
301381,赛维时代,每股指标,每股营业收入,20160331,34.193306
301381,赛维时代,每股指标,每股营业总收入,20160331,34.193306
301381,赛维时代,每股指标,每股息税前利润,20160331,1.745385
301381,赛维时代,盈利能力,净资产收益率(ROE),20160331,9.77
301381,赛维时代,盈利能力,摊薄净资产收益率,20160331,9.290258
301381,赛维时代,盈利能力,净资产收益率_平均,20160331,9.772322
301381,赛维时代,盈利能力,净资产收益率_平均_扣除非经常损益,20160331,9.79882
301381,赛维时代,盈利能力,摊薄净资产收益率_扣除非经常损益,20160331,9.31548
301381,赛维时代,盈利能力,息税前利润率,20160331,5.104464
301381,赛维时代,盈利能力,总资产报酬率,20160331,5.093469
301381,赛维时代,盈利能力,总资本回报率,20160331,13.149235
301381,赛维时代,盈利能力,投入资本回报率,20160331,10.503321
301381,赛维时代,盈利能力,息前税后总资产报酬率_平均,20160331,4.068552
301381,赛维时代,盈利能力,毛利率,20160331,61.07815
301381,赛维时代,盈利能力,销售净利率,20160331,3.793564
301381,赛维时代,盈利能力,成本费用利润率,20160331,5.064291
301381,赛维时代,盈利能力,营业利润率,20160331,4.826362
301381,赛维时代,盈利能力,总资产净利率_平均,20160331,3.785393
301381,赛维时代,盈利能力,总资产净利率_平均(含少数股东损益),20160331,3.785393
301381,赛维时代,成长能力,归母净利润,20160331,13904797.8
301381,赛维时代,成长能力,营业总收入,20160331,366536482.89
301381,赛维时代,成长能力,净利润,20160331,13904797.8
301381,赛维时代,成长能力,扣非净利润,20160331,13942500.0
301381,赛维时代,成长能力,营业总收入增长率,20160331,
301381,赛维时代,成长能力,归属母公司净利润增长率,20160331,
301381,赛维时代,收益质量,经营活动净现金/销售收入,20160331,0.025849
301381,赛维时代,收益质量,经营性现金净流量/营业总收入,20160331,0.025849
301381,赛维时代,收益质量,成本费用率,20160331,95.1899
301381,赛维时代,收益质量,期间费用率,20160331,56.268051
301381,赛维时代,收益质量,销售成本率,20160331,38.921849
301381,赛维时代,收益质量,经营活动净现金/归属母公司的净利润,20160331,0.681399
301381,赛维时代,收益质量,所得税/利润总额,20160331,21.306679
301381,赛维时代,财务风险,流动比率,20160331,1.575327
301381,赛维时代,财务风险,速动比率,20160331,0.669427
301381,赛维时代,财务风险,保守速动比率,20160331,0.49277
301381,赛维时代,财务风险,资产负债率,20160331,62.455074
301381,赛维时代,财务风险,权益乘数,20160331,2.581586
301381,赛维时代,财务风险,权益乘数(含少数股权的净资产),20160331,2.663475
301381,赛维时代,财务风险,产权比率,20160331,166.347581
301381,赛维时代,财务风险,现金比率,20160331,0.15246
301381,赛维时代,营运能力,应收账款周转率,20160331,4.407193
301381,赛维时代,营运能力,应收账款周转天数,20160331,20.421157
301381,赛维时代,营运能力,存货周转率,20160331,0.690974
301381,赛维时代,营运能力,存货周转天数,20160331,130.250879
301381,赛维时代,营运能力,总资产周转率,20160331,0.997846
301381,赛维时代,营运能力,总资产周转天数,20160331,90.194267
301381,赛维时代,营运能力,流动资产周转率,20160331,1.016359
301381,赛维时代,营运能力,流动资产周转天数,20160331,88.551383
301381,赛维时代,营运能力,应付账款周转率,20160331,1.222182
301381,赛维时代,常用指标,归母净利润,20151231,18956200.63
301381,赛维时代,常用指标,营业总收入,20151231,614243623.89
301381,赛维时代,常用指标,营业成本,20151231,589726050.87
301381,赛维时代,常用指标,净利润,20151231,18956200.63
301381,赛维时代,常用指标,扣非净利润,20151231,18728300.0
301381,赛维时代,常用指标,股东权益合计(净资产),20151231,134904355.95
301381,赛维时代,常用指标,商誉,20151231,
301381,赛维时代,常用指标,经营现金流量净额,20151231,-104690969.39
301381,赛维时代,常用指标,基本每股收益,20151231,1.77
301381,赛维时代,常用指标,每股净资产,20151231,12.584902
301381,赛维时代,常用指标,每股现金流,20151231,-9.766368
301381,赛维时代,常用指标,净资产收益率(ROE),20151231,231.37
301381,赛维时代,常用指标,总资产报酬率(ROA),20151231,15.762833
301381,赛维时代,常用指标,毛利率,20151231,61.43964
301381,赛维时代,常用指标,销售净利率,20151231,3.086104
301381,赛维时代,常用指标,期间费用率,20151231,57.26862
301381,赛维时代,常用指标,资产负债率,20151231,59.851204
301381,赛维时代,每股指标,基本每股收益,20151231,1.77
301381,赛维时代,每股指标,稀释每股收益,20151231,1.77
301381,赛维时代,每股指标,摊薄每股收益_最新股数,20151231,0.046634
301381,赛维时代,每股指标,摊薄每股净资产_期末股数,20151231,12.584902
301381,赛维时代,每股指标,调整每股净资产_期末股数,20151231,12.391015
301381,赛维时代,每股指标,每股净资产_最新股数,20151231,0.33188
301381,赛维时代,每股指标,每股经营现金流,20151231,-9.766368
301381,赛维时代,每股指标,每股现金流量净额,20151231,1.722089
301381,赛维时代,每股指标,每股企业自由现金流量,20151231,-12.188541
301381,赛维时代,每股指标,每股股东自由现金流量,20151231,-12.188541
301381,赛维时代,每股指标,每股未分配利润,20151231,-0.093332
301381,赛维时代,每股指标,每股资本公积金,20151231,11.669712
301381,赛维时代,每股指标,每股盈余公积金,20151231,
301381,赛维时代,每股指标,每股留存收益,20151231,-0.093332
301381,赛维时代,每股指标,每股营业收入,20151231,57.301309
301381,赛维时代,每股指标,每股营业总收入,20151231,57.301309
301381,赛维时代,每股指标,每股息税前利润,20151231,2.559203
301381,赛维时代,盈利能力,净资产收益率(ROE),20151231,231.37
301381,赛维时代,盈利能力,摊薄净资产收益率,20151231,14.051585
301381,赛维时代,盈利能力,净资产收益率_平均,20151231,31.680948
301381,赛维时代,盈利能力,净资产收益率_平均_扣除非经常损益,20151231,31.300064
301381,赛维时代,盈利能力,摊薄净资产收益率_扣除非经常损益,20151231,13.882639
301381,赛维时代,盈利能力,息税前利润率,20151231,4.466221
301381,赛维时代,盈利能力,总资产报酬率,20151231,15.762833
301381,赛维时代,盈利能力,总资本回报率,20151231,45.84878
301381,赛维时代,盈利能力,投入资本回报率,20151231,36.299091
301381,赛维时代,盈利能力,息前税后总资产报酬率_平均,20151231,12.479645
301381,赛维时代,盈利能力,毛利率,20151231,61.43964
301381,赛维时代,盈利能力,销售净利率,20151231,3.086104
301381,赛维时代,盈利能力,成本费用利润率,20151231,4.191173
301381,赛维时代,盈利能力,营业利润率,20151231,3.991506
301381,赛维时代,盈利能力,总资产净利率_平均,20151231,10.891925
301381,赛维时代,盈利能力,总资产净利率_平均(含少数股东损益),20151231,10.891925
301381,赛维时代,成长能力,归母净利润,20151231,18956200.63
301381,赛维时代,成长能力,营业总收入,20151231,614243623.89
301381,赛维时代,成长能力,净利润,20151231,18956200.63
301381,赛维时代,成长能力,扣非净利润,20151231,18728300.0
301381,赛维时代,成长能力,营业总收入增长率,20151231,2374.042542
301381,赛维时代,成长能力,归属母公司净利润增长率,20151231,236.685429
301381,赛维时代,收益质量,经营活动净现金/销售收入,20151231,-0.170438
301381,赛维时代,收益质量,经营性现金净流量/营业总收入,20151231,-0.170438
301381,赛维时代,收益质量,成本费用率,20151231,95.82898
301381,赛维时代,收益质量,期间费用率,20151231,57.26862
301381,赛维时代,收益质量,销售成本率,20151231,38.560359
301381,赛维时代,收益质量,经营活动净现金/归属母公司的净利润,20151231,-5.522782
301381,赛维时代,收益质量,所得税/利润总额,20151231,23.161632
301381,赛维时代,财务风险,流动比率,20151231,1.644462
301381,赛维时代,财务风险,速动比率,20151231,0.707969
301381,赛维时代,财务风险,保守速动比率,20151231,0.5286
301381,赛维时代,财务风险,资产负债率,20151231,59.851204
301381,赛维时代,财务风险,权益乘数,20151231,2.908663
301381,赛维时代,财务风险,权益乘数(含少数股权的净资产),20151231,2.490734
301381,赛维时代,财务风险,产权比率,20151231,149.073475
301381,赛维时代,财务风险,现金比率,20151231,0.120947
301381,赛维时代,营运能力,应收账款周转率,20151231,14.915528
301381,赛维时代,营运能力,应收账款周转天数,20151231,24.135919
301381,赛维时代,营运能力,存货周转率,20151231,2.502979
301381,赛维时代,营运能力,存货周转天数,20151231,143.828588
301381,赛维时代,营运能力,总资产周转率,20151231,3.529344
301381,赛维时代,营运能力,总资产周转天数,20151231,102.001946
301381,赛维时代,营运能力,流动资产周转率,20151231,3.655942
301381,赛维时代,营运能力,流动资产周转天数,20151231,98.469824
301381,赛维时代,营运能力,应付账款周转率,20151231,5.36906
301381,赛维时代,常用指标,归母净利润,20141231,-13868486.76
301381,赛维时代,常用指标,营业总收入,20141231,24827528.76
301381,赛维时代,常用指标,营业成本,20141231,42263923.27
301381,赛维时代,常用指标,净利润,20141231,-13868486.76
301381,赛维时代,常用指标,扣非净利润,20141231,-3003800.0
301381,赛维时代,常用指标,股东权益合计(净资产),20141231,-15234955.02
301381,赛维时代,常用指标,商誉,20141231,
301381,赛维时代,常用指标,经营现金流量净额,20141231,696684.52
301381,赛维时代,常用指标,基本每股收益,20141231,-27.74
301381,赛维时代,常用指标,每股净资产,20141231,-30.46991
301381,赛维时代,常用指标,每股现金流,20141231,1.393369
301381,赛维时代,常用指标,净资产收益率(ROE),20141231,
301381,赛维时代,常用指标,总资产报酬率(ROA),20141231,-138.445782
301381,赛维时代,常用指标,毛利率,20141231,58.313948
301381,赛维时代,常用指标,销售净利率,20141231,-55.859312
301381,赛维时代,常用指标,期间费用率,20141231,128.153102
301381,赛维时代,常用指标,资产负债率,20141231,226.252405
301381,赛维时代,每股指标,基本每股收益,20141231,-27.74
301381,赛维时代,每股指标,稀释每股收益,20141231,-27.74
301381,赛维时代,每股指标,摊薄每股收益_最新股数,20141231,-0.034118
301381,赛维时代,每股指标,摊薄每股净资产_期末股数,20141231,-30.46991
301381,赛维时代,每股指标,调整每股净资产_期末股数,20141231,-38.812166
301381,赛维时代,每股指标,每股净资产_最新股数,20141231,-0.037479
301381,赛维时代,每股指标,每股经营现金流,20141231,1.393369
301381,赛维时代,每股指标,每股现金流量净额,20141231,-1.657628
301381,赛维时代,每股指标,每股企业自由现金流量,20141231,13.258346
301381,赛维时代,每股指标,每股股东自由现金流量,20141231,13.258346
301381,赛维时代,每股指标,每股未分配利润,20141231,-39.913363
301381,赛维时代,每股指标,每股资本公积金,20141231,8.460517
301381,赛维时代,每股指标,每股盈余公积金,20141231,
301381,赛维时代,每股指标,每股留存收益,20141231,-39.913363
301381,赛维时代,每股指标,每股营业收入,20141231,49.655057
301381,赛维时代,每股指标,每股营业总收入,20141231,49.655057
301381,赛维时代,每股指标,每股息税前利润,20141231,-33.412674
301381,赛维时代,盈利能力,净资产收益率(ROE),20141231,
301381,赛维时代,盈利能力,摊薄净资产收益率,20141231,
301381,赛维时代,盈利能力,净资产收益率_平均,20141231,
301381,赛维时代,盈利能力,净资产收益率_平均_扣除非经常损益,20141231,
301381,赛维时代,盈利能力,摊薄净资产收益率_扣除非经常损益,20141231,
301381,赛维时代,盈利能力,息税前利润率,20141231,-67.289569
301381,赛维时代,盈利能力,总资产报酬率,20141231,-138.445782
301381,赛维时代,盈利能力,总资本回报率,20141231,
301381,赛维时代,盈利能力,投入资本回报率,20141231,
301381,赛维时代,盈利能力,息前税后总资产报酬率_平均,20141231,-108.876784
301381,赛维时代,盈利能力,毛利率,20141231,58.313948
301381,赛维时代,盈利能力,销售净利率,20141231,-55.859312
301381,赛维时代,盈利能力,成本费用利润率,20141231,-41.351416
301381,赛维时代,盈利能力,营业利润率,20141231,-70.230084
301381,赛维时代,盈利能力,总资产净利率_平均,20141231,-114.928453
301381,赛维时代,盈利能力,总资产净利率_平均(含少数股东损益),20141231,-114.928453
301381,赛维时代,成长能力,归母净利润,20141231,-13868486.76
301381,赛维时代,成长能力,营业总收入,20141231,24827528.76
301381,赛维时代,成长能力,净利润,20141231,-13868486.76
301381,赛维时代,成长能力,扣非净利润,20141231,-3003800.0
301381,赛维时代,成长能力,营业总收入增长率,20141231,
301381,赛维时代,成长能力,归属母公司净利润增长率,20141231,
301381,赛维时代,收益质量,经营活动净现金/销售收入,20141231,0.02806
301381,赛维时代,收益质量,经营性现金净流量/营业总收入,20141231,0.02806
301381,赛维时代,收益质量,成本费用率,20141231,169.839153
301381,赛维时代,收益质量,期间费用率,20141231,128.153102
301381,赛维时代,收益质量,销售成本率,20141231,41.686051
301381,赛维时代,收益质量,经营活动净现金/归属母公司的净利润,20141231,
301381,赛维时代,收益质量,所得税/利润总额,20141231,
301381,赛维时代,财务风险,流动比率,20141231,0.214038
301381,赛维时代,财务风险,速动比率,20141231,0.169148
301381,赛维时代,财务风险,保守速动比率,20141231,0.082454
301381,赛维时代,财务风险,资产负债率,20141231,226.252405
301381,赛维时代,财务风险,权益乘数,20141231,
301381,赛维时代,财务风险,权益乘数(含少数股权的净资产),20141231,
301381,赛维时代,财务风险,产权比率,20141231,
301381,赛维时代,财务风险,现金比率,20141231,0.063662
301381,赛维时代,营运能力,应收账款周转率,20141231,48.391448
301381,赛维时代,营运能力,应收账款周转天数,20141231,7.43933
301381,赛维时代,营运能力,存货周转率,20141231,8.444595
301381,赛维时代,营运能力,存货周转天数,20141231,42.630815
301381,赛维时代,营运能力,总资产周转率,20141231,2.057462
301381,赛维时代,营运能力,总资产周转天数,20141231,174.972792
301381,赛维时代,营运能力,流动资产周转率,20141231,4.248607
301381,赛维时代,营运能力,流动资产周转天数,20141231,84.73365
301381,赛维时代,营运能力,应付账款周转率,20141231,8.921791
300592,华凯易佰,常用指标,归母净利润,20260630,164998098.66
300592,华凯易佰,常用指标,营业总收入,20260630,3976324100.67
300592,华凯易佰,常用指标,营业成本,20260630,3766846753.98
300592,华凯易佰,常用指标,净利润,20260630,178088814.89
300592,华凯易佰,常用指标,扣非净利润,20260630,162348308.15
300592,华凯易佰,常用指标,股东权益合计(净资产),20260630,2451652014.99
300592,华凯易佰,常用指标,商誉,20260630,856980235.61
300592,华凯易佰,常用指标,经营现金流量净额,20260630,320821399.23
300592,华凯易佰,常用指标,基本每股收益,20260630,0.433
300592,华凯易佰,常用指标,每股净资产,20260630,6.077147
300592,华凯易佰,常用指标,每股现金流,20260630,0.820034
300592,华凯易佰,常用指标,净资产收益率(ROE),20260630,6.91
300592,华凯易佰,常用指标,总资产报酬率(ROA),20260630,5.603404
300592,华凯易佰,常用指标,毛利率,20260630,38.738646
300592,华凯易佰,常用指标,销售净利率,20260630,4.478729
300592,华凯易佰,常用指标,期间费用率,20260630,33.42043
300592,华凯易佰,常用指标,资产负债率,20260630,39.37347
300592,华凯易佰,每股指标,基本每股收益,20260630,0.433
300592,华凯易佰,每股指标,稀释每股收益,20260630,0.427
300592,华凯易佰,每股指标,摊薄每股收益_最新股数,20260630,0.421742
300592,华凯易佰,每股指标,摊薄每股净资产_期末股数,20260630,6.077147
300592,华凯易佰,每股指标,调整每股净资产_期末股数,20260630,3.308679
300592,华凯易佰,每股指标,每股净资产_最新股数,20260630,6.077147
300592,华凯易佰,每股指标,每股经营现金流,20260630,0.820034
300592,华凯易佰,每股指标,每股现金流量净额,20260630,-0.073801
300592,华凯易佰,每股指标,每股企业自由现金流量,20260630,0.429021
300592,华凯易佰,每股指标,每股股东自由现金流量,20260630,0.33141
300592,华凯易佰,每股指标,每股未分配利润,20260630,2.052941
300592,华凯易佰,每股指标,每股资本公积金,20260630,3.090097
300592,华凯易佰,每股指标,每股盈余公积金,20260630,0.141761
300592,华凯易佰,每股指标,每股留存收益,20260630,2.194703
300592,华凯易佰,每股指标,每股营业收入,20260630,10.163665
300592,华凯易佰,每股指标,每股营业总收入,20260630,10.163665
300592,华凯易佰,每股指标,每股息税前利润,20260630,0.573312
300592,华凯易佰,盈利能力,净资产收益率(ROE),20260630,6.91
300592,华凯易佰,盈利能力,摊薄净资产收益率,20260630,6.939812
300592,华凯易佰,盈利能力,净资产收益率_平均,20260630,7.009463
300592,华凯易佰,盈利能力,净资产收益率_平均_扣除非经常损益,20260630,6.896894
300592,华凯易佰,盈利能力,摊薄净资产收益率_扣除非经常损益,20260630,6.828362
300592,华凯易佰,盈利能力,息税前利润率,20260630,5.640806
300592,华凯易佰,盈利能力,总资产报酬率,20260630,5.603404
300592,华凯易佰,盈利能力,总资本回报率,20260630,7.659092
300592,华凯易佰,盈利能力,投入资本回报率,20260630,5.791367
300592,华凯易佰,盈利能力,息前税后总资产报酬率_平均,20260630,4.564007
300592,华凯易佰,盈利能力,毛利率,20260630,38.738646
300592,华凯易佰,盈利能力,销售净利率,20260630,4.478729
300592,华凯易佰,盈利能力,成本费用利润率,20260630,5.835403
300592,华凯易佰,盈利能力,营业利润率,20260630,5.513521
300592,华凯易佰,盈利能力,总资产净利率_平均,20260630,4.121999
300592,华凯易佰,盈利能力,总资产净利率_平均(含少数股东损益),20260630,4.449033
300592,华凯易佰,成长能力,归母净利润,20260630,164998098.66
300592,华凯易佰,成长能力,营业总收入,20260630,3976324100.67
300592,华凯易佰,成长能力,净利润,20260630,178088814.89
300592,华凯易佰,成长能力,扣非净利润,20260630,162348308.15
300592,华凯易佰,成长能力,营业总收入增长率,20260630,-12.380802
300592,华凯易佰,成长能力,归属母公司净利润增长率,20260630,349.089998
300592,华凯易佰,收益质量,经营活动净现金/销售收入,20260630,0.080682
300592,华凯易佰,收益质量,经营性现金净流量/营业总收入,20260630,0.080682
300592,华凯易佰,收益质量,成本费用率,20260630,94.681784
300592,华凯易佰,收益质量,期间费用率,20260630,33.42043
300592,华凯易佰,收益质量,销售成本率,20260630,61.261353
300592,华凯易佰,收益质量,经营活动净现金/归属母公司的净利润,20260630,1.944394
300592,华凯易佰,收益质量,所得税/利润总额,20260630,18.937962
300592,华凯易佰,财务风险,流动比率,20260630,1.967177
300592,华凯易佰,财务风险,速动比率,20260630,1.078853
300592,华凯易佰,财务风险,保守速动比率,20260630,0.909088
300592,华凯易佰,财务风险,资产负债率,20260630,39.37347
300592,华凯易佰,财务风险,权益乘数,20260630,1.7005
300592,华凯易佰,财务风险,权益乘数(含少数股权的净资产),20260630,1.649442
300592,华凯易佰,财务风险,产权比率,20260630,66.9682
300592,华凯易佰,财务风险,现金比率,20260630,0.543691
300592,华凯易佰,营运能力,应收账款周转率,20260630,9.098467
300592,华凯易佰,营运能力,应收账款周转天数,20260630,19.78355
300592,华凯易佰,营运能力,存货周转率,20260630,2.468535
300592,华凯易佰,营运能力,存货周转天数,20260630,72.917732
300592,华凯易佰,营运能力,总资产周转率,20260630,0.993369
300592,华凯易佰,营运能力,总资产周转天数,20260630,181.201459
300592,华凯易佰,营运能力,流动资产周转率,20260630,1.761492
300592,华凯易佰,营运能力,流动资产周转天数,20260630,102.186052
300592,华凯易佰,营运能力,应付账款周转率,20260630,5.04173
300592,华凯易佰,常用指标,归母净利润,20260331,71543259.05
300592,华凯易佰,常用指标,营业总收入,20260331,1924008111.49
300592,华凯易佰,常用指标,营业成本,20260331,1855991631.7
300592,华凯易佰,常用指标,净利润,20260331,73795764.79
300592,华凯易佰,常用指标,扣非净利润,20260331,65681895.46
300592,华凯易佰,常用指标,股东权益合计(净资产),20260331,2454501006.83
300592,华凯易佰,常用指标,商誉,20260331,826387198.35
300592,华凯易佰,常用指标,经营现金流量净额,20260331,70695248.24
300592,华凯易佰,常用指标,基本每股收益,20260331,0.189
300592,华凯易佰,常用指标,每股净资产,20260331,5.923498
300592,华凯易佰,常用指标,每股现金流,20260331,0.174831
300592,华凯易佰,常用指标,净资产收益率(ROE),20260331,3.03
300592,华凯易佰,常用指标,总资产报酬率(ROA),20260331,2.866177
300592,华凯易佰,常用指标,毛利率,20260331,35.85374
300592,华凯易佰,常用指标,销售净利率,20260331,3.835522
300592,华凯易佰,常用指标,期间费用率,20260331,32.27164
300592,华凯易佰,常用指标,资产负债率,20260331,37.758567
300592,华凯易佰,每股指标,基本每股收益,20260331,0.189
300592,华凯易佰,每股指标,稀释每股收益,20260331,0.189
300592,华凯易佰,每股指标,摊薄每股收益_最新股数,20260331,0.182867
300592,华凯易佰,每股指标,摊薄每股净资产_期末股数,20260331,5.923498
300592,华凯易佰,每股指标,调整每股净资产_期末股数,20260331,3.306952
300592,华凯易佰,每股指标,每股净资产_最新股数,20260331,6.122328
300592,华凯易佰,每股指标,每股经营现金流,20260331,0.174831
300592,华凯易佰,每股指标,每股现金流量净额,20260331,0.000872
300592,华凯易佰,每股指标,每股企业自由现金流量,20260331,
300592,华凯易佰,每股指标,每股股东自由现金流量,20260331,
300592,华凯易佰,每股指标,每股未分配利润,20260331,1.993324
300592,华凯易佰,每股指标,每股资本公积金,20260331,3.242345
300592,华凯易佰,每股指标,每股盈余公积金,20260331,0.137157
300592,华凯易佰,每股指标,每股留存收益,20260331,2.130481
300592,华凯易佰,每股指标,每股营业收入,20260331,4.758139
300592,华凯易佰,每股指标,每股营业总收入,20260331,4.758139
300592,华凯易佰,每股指标,每股息税前利润,20260331,0.280173
300592,华凯易佰,盈利能力,净资产收益率(ROE),20260331,3.03
300592,华凯易佰,盈利能力,摊薄净资产收益率,20260331,2.9869
300592,华凯易佰,盈利能力,净资产收益率_平均,20260331,3.027938
300592,华凯易佰,盈利能力,净资产收益率_平均_扣除非经常损益,20260331,2.779866
300592,华凯易佰,盈利能力,摊薄净资产收益率_扣除非经常损益,20260331,2.74219
300592,华凯易佰,盈利能力,息税前利润率,20260331,5.88829
300592,华凯易佰,盈利能力,总资产报酬率,20260331,2.866177
300592,华凯易佰,盈利能力,总资本回报率,20260331,3.828955
300592,华凯易佰,盈利能力,投入资本回报率,20260331,3.213096
300592,华凯易佰,盈利能力,息前税后总资产报酬率_平均,20260331,1.866974
300592,华凯易佰,盈利能力,毛利率,20260331,35.85374
300592,华凯易佰,盈利能力,销售净利率,20260331,3.835522
300592,华凯易佰,盈利能力,成本费用利润率,20260331,4.838869
300592,华凯易佰,盈利能力,营业利润率,20260331,4.69812
300592,华凯易佰,盈利能力,总资产净利率_平均,20260331,1.809987
300592,华凯易佰,盈利能力,总资产净利率_平均(含少数股东损益),20260331,1.866974
300592,华凯易佰,成长能力,归母净利润,20260331,71543259.05
300592,华凯易佰,成长能力,营业总收入,20260331,1924008111.49
300592,华凯易佰,成长能力,净利润,20260331,73795764.79
300592,华凯易佰,成长能力,扣非净利润,20260331,65681895.46
300592,华凯易佰,成长能力,营业总收入增长率,20260331,-16.051618
300592,华凯易佰,成长能力,归属母公司净利润增长率,20260331,574.004166
300592,华凯易佰,收益质量,经营活动净现金/销售收入,20260331,0.036743
300592,华凯易佰,收益质量,经营性现金净流量/营业总收入,20260331,0.036743
300592,华凯易佰,收益质量,成本费用率,20260331,96.4179
300592,华凯易佰,收益质量,期间费用率,20260331,32.27164
300592,华凯易佰,收益质量,销售成本率,20260331,64.146259
300592,华凯易佰,收益质量,经营活动净现金/归属母公司的净利润,20260331,0.988146
300592,华凯易佰,收益质量,所得税/利润总额,20260331,17.790317
300592,华凯易佰,财务风险,流动比率,20260331,2.249369
300592,华凯易佰,财务风险,速动比率,20260331,1.360107
300592,华凯易佰,财务风险,保守速动比率,20260331,1.134216
300592,华凯易佰,财务风险,资产负债率,20260331,37.758567
300592,华凯易佰,财务风险,权益乘数,20260331,1.672905
300592,华凯易佰,财务风险,权益乘数(含少数股权的净资产),20260331,1.606646
300592,华凯易佰,财务风险,产权比率,20260331,62.165741
300592,华凯易佰,财务风险,现金比率,20260331,0.654974
300592,华凯易佰,营运能力,应收账款周转率,20260331,4.136533
300592,华凯易佰,营运能力,应收账款周转天数,20260331,21.757347
300592,华凯易佰,营运能力,存货周转率,20260331,1.34367
300592,华凯易佰,营运能力,存货周转天数,20260331,66.98069
300592,华凯易佰,营运能力,总资产周转率,20260331,0.486758
300592,华凯易佰,营运能力,总资产周转天数,20260331,184.896515
300592,华凯易佰,营运能力,流动资产周转率,20260331,0.857077
300592,华凯易佰,营运能力,流动资产周转天数,20260331,105.008014
300592,华凯易佰,营运能力,应付账款周转率,20260331,2.593809
300592,华凯易佰,常用指标,归母净利润,20251231,146710121.47
300592,华凯易佰,常用指标,营业总收入,20251231,9133295094.71
300592,华凯易佰,常用指标,营业成本,20251231,8822377422.94
300592,华凯易佰,常用指标,净利润,20251231,154134183.2
300592,华凯易佰,常用指标,扣非净利润,20251231,137200000.45
300592,华凯易佰,常用指标,股东权益合计(净资产),20251231,2387520421.67
300592,华凯易佰,常用指标,商誉,20251231,828005038.49
300592,华凯易佰,常用指标,经营现金流量净额,20251231,971885545.01
300592,华凯易佰,常用指标,基本每股收益,20251231,0.38
300592,华凯易佰,常用指标,每股净资产,20251231,5.762934
300592,华凯易佰,常用指标,每股现金流,20251231,2.403506
300592,华凯易佰,常用指标,净资产收益率(ROE),20251231,6.23
300592,华凯易佰,常用指标,总资产报酬率(ROA),20251231,5.084947
300592,华凯易佰,常用指标,毛利率,20251231,33.417478
300592,华凯易佰,常用指标,销售净利率,20251231,1.687607
300592,华凯易佰,常用指标,期间费用率,20251231,29.961504
300592,华凯易佰,常用指标,资产负债率,20251231,39.737542
300592,华凯易佰,每股指标,基本每股收益,20251231,0.38
300592,华凯易佰,每股指标,稀释每股收益,20251231,0.38
300592,华凯易佰,每股指标,摊薄每股收益_最新股数,20251231,0.374997
300592,华凯易佰,每股指标,摊薄每股净资产_期末股数,20251231,5.762934
300592,华凯易佰,每股指标,调整每股净资产_期末股数,20251231,3.099837
300592,华凯易佰,每股指标,每股净资产_最新股数,20251231,5.956375
300592,华凯易佰,每股指标,每股经营现金流,20251231,2.403506
300592,华凯易佰,每股指标,每股现金流量净额,20251231,0.611347
300592,华凯易佰,每股指标,每股企业自由现金流量,20251231,1.004635
300592,华凯易佰,每股指标,每股股东自由现金流量,20251231,0.312313
300592,华凯易佰,每股指标,每股未分配利润,20251231,1.816395
300592,华凯易佰,每股指标,每股资本公积金,20251231,3.233469
300592,华凯易佰,每股指标,每股盈余公积金,20251231,0.137157
300592,华凯易佰,每股指标,每股留存收益,20251231,1.953552
300592,华凯易佰,每股指标,每股营业收入,20251231,22.586956
300592,华凯易佰,每股指标,每股营业总收入,20251231,22.586956
300592,华凯易佰,每股指标,每股息税前利润,20251231,0.52885
300592,华凯易佰,盈利能力,净资产收益率(ROE),20251231,6.23
300592,华凯易佰,盈利能力,摊薄净资产收益率,20251231,6.295737
300592,华凯易佰,盈利能力,净资产收益率_平均,20251231,6.278813
300592,华凯易佰,盈利能力,净资产收益率_平均_扣除非经常损益,20251231,5.871805
300592,华凯易佰,盈利能力,摊薄净资产收益率_扣除非经常损益,20251231,5.887632
300592,华凯易佰,盈利能力,息税前利润率,20251231,2.341397
300592,华凯易佰,盈利能力,总资产报酬率,20251231,5.084947
300592,华凯易佰,盈利能力,总资本回报率,20251231,6.994851
300592,华凯易佰,盈利能力,投入资本回报率,20251231,5.244472
300592,华凯易佰,盈利能力,息前税后总资产报酬率_平均,20251231,3.989032
300592,华凯易佰,盈利能力,毛利率,20251231,33.417478
300592,华凯易佰,盈利能力,销售净利率,20251231,1.687607
300592,华凯易佰,盈利能力,成本费用利润率,20251231,2.270703
300592,华凯易佰,盈利能力,营业利润率,20251231,2.245134
300592,华凯易佰,盈利能力,总资产净利率_平均,20251231,3.488541
300592,华凯易佰,盈利能力,总资产净利率_平均(含少数股东损益),20251231,3.665074
300592,华凯易佰,成长能力,归母净利润,20251231,146710121.47
300592,华凯易佰,成长能力,营业总收入,20251231,9133295094.71
300592,华凯易佰,成长能力,净利润,20251231,154134183.2
300592,华凯易佰,成长能力,扣非净利润,20251231,137200000.45
300592,华凯易佰,成长能力,营业总收入增长率,20251231,1.23124
300592,华凯易佰,成长能力,归属母公司净利润增长率,20251231,-13.782088
300592,华凯易佰,收益质量,经营活动净现金/销售收入,20251231,0.106411
300592,华凯易佰,收益质量,经营性现金净流量/营业总收入,20251231,0.106411
300592,华凯易佰,收益质量,成本费用率,20251231,96.544025
300592,华凯易佰,收益质量,期间费用率,20251231,29.961504
300592,华凯易佰,收益质量,销售成本率,20251231,66.582521
300592,华凯易佰,收益质量,经营活动净现金/归属母公司的净利润,20251231,6.624529
300592,华凯易佰,收益质量,所得税/利润总额,20251231,23.018644
300592,华凯易佰,财务风险,流动比率,20251231,2.116981
300592,华凯易佰,财务风险,速动比率,20251231,1.22196
300592,华凯易佰,财务风险,保守速动比率,20251231,1.036103
300592,华凯易佰,财务风险,资产负债率,20251231,39.737542
300592,华凯易佰,财务风险,权益乘数,20251231,1.799839
300592,华凯易佰,财务风险,权益乘数(含少数股权的净资产),20251231,1.659407
300592,华凯易佰,财务风险,产权比率,20251231,67.559714
300592,华凯易佰,财务风险,现金比率,20251231,0.609685
300592,华凯易佰,营运能力,应收账款周转率,20251231,20.317758
300592,华凯易佰,营运能力,应收账款周转天数,20251231,17.71849
300592,华凯易佰,营运能力,存货周转率,20251231,4.382965
300592,华凯易佰,营运能力,存货周转天数,20251231,82.136178
300592,华凯易佰,营运能力,总资产周转率,20251231,2.171757
300592,华凯易佰,营运能力,总资产周转天数,20251231,165.764358
300592,华凯易佰,营运能力,流动资产周转率,20251231,3.523683
300592,华凯易佰,营运能力,流动资产周转天数,20251231,102.165826
300592,华凯易佰,营运能力,应付账款周转率,20251231,9.908203
300592,华凯易佰,常用指标,归母净利润,20250930,49406265.03
300592,华凯易佰,常用指标,营业总收入,20250930,6739583080.46
300592,华凯易佰,常用指标,营业成本,20250930,6652018021.53
300592,华凯易佰,常用指标,净利润,20250930,45005432.83
300592,华凯易佰,常用指标,扣非净利润,20250930,35179631.65
300592,华凯易佰,常用指标,股东权益合计(净资产),20250930,2340304198.06
300592,华凯易佰,常用指标,商誉,20250930,814505390.21
300592,华凯易佰,常用指标,经营现金流量净额,20250930,579360293.15
300592,华凯易佰,常用指标,基本每股收益,20250930,0.1268
300592,华凯易佰,常用指标,每股净资产,20250930,5.712195
300592,华凯易佰,常用指标,每股现金流,20250930,1.432778
300592,华凯易佰,常用指标,净资产收益率(ROE),20250930,2.1
300592,华凯易佰,常用指标,总资产报酬率(ROA),20250930,0.922703
300592,华凯易佰,常用指标,毛利率,20250930,32.708083
300592,华凯易佰,常用指标,销售净利率,20250930,0.667777
300592,华凯易佰,常用指标,期间费用率,20250930,31.357124
300592,华凯易佰,常用指标,资产负债率,20250930,41.689024
300592,华凯易佰,每股指标,基本每股收益,20250930,0.1268
300592,华凯易佰,每股指标,稀释每股收益,20250930,0.1268
300592,华凯易佰,每股指标,摊薄每股收益_最新股数,20250930,0.126284
300592,华凯易佰,每股指标,摊薄每股净资产_期末股数,20250930,5.712195
300592,华凯易佰,每股指标,调整每股净资产_期末股数,20250930,3.056939
300592,华凯易佰,每股指标,每股净资产_最新股数,20250930,5.903933
300592,华凯易佰,每股指标,每股经营现金流,20250930,1.432778
300592,华凯易佰,每股指标,每股现金流量净额,20250930,0.082379
300592,华凯易佰,每股指标,每股企业自由现金流量,20250930,
300592,华凯易佰,每股指标,每股股东自由现金流量,20250930,
300592,华凯易佰,每股指标,每股未分配利润,20250930,1.63066
300592,华凯易佰,每股指标,每股资本公积金,20250930,3.326157
300592,华凯易佰,每股指标,每股盈余公积金,20250930,0.082256
300592,华凯易佰,每股指标,每股留存收益,20250930,1.712916
300592,华凯易佰,每股指标,每股营业收入,20250930,16.667223
300592,华凯易佰,每股指标,每股营业总收入,20250930,16.667223
300592,华凯易佰,每股指标,每股息税前利润,20250930,0.096552
300592,华凯易佰,盈利能力,净资产收益率(ROE),20250930,2.1
300592,华凯易佰,盈利能力,摊薄净资产收益率,20250930,2.138992
300592,华凯易佰,盈利能力,净资产收益率_平均,20250930,2.123784
300592,华凯易佰,盈利能力,净资产收益率_平均_扣除非经常损益,20250930,1.512236
300592,华凯易佰,盈利能力,摊薄净资产收益率_扣除非经常损益,20250930,1.523065
300592,华凯易佰,盈利能力,息税前利润率,20250930,0.579298
300592,华凯易佰,盈利能力,总资产报酬率,20250930,0.922703
300592,华凯易佰,盈利能力,总资本回报率,20250930,1.283141
300592,华凯易佰,盈利能力,投入资本回报率,20250930,1.075955
300592,华凯易佰,盈利能力,息前税后总资产报酬率_平均,20250930,1.063632
300592,华凯易佰,盈利能力,毛利率,20250930,32.708083
300592,华凯易佰,盈利能力,销售净利率,20250930,0.667777
300592,华凯易佰,盈利能力,成本费用利润率,20250930,0.837934
300592,华凯易佰,盈利能力,营业利润率,20250930,0.871735
300592,华凯易佰,盈利能力,总资产净利率_平均,20250930,1.167639
300592,华凯易佰,盈利能力,总资产净利率_平均(含少数股东损益),20250930,1.063632
300592,华凯易佰,成长能力,归母净利润,20250930,49406265.03
300592,华凯易佰,成长能力,营业总收入,20250930,6739583080.46
300592,华凯易佰,成长能力,净利润,20250930,45005432.83
300592,华凯易佰,成长能力,扣非净利润,20250930,35179631.65
300592,华凯易佰,成长能力,营业总收入增长率,20250930,10.210095
300592,华凯易佰,成长能力,归属母公司净利润增长率,20250930,-73.898267
300592,华凯易佰,收益质量,经营活动净现金/销售收入,20250930,0.085963
300592,华凯易佰,收益质量,经营性现金净流量/营业总收入,20250930,0.085963
300592,华凯易佰,收益质量,成本费用率,20250930,98.64904
300592,华凯易佰,收益质量,期间费用率,20250930,31.357124
300592,华凯易佰,收益质量,销售成本率,20250930,67.291916
300592,华凯易佰,收益质量,经营活动净现金/归属母公司的净利润,20250930,11.726453
300592,华凯易佰,收益质量,所得税/利润总额,20250930,19.215299
300592,华凯易佰,财务风险,流动比率,20250930,2.052478
300592,华凯易佰,财务风险,速动比率,20250930,0.990623
300592,华凯易佰,财务风险,保守速动比率,20250930,0.788262
300592,华凯易佰,财务风险,资产负债率,20250930,41.689024
300592,华凯易佰,财务风险,权益乘数,20250930,1.81887
300592,华凯易佰,财务风险,权益乘数(含少数股权的净资产),20250930,1.714943
300592,华凯易佰,财务风险,产权比率,20250930,72.438742
300592,华凯易佰,财务风险,现金比率,20250930,0.385808
300592,华凯易佰,营运能力,应收账款周转率,20250930,15.029828
300592,华凯易佰,营运能力,应收账款周转天数,20250930,17.964276
300592,华凯易佰,营运能力,存货周转率,20250930,3.008535
300592,华凯易佰,营运能力,存货周转天数,20250930,89.744665
300592,华凯易佰,营运能力,总资产周转率,20250930,1.592794
300592,华凯易佰,营运能力,总资产周转天数,20250930,169.513384
300592,华凯易佰,营运能力,流动资产周转率,20250930,2.575161
300592,华凯易佰,营运能力,流动资产周转天数,20250930,104.84778
300592,华凯易佰,营运能力,应付账款周转率,20250930,6.995296
300592,华凯易佰,常用指标,归母净利润,20250630,36740541.82
300592,华凯易佰,常用指标,营业总收入,20250630,4538188205.04
300592,华凯易佰,常用指标,营业成本,20250630,4456605179.99
300592,华凯易佰,常用指标,净利润,20250630,32444303.51
300592,华凯易佰,常用指标,扣非净利润,20250630,24269796.89
300592,华凯易佰,常用指标,股东权益合计(净资产),20250630,2371222757.54
300592,华凯易佰,常用指标,商誉,20250630,775935174.54
300592,华凯易佰,常用指标,经营现金流量净额,20250630,367777736.81
300592,华凯易佰,常用指标,基本每股收益,20250630,0.094
300592,华凯易佰,常用指标,每股净资产,20250630,5.783085
300592,华凯易佰,常用指标,每股现金流,20250630,0.908438
300592,华凯易佰,常用指标,净资产收益率(ROE),20250630,1.55
300592,华凯易佰,常用指标,总资产报酬率(ROA),20250630,1.184036
300592,华凯易佰,常用指标,毛利率,20250630,33.46584
300592,华凯易佰,常用指标,销售净利率,20250630,0.714917
300592,华凯易佰,常用指标,期间费用率,20250630,31.61319
300592,华凯易佰,常用指标,资产负债率,20250630,42.558849
300592,华凯易佰,每股指标,基本每股收益,20250630,0.094
300592,华凯易佰,每股指标,稀释每股收益,20250630,0.094
300592,华凯易佰,每股指标,摊薄每股收益_最新股数,20250630,0.09391
300592,华凯易佰,每股指标,摊薄每股净资产_期末股数,20250630,5.783085
300592,华凯易佰,每股指标,调整每股净资产_期末股数,20250630,3.209433
300592,华凯易佰,每股指标,每股净资产_最新股数,20250630,5.984362
300592,华凯易佰,每股指标,每股经营现金流,20250630,0.908438
300592,华凯易佰,每股指标,每股现金流量净额,20250630,0.206034
300592,华凯易佰,每股指标,每股企业自由现金流量,20250630,0.568135
300592,华凯易佰,每股指标,每股股东自由现金流量,20250630,0.254939
300592,华凯易佰,每股指标,每股未分配利润,20250630,1.597423
300592,华凯易佰,每股指标,每股资本公积金,20250630,3.303807
300592,华凯易佰,每股指标,每股盈余公积金,20250630,0.082158
300592,华凯易佰,每股指标,每股留存收益,20250630,1.679582
300592,华凯易佰,每股指标,每股营业收入,20250630,11.209669
300592,华凯易佰,每股指标,每股营业总收入,20250630,11.209669
300592,华凯易佰,每股指标,每股息税前利润,20250630,0.125426
300592,华凯易佰,盈利能力,净资产收益率(ROE),20250630,1.55
300592,华凯易佰,盈利能力,摊薄净资产收益率,20250630,1.569264
300592,华凯易佰,盈利能力,净资产收益率_平均,20250630,1.568724
300592,华凯易佰,盈利能力,净资产收益率_平均_扣除非经常损益,20250630,1.036256
300592,华凯易佰,盈利能力,摊薄净资产收益率_扣除非经常损益,20250630,1.036613
300592,华凯易佰,盈利能力,息税前利润率,20250630,1.118916
300592,华凯易佰,盈利能力,总资产报酬率,20250630,1.184036
300592,华凯易佰,盈利能力,总资本回报率,20250630,1.621265
300592,华凯易佰,盈利能力,投入资本回报率,20250630,1.435571
300592,华凯易佰,盈利能力,息前税后总资产报酬率_平均,20250630,0.948243
300592,华凯易佰,盈利能力,毛利率,20250630,33.46584
300592,华凯易佰,盈利能力,销售净利率,20250630,0.714917
300592,华凯易佰,盈利能力,成本费用利润率,20250630,0.955443
300592,华凯易佰,盈利能力,营业利润率,20250630,0.967818
300592,华凯易佰,盈利能力,总资产净利率_平均,20250630,0.856703
300592,华凯易佰,盈利能力,总资产净利率_平均(含少数股东损益),20250630,0.756525
300592,华凯易佰,成长能力,归母净利润,20250630,36740541.82
300592,华凯易佰,成长能力,营业总收入,20250630,4538188205.04
300592,华凯易佰,成长能力,净利润,20250630,32444303.51
300592,华凯易佰,成长能力,扣非净利润,20250630,24269796.89
300592,华凯易佰,成长能力,营业总收入增长率,20250630,28.968585
300592,华凯易佰,成长能力,归属母公司净利润增长率,20250630,-72.690491
300592,华凯易佰,收益质量,经营活动净现金/销售收入,20250630,0.08104
300592,华凯易佰,收益质量,经营性现金净流量/营业总收入,20250630,0.08104
300592,华凯易佰,收益质量,成本费用率,20250630,98.14735
300592,华凯易佰,收益质量,期间费用率,20250630,31.61319
300592,华凯易佰,收益质量,销售成本率,20250630,66.534159
300592,华凯易佰,收益质量,经营活动净现金/归属母公司的净利润,20250630,10.010133
300592,华凯易佰,收益质量,所得税/利润总额,20250630,23.761854
300592,华凯易佰,财务风险,流动比率,20250630,2.174916
300592,华凯易佰,财务风险,速动比率,20250630,1.06832
300592,华凯易佰,财务风险,保守速动比率,20250630,0.868885
300592,华凯易佰,财务风险,资产负债率,20250630,42.558849
300592,华凯易佰,财务风险,权益乘数,20250630,1.831117
300592,华凯易佰,财务风险,权益乘数(含少数股权的净资产),20250630,1.740912
300592,华凯易佰,财务风险,产权比率,20250630,75.039475
300592,华凯易佰,财务风险,现金比率,20250630,0.429124
300592,华凯易佰,营运能力,应收账款周转率,20250630,9.588747
300592,华凯易佰,营运能力,应收账款周转天数,20250630,18.772002
300592,华凯易佰,营运能力,存货周转率,20250630,1.957699
300592,华凯易佰,营运能力,存货周转天数,20250630,91.944644
300592,华凯易佰,营运能力,总资产周转率,20250630,1.058199
300592,华凯易佰,营运能力,总资产周转天数,20250630,170.100312
300592,华凯易佰,营运能力,流动资产周转率,20250630,1.677591
300592,华凯易佰,营运能力,流动资产周转天数,20250630,107.296662
300592,华凯易佰,营运能力,应付账款周转率,20250630,4.714831
300592,华凯易佰,常用指标,归母净利润,20250331,-15093381.9
300592,华凯易佰,常用指标,营业总收入,20250331,2291894216.24
300592,华凯易佰,常用指标,营业成本,20250331,2288996272.44
300592,华凯易佰,常用指标,净利润,20250331,-16030883.11
300592,华凯易佰,常用指标,扣非净利润,20250331,-15729625.54
300592,华凯易佰,常用指标,股东权益合计(净资产),20250331,2386057225.73
300592,华凯易佰,常用指标,商誉,20250331,747629809.86
300592,华凯易佰,常用指标,经营现金流量净额,20250331,81914704.59
300592,华凯易佰,常用指标,基本每股收益,20250331,-0.0373
300592,华凯易佰,常用指标,每股净资产,20250331,5.811809
300592,华凯易佰,常用指标,每股现金流,20250331,0.202335
300592,华凯易佰,常用指标,净资产收益率(ROE),20250331,-0.64
300592,华凯易佰,常用指标,总资产报酬率(ROA),20250331,-0.75575
300592,华凯易佰,常用指标,毛利率,20250331,31.482221
300592,华凯易佰,常用指标,销售净利率,20250331,-0.699459
300592,华凯易佰,常用指标,期间费用率,20250331,31.305173
300592,华凯易佰,常用指标,资产负债率,20250331,44.343108
300592,华凯易佰,每股指标,基本每股收益,20250331,-0.0373
300592,华凯易佰,每股指标,稀释每股收益,20250331,-0.0373
300592,华凯易佰,每股指标,摊薄每股收益_最新股数,20250331,-0.038579
300592,华凯易佰,每股指标,摊薄每股净资产_期末股数,20250331,5.811809
300592,华凯易佰,每股指标,调整每股净资产_期末股数,20250331,3.400122
300592,华凯易佰,每股指标,每股净资产_最新股数,20250331,6.014086
300592,华凯易佰,每股指标,每股经营现金流,20250331,0.202335
300592,华凯易佰,每股指标,每股现金流量净额,20250331,0.142321
300592,华凯易佰,每股指标,每股企业自由现金流量,20250331,
300592,华凯易佰,每股指标,每股股东自由现金流量,20250331,
300592,华凯易佰,每股指标,每股未分配利润,20250331,1.518847
300592,华凯易佰,每股指标,每股资本公积金,20250331,3.281526
300592,华凯易佰,每股指标,每股盈余公积金,20250331,0.082158
300592,华凯易佰,每股指标,每股留存收益,20250331,1.601005
300592,华凯易佰,每股指标,每股营业收入,20250331,5.661152
300592,华凯易佰,每股指标,每股营业总收入,20250331,5.661152
300592,华凯易佰,每股指标,每股息税前利润,20250331,-0.081541
300592,华凯易佰,盈利能力,净资产收益率(ROE),20250331,-0.64
300592,华凯易佰,盈利能力,摊薄净资产收益率,20250331,-0.641483
300592,华凯易佰,盈利能力,净资产收益率_平均,20250331,-0.642851
300592,华凯易佰,盈利能力,净资产收益率_平均_扣除非经常损益,20250331,-0.66995
300592,华凯易佰,盈利能力,摊薄净资产收益率_扣除非经常损益,20250331,-0.668524
300592,华凯易佰,盈利能力,息税前利润率,20250331,-1.440374
300592,华凯易佰,盈利能力,总资产报酬率,20250331,-0.75575
300592,华凯易佰,盈利能力,总资本回报率,20250331,-1.025849
300592,华凯易佰,盈利能力,投入资本回报率,20250331,-1.083312
300592,华凯易佰,盈利能力,息前税后总资产报酬率_平均,20250331,-0.366999
300592,华凯易佰,盈利能力,毛利率,20250331,31.482221
300592,华凯易佰,盈利能力,销售净利率,20250331,-0.699459
300592,华凯易佰,盈利能力,成本费用利润率,20250331,-0.578897
300592,华凯易佰,盈利能力,营业利润率,20250331,-0.556775
300592,华凯易佰,盈利能力,总资产净利率_平均,20250331,-0.345537
300592,华凯易佰,盈利能力,总资产净利率_平均(含少数股东损益),20250331,-0.366999
300592,华凯易佰,成长能力,归母净利润,20250331,-15093381.9
300592,华凯易佰,成长能力,营业总收入,20250331,2291894216.24
300592,华凯易佰,成长能力,净利润,20250331,-16030883.11
300592,华凯易佰,成长能力,扣非净利润,20250331,-15729625.54
300592,华凯易佰,成长能力,营业总收入增长率,20250331,35.076254
300592,华凯易佰,成长能力,归属母公司净利润增长率,20250331,-118.41803
300592,华凯易佰,收益质量,经营活动净现金/销售收入,20250331,0.035741
300592,华凯易佰,收益质量,经营性现金净流量/营业总收入,20250331,0.035741
300592,华凯易佰,收益质量,成本费用率,20250331,99.822951
300592,华凯易佰,收益质量,期间费用率,20250331,31.305173
300592,华凯易佰,收益质量,销售成本率,20250331,68.517778
300592,华凯易佰,收益质量,经营活动净现金/归属母公司的净利润,20250331,
300592,华凯易佰,收益质量,所得税/利润总额,20250331,
300592,华凯易佰,财务风险,流动比率,20250331,2.288296
300592,华凯易佰,财务风险,速动比率,20250331,1.035908
300592,华凯易佰,财务风险,保守速动比率,20250331,0.768309
300592,华凯易佰,财务风险,资产负债率,20250331,44.343108
300592,华凯易佰,财务风险,权益乘数,20250331,1.860441
300592,华凯易佰,财务风险,权益乘数(含少数股权的净资产),20250331,1.796722
300592,华凯易佰,财务风险,产权比率,20250331,80.795466
300592,华凯易佰,财务风险,现金比率,20250331,0.381557
300592,华凯易佰,营运能力,应收账款周转率,20250331,5.071105
300592,华凯易佰,营运能力,应收账款周转天数,20250331,17.747608
300592,华凯易佰,营运能力,存货周转率,20250331,0.948928
300592,华凯易佰,营运能力,存货周转天数,20250331,94.843795
300592,华凯易佰,营运能力,总资产周转率,20250331,0.52469
300592,华凯易佰,营运能力,总资产周转天数,20250331,171.529853
300592,华凯易佰,营运能力,流动资产周转率,20250331,0.811791
300592,华凯易佰,营运能力,流动资产周转天数,20250331,110.865919
300592,华凯易佰,营运能力,应付账款周转率,20250331,2.241762
300592,华凯易佰,常用指标,归母净利润,20241231,170161998.54
300592,华凯易佰,常用指标,营业总收入,20241231,9022209993.05
300592,华凯易佰,常用指标,营业成本,20241231,8740291642.8
300592,华凯易佰,常用指标,净利润,20241231,167004651.79
300592,华凯易佰,常用指标,扣非净利润,20241231,161548551.95
300592,华凯易佰,常用指标,股东权益合计(净资产),20241231,2377101033.3
300592,华凯易佰,常用指标,商誉,20241231,747663300.36
300592,华凯易佰,常用指标,经营现金流量净额,20241231,-329589797.93
300592,华凯易佰,常用指标,基本每股收益,20241231,0.43
300592,华凯易佰,常用指标,每股净资产,20241231,5.787069
300592,华凯易佰,常用指标,每股现金流,20241231,-0.814111
300592,华凯易佰,常用指标,净资产收益率(ROE),20241231,7.76
300592,华凯易佰,常用指标,总资产报酬率(ROA),20241231,5.996724
300592,华凯易佰,常用指标,毛利率,20241231,33.854971
300592,华凯易佰,常用指标,销售净利率,20241231,1.851039
300592,华凯易佰,常用指标,期间费用率,20241231,30.658243
300592,华凯易佰,常用指标,资产负债率,20241231,46.571203
300592,华凯易佰,每股指标,基本每股收益,20241231,0.43
300592,华凯易佰,每股指标,稀释每股收益,20241231,0.43
300592,华凯易佰,每股指标,摊薄每股收益_最新股数,20241231,0.434941
300592,华凯易佰,每股指标,摊薄每股净资产_期末股数,20241231,5.787069
300592,华凯易佰,每股指标,调整每股净资产_期末股数,20241231,3.270065
300592,华凯易佰,每股指标,每股净资产_最新股数,20241231,5.988485
300592,华凯易佰,每股指标,每股经营现金流,20241231,-0.814111
300592,华凯易佰,每股指标,每股现金流量净额,20241231,-0.266099
300592,华凯易佰,每股指标,每股企业自由现金流量,20241231,-0.317673
300592,华凯易佰,每股指标,每股股东自由现金流量,20241231,0.896377
300592,华凯易佰,每股指标,每股未分配利润,20241231,1.556129
300592,华凯易佰,每股指标,每股资本公积金,20241231,3.232843
300592,华凯易佰,每股指标,每股盈余公积金,20241231,0.082158
300592,华凯易佰,每股指标,每股留存收益,20241231,1.638287
300592,华凯易佰,每股指标,每股营业收入,20241231,22.285542
300592,华凯易佰,每股指标,每股营业总收入,20241231,22.285542
300592,华凯易佰,每股指标,每股息税前利润,20241231,0.570662
300592,华凯易佰,盈利能力,净资产收益率(ROE),20241231,7.76
300592,华凯易佰,盈利能力,摊薄净资产收益率,20241231,7.262969
300592,华凯易佰,盈利能力,净资产收益率_平均,20241231,7.60189
300592,华凯易佰,盈利能力,净资产收益率_平均_扣除非经常损益,20241231,7.217089
300592,华凯易佰,盈利能力,摊薄净资产收益率_扣除非经常损益,20241231,6.895324
300592,华凯易佰,盈利能力,息税前利润率,20241231,2.560684
300592,华凯易佰,盈利能力,总资产报酬率,20241231,5.996724
300592,华凯易佰,盈利能力,总资本回报率,20241231,8.265253
300592,华凯易佰,盈利能力,投入资本回报率,20241231,6.58848
300592,华凯易佰,盈利能力,息前税后总资产报酬率_平均,20241231,4.698214
300592,华凯易佰,盈利能力,毛利率,20241231,33.854971
300592,华凯易佰,盈利能力,销售净利率,20241231,1.851039
300592,华凯易佰,盈利能力,成本费用利润率,20241231,2.484958
300592,华凯易佰,盈利能力,营业利润率,20241231,2.479601
300592,华凯易佰,盈利能力,总资产净利率_平均,20241231,4.416799
300592,华凯易佰,盈利能力,总资产净利率_平均(含少数股东损益),20241231,4.334845
300592,华凯易佰,成长能力,归母净利润,20241231,170161998.54
300592,华凯易佰,成长能力,营业总收入,20241231,9022209993.05
300592,华凯易佰,成长能力,净利润,20241231,167004651.79
300592,华凯易佰,成长能力,扣非净利润,20241231,161548551.95
300592,华凯易佰,成长能力,营业总收入增长率,20241231,38.422874
300592,华凯易佰,成长能力,归属母公司净利润增长率,20241231,-48.771312
300592,华凯易佰,收益质量,经营活动净现金/销售收入,20241231,-0.03653
300592,华凯易佰,收益质量,经营性现金净流量/营业总收入,20241231,-0.03653
300592,华凯易佰,收益质量,成本费用率,20241231,96.803271
300592,华凯易佰,收益质量,期间费用率,20241231,30.658243
300592,华凯易佰,收益质量,销售成本率,20241231,66.145028
300592,华凯易佰,收益质量,经营活动净现金/归属母公司的净利润,20241231,-1.936917
300592,华凯易佰,收益质量,所得税/利润总额,20241231,23.050383
300592,华凯易佰,财务风险,流动比率,20241231,2.200369
300592,华凯易佰,财务风险,速动比率,20241231,0.830884
300592,华凯易佰,财务风险,保守速动比率,20241231,0.638777
300592,华凯易佰,财务风险,资产负债率,20241231,46.571203
300592,华凯易佰,财务风险,权益乘数,20241231,1.721131
300592,华凯易佰,财务风险,权益乘数(含少数股权的净资产),20241231,1.871649
300592,华凯易佰,财务风险,产权比率,20241231,88.438491
300592,华凯易佰,财务风险,现金比率,20241231,0.304864
300592,华凯易佰,营运能力,应收账款周转率,20241231,21.510344
300592,华凯易佰,营运能力,应收账款周转天数,20241231,16.736133
300592,华凯易佰,营运能力,存货周转率,20241231,4.483782
300592,华凯易佰,营运能力,存货周转天数,20241231,80.289355
300592,华凯易佰,营运能力,总资产周转率,20241231,2.341844
300592,华凯易佰,营运能力,总资产周转天数,20241231,153.724989
300592,华凯易佰,营运能力,流动资产周转率,20241231,3.652216
300592,华凯易佰,营运能力,流动资产周转天数,20241231,98.570283
300592,华凯易佰,营运能力,应付账款周转率,20241231,13.579163
300592,华凯易佰,常用指标,归母净利润,20240930,189283469.79
300592,华凯易佰,常用指标,营业总收入,20240930,6115213894.62
300592,华凯易佰,常用指标,营业成本,20240930,5862874197.57
300592,华凯易佰,常用指标,净利润,20240930,187813617.47
300592,华凯易佰,常用指标,扣非净利润,20240930,186331292.6
300592,华凯易佰,常用指标,股东权益合计(净资产),20240930,2229436465.2
300592,华凯易佰,常用指标,商誉,20240930,727597663.51
300592,华凯易佰,常用指标,经营现金流量净额,20240930,-416818077.93
300592,华凯易佰,常用指标,基本每股收益,20240930,0.4905
300592,华凯易佰,常用指标,每股净资产,20240930,5.47873
300592,华凯易佰,常用指标,每股现金流,20240930,-1.029572
300592,华凯易佰,常用指标,净资产收益率(ROE),20240930,8.71
300592,华凯易佰,常用指标,总资产报酬率(ROA),20240930,5.705669
300592,华凯易佰,常用指标,毛利率,20240930,35.125679
300592,华凯易佰,常用指标,销售净利率,20240930,3.071251
300592,华凯易佰,常用指标,期间费用率,20240930,30.924154
300592,华凯易佰,常用指标,资产负债率,20240930,50.766525
300592,华凯易佰,每股指标,基本每股收益,20240930,0.4905
300592,华凯易佰,每股指标,稀释每股收益,20240930,0.4905
300592,华凯易佰,每股指标,摊薄每股收益_最新股数,20240930,0.483817
300592,华凯易佰,每股指标,摊薄每股净资产_期末股数,20240930,5.47873
300592,华凯易佰,每股指标,调整每股净资产_期末股数,20240930,3.044044
300592,华凯易佰,每股指标,每股净资产_最新股数,20240930,5.669414
300592,华凯易佰,每股指标,每股经营现金流,20240930,-1.029572
300592,华凯易佰,每股指标,每股现金流量净额,20240930,-1.655309
300592,华凯易佰,每股指标,每股企业自由现金流量,20240930,
300592,华凯易佰,每股指标,每股股东自由现金流量,20240930,
300592,华凯易佰,每股指标,每股未分配利润,20240930,1.631407
300592,华凯易佰,每股指标,每股资本公积金,20240930,3.172763
300592,华凯易佰,每股指标,每股盈余公积金,20240930,0.054111
300592,华凯易佰,每股指标,每股留存收益,20240930,1.685518
300592,华凯易佰,每股指标,每股营业收入,20240930,15.105042
300592,华凯易佰,每股指标,每股营业总收入,20240930,15.105042
300592,华凯易佰,每股指标,每股息税前利润,20240930,0.548545
300592,华凯易佰,盈利能力,净资产收益率(ROE),20240930,8.71
300592,华凯易佰,盈利能力,摊薄净资产收益率,20240930,8.533811
300592,华凯易佰,盈利能力,净资产收益率_平均,20240930,8.698681
300592,华凯易佰,盈利能力,净资产收益率_平均_扣除非经常损益,20240930,8.563011
300592,华凯易佰,盈利能力,摊薄净资产收益率_扣除非经常损益,20240930,8.400713
300592,华凯易佰,盈利能力,息税前利润率,20240930,3.631538
300592,华凯易佰,盈利能力,总资产报酬率,20240930,5.705669
300592,华凯易佰,盈利能力,总资本回报率,20240930,8.313533
300592,华凯易佰,盈利能力,投入资本回报率,20240930,7.071976
300592,华凯易佰,盈利能力,息前税后总资产报酬率_平均,20240930,4.825377
300592,华凯易佰,盈利能力,毛利率,20240930,35.125679
300592,华凯易佰,盈利能力,销售净利率,20240930,3.071251
300592,华凯易佰,盈利能力,成本费用利润率,20240930,3.797166
300592,华凯易佰,盈利能力,营业利润率,20240930,3.721546
300592,华凯易佰,盈利能力,总资产净利率_平均,20240930,4.863141
300592,华凯易佰,盈利能力,总资产净利率_平均(含少数股东损益),20240930,4.825377
300592,华凯易佰,成长能力,归母净利润,20240930,189283469.79
300592,华凯易佰,成长能力,营业总收入,20240930,6115213894.62
300592,华凯易佰,成长能力,净利润,20240930,187813617.47
300592,华凯易佰,成长能力,扣非净利润,20240930,186331292.6
300592,华凯易佰,成长能力,营业总收入增长率,20240930,28.748005
300592,华凯易佰,成长能力,归属母公司净利润增长率,20240930,-36.741439
300592,华凯易佰,收益质量,经营活动净现金/销售收入,20240930,-0.06816
300592,华凯易佰,收益质量,经营性现金净流量/营业总收入,20240930,-0.06816
300592,华凯易佰,收益质量,成本费用率,20240930,95.798474
300592,华凯易佰,收益质量,期间费用率,20240930,30.924154
300592,华凯易佰,收益质量,销售成本率,20240930,64.87432
300592,华凯易佰,收益质量,经营活动净现金/归属母公司的净利润,20240930,-2.202083
300592,华凯易佰,收益质量,所得税/利润总额,20240930,15.569923
300592,华凯易佰,财务风险,流动比率,20240930,1.956837
300592,华凯易佰,财务风险,速动比率,20240930,0.661936
300592,华凯易佰,财务风险,保守速动比率,20240930,0.477238
300592,华凯易佰,财务风险,资产负债率,20240930,50.766525
300592,华凯易佰,财务风险,权益乘数,20240930,1.788695
300592,华凯易佰,财务风险,权益乘数(含少数股权的净资产),20240930,2.031138
300592,华凯易佰,财务风险,产权比率,20240930,103.643581
300592,华凯易佰,财务风险,现金比率,20240930,0.186728
300592,华凯易佰,营运能力,应收账款周转率,20240930,14.426457
300592,华凯易佰,营运能力,应收账款周转天数,20240930,18.715612
300592,华凯易佰,营运能力,存货周转率,20240930,2.774765
300592,华凯易佰,营运能力,存货周转天数,20240930,97.30552
300592,华凯易佰,营运能力,总资产周转率,20240930,1.571143
300592,华凯易佰,营运能力,总资产周转天数,20240930,171.849332
300592,华凯易佰,营运能力,流动资产周转率,20240930,2.41445
300592,华凯易佰,营运能力,流动资产周转天数,20240930,111.826677
300592,华凯易佰,营运能力,应付账款周转率,20240930,7.785604
300592,华凯易佰,常用指标,归母净利润,20240630,134533879.7
300592,华凯易佰,常用指标,营业总收入,20240630,3518832273.28
300592,华凯易佰,常用指标,营业成本,20240630,3325651805.37
300592,华凯易佰,常用指标,净利润,20240630,132636919.7
300592,华凯易佰,常用指标,扣非净利润,20240630,130237156.55
300592,华凯易佰,常用指标,股东权益合计(净资产),20240630,2209544132.43
300592,华凯易佰,常用指标,商誉,20240630,652414776.44
300592,华凯易佰,常用指标,经营现金流量净额,20240630,-127669430.62
300592,华凯易佰,常用指标,基本每股收益,20240630,0.35
300592,华凯易佰,常用指标,每股净资产,20240630,5.438695
300592,华凯易佰,常用指标,每股现金流,20240630,-0.315353
300592,华凯易佰,常用指标,净资产收益率(ROE),20240630,6.14
300592,华凯易佰,常用指标,总资产报酬率(ROA),20240630,4.759787
300592,华凯易佰,常用指标,毛利率,20240630,36.669276
300592,华凯易佰,常用指标,销售净利率,20240630,3.769344
300592,华凯易佰,常用指标,期间费用率,20240630,31.08222
300592,华凯易佰,常用指标,资产负债率,20240630,39.28149
300592,华凯易佰,每股指标,基本每股收益,20240630,0.35
300592,华凯易佰,每股指标,稀释每股收益,20240630,0.35
300592,华凯易佰,每股指标,摊薄每股收益_最新股数,20240630,0.343874
300592,华凯易佰,每股指标,摊薄每股净资产_期末股数,20240630,5.438695
300592,华凯易佰,每股指标,调整每股净资产_期末股数,20240630,3.466164
300592,华凯易佰,每股指标,每股净资产_最新股数,20240630,5.627986
300592,华凯易佰,每股指标,每股经营现金流,20240630,-0.315353
300592,华凯易佰,每股指标,每股现金流量净额,20240630,0.319049
300592,华凯易佰,每股指标,每股企业自由现金流量,20240630,0.012099
300592,华凯易佰,每股指标,每股股东自由现金流量,20240630,0.545871
300592,华凯易佰,每股指标,每股未分配利润,20240630,1.496171
300592,华凯易佰,每股指标,每股资本公积金,20240630,3.121164
300592,华凯易佰,每股指标,每股盈余公积金,20240630,0.054111
300592,华凯易佰,每股指标,每股留存收益,20240630,1.550283
300592,华凯易佰,每股指标,每股营业收入,20240630,8.691782
300592,华凯易佰,每股指标,每股营业总收入,20240630,8.691782
300592,华凯易佰,每股指标,每股息税前利润,20240630,0.40533
300592,华凯易佰,盈利能力,净资产收益率(ROE),20240630,6.14
300592,华凯易佰,盈利能力,摊薄净资产收益率,20240630,6.110084
300592,华凯易佰,盈利能力,净资产收益率_平均,20240630,6.205729
300592,华凯易佰,盈利能力,净资产收益率_平均_扣除非经常损益,20240630,6.007531
300592,华凯易佰,盈利能力,摊薄净资产收益率_扣除非经常损益,20240630,5.914941
300592,华凯易佰,盈利能力,息税前利润率,20240630,4.663375
300592,华凯易佰,盈利能力,总资产报酬率,20240630,4.759787
300592,华凯易佰,盈利能力,总资本回报率,20240630,6.413352
300592,华凯易佰,盈利能力,投入资本回报率,20240630,5.388292
300592,华凯易佰,盈利能力,息前税后总资产报酬率_平均,20240630,3.943996
300592,华凯易佰,盈利能力,毛利率,20240630,36.669276
300592,华凯易佰,盈利能力,销售净利率,20240630,3.769344
300592,华凯易佰,盈利能力,成本费用利润率,20240630,4.838967
300592,华凯易佰,盈利能力,营业利润率,20240630,4.605765
300592,华凯易佰,盈利能力,总资产净利率_平均,20240630,3.902296
300592,华凯易佰,盈利能力,总资产净利率_平均(含少数股东损益),20240630,3.847273
300592,华凯易佰,成长能力,归母净利润,20240630,134533879.7
300592,华凯易佰,成长能力,营业总收入,20240630,3518832273.28
300592,华凯易佰,成长能力,净利润,20240630,132636919.7
300592,华凯易佰,成长能力,扣非净利润,20240630,130237156.55
300592,华凯易佰,成长能力,营业总收入增长率,20240630,17.601336
300592,华凯易佰,成长能力,归属母公司净利润增长率,20240630,-35.307589
300592,华凯易佰,收益质量,经营活动净现金/销售收入,20240630,-0.036281
300592,华凯易佰,收益质量,经营性现金净流量/营业总收入,20240630,-0.036281
300592,华凯易佰,收益质量,成本费用率,20240630,94.412944
300592,华凯易佰,收益质量,期间费用率,20240630,31.08222
300592,华凯易佰,收益质量,销售成本率,20240630,63.330723
300592,华凯易佰,收益质量,经营活动净现金/归属母公司的净利润,20240630,-0.948976
300592,华凯易佰,收益质量,所得税/利润总额,20240630,17.494736
300592,华凯易佰,财务风险,流动比率,20240630,2.745788
300592,华凯易佰,财务风险,速动比率,20240630,1.506633
300592,华凯易佰,财务风险,保守速动比率,20240630,1.158377
300592,华凯易佰,财务风险,资产负债率,20240630,39.28149
300592,华凯易佰,财务风险,权益乘数,20240630,1.590276
300592,华凯易佰,财务风险,权益乘数(含少数股权的净资产),20240630,1.646944
300592,华凯易佰,财务风险,产权比率,20240630,64.920984
300592,华凯易佰,财务风险,现金比率,20240630,0.730077
300592,华凯易佰,营运能力,应收账款周转率,20240630,9.161908
300592,华凯易佰,营运能力,应收账款周转天数,20240630,19.646562
300592,华凯易佰,营运能力,存货周转率,20240630,2.319421
300592,华凯易佰,营运能力,存货周转天数,20240630,77.605541
300592,华凯易佰,营运能力,总资产周转率,20240630,1.020674
300592,华凯易佰,营运能力,总资产周转天数,20240630,176.353997
300592,华凯易佰,营运能力,流动资产周转率,20240630,1.596566
300592,华凯易佰,营运能力,流动资产周转天数,20240630,112.741907
300592,华凯易佰,营运能力,应付账款周转率,20240630,5.591908
300592,华凯易佰,常用指标,归母净利润,20240331,81948947.54
300592,华凯易佰,常用指标,营业总收入,20240331,1696741014.32
300592,华凯易佰,常用指标,营业成本,20240331,1602037482.26
300592,华凯易佰,常用指标,净利润,20240331,81948947.54
300592,华凯易佰,常用指标,扣非净利润,20240331,77031096.21
300592,华凯易佰,常用指标,股东权益合计(净资产),20240331,2229686848.08
300592,华凯易佰,常用指标,商誉,20240331,648071876.44
300592,华凯易佰,常用指标,经营现金流量净额,20240331,13534116.03
300592,华凯易佰,常用指标,基本每股收益,20240331,0.2834
300592,华凯易佰,常用指标,每股净资产,20240331,7.710493
300592,华凯易佰,常用指标,每股现金流,20240331,0.046802
300592,华凯易佰,常用指标,净资产收益率(ROE),20240331,3.76
300592,华凯易佰,常用指标,总资产报酬率(ROA),20240331,3.032974
300592,华凯易佰,常用指标,毛利率,20240331,36.455015
300592,华凯易佰,常用指标,销售净利率,20240331,4.829785
300592,华凯易佰,常用指标,期间费用率,20240331,30.813219
300592,华凯易佰,常用指标,资产负债率,20240331,35.663786
300592,华凯易佰,每股指标,基本每股收益,20240331,0.2834
300592,华凯易佰,每股指标,稀释每股收益,20240331,0.2812
300592,华凯易佰,每股指标,摊薄每股收益_最新股数,20240331,0.209465
300592,华凯易佰,每股指标,摊薄每股净资产_期末股数,20240331,7.710493
300592,华凯易佰,每股指标,调整每股净资产_期末股数,20240331,4.92793
300592,华凯易佰,每股指标,每股净资产_最新股数,20240331,5.699181
300592,华凯易佰,每股指标,每股经营现金流,20240331,0.046802
300592,华凯易佰,每股指标,每股现金流量净额,20240331,0.312238
300592,华凯易佰,每股指标,每股企业自由现金流量,20240331,
300592,华凯易佰,每股指标,每股股东自由现金流量,20240331,
300592,华凯易佰,每股指标,每股未分配利润,20240331,2.312795
300592,华凯易佰,每股指标,每股资本公积金,20240331,4.679935
300592,华凯易佰,每股指标,每股盈余公积金,20240331,0.075756
300592,华凯易佰,每股指标,每股留存收益,20240331,2.388552
300592,华凯易佰,每股指标,每股营业收入,20240331,5.86751
300592,华凯易佰,每股指标,每股营业总收入,20240331,5.86751
300592,华凯易佰,每股指标,每股息税前利润,20240331,0.352502
300592,华凯易佰,盈利能力,净资产收益率(ROE),20240331,3.76
300592,华凯易佰,盈利能力,摊薄净资产收益率,20240331,3.675356
300592,华凯易佰,盈利能力,净资产收益率_平均,20240331,3.755982
300592,华凯易佰,盈利能力,净资产收益率_平均_扣除非经常损益,20240331,3.530581
300592,华凯易佰,盈利能力,摊薄净资产收益率_扣除非经常损益,20240331,3.454794
300592,华凯易佰,盈利能力,息税前利润率,20240331,6.007703
300592,华凯易佰,盈利能力,总资产报酬率,20240331,3.032974
300592,华凯易佰,盈利能力,总资本回报率,20240331,4.141356
300592,华凯易佰,盈利能力,投入资本回报率,20240331,3.27477
300592,华凯易佰,盈利能力,息前税后总资产报酬率_平均,20240331,2.438305
300592,华凯易佰,盈利能力,毛利率,20240331,36.455015
300592,华凯易佰,盈利能力,销售净利率,20240331,4.829785
300592,华凯易佰,盈利能力,成本费用利润率,20240331,6.450851
300592,华凯易佰,盈利能力,营业利润率,20240331,6.096694
300592,华凯易佰,盈利能力,总资产净利率_平均,20240331,2.438305
300592,华凯易佰,盈利能力,总资产净利率_平均(含少数股东损益),20240331,2.438305
300592,华凯易佰,成长能力,归母净利润,20240331,81948947.54
300592,华凯易佰,成长能力,营业总收入,20240331,1696741014.32
300592,华凯易佰,成长能力,净利润,20240331,81948947.54
300592,华凯易佰,成长能力,扣非净利润,20240331,77031096.21
300592,华凯易佰,成长能力,营业总收入增长率,20240331,23.046752
300592,华凯易佰,成长能力,归属母公司净利润增长率,20240331,7.673804
300592,华凯易佰,收益质量,经营活动净现金/销售收入,20240331,0.007976
300592,华凯易佰,收益质量,经营性现金净流量/营业总收入,20240331,0.007976
300592,华凯易佰,收益质量,成本费用率,20240331,94.358203
300592,华凯易佰,收益质量,期间费用率,20240331,30.813219
300592,华凯易佰,收益质量,销售成本率,20240331,63.544984
300592,华凯易佰,收益质量,经营活动净现金/归属母公司的净利润,20240331,0.165153
300592,华凯易佰,收益质量,所得税/利润总额,20240331,20.652891
300592,华凯易佰,财务风险,流动比率,20240331,2.840117
300592,华凯易佰,财务风险,速动比率,20240331,1.706828
300592,华凯易佰,财务风险,保守速动比率,20240331,1.385292
300592,华凯易佰,财务风险,资产负债率,20240331,35.663786
300592,华凯易佰,财务风险,权益乘数,20240331,1.540406
300592,华凯易佰,财务风险,权益乘数(含少数股权的净资产),20240331,1.554334
300592,华凯易佰,财务风险,产权比率,20240331,55.433456
300592,华凯易佰,财务风险,现金比率,20240331,0.888294
300592,华凯易佰,营运能力,应收账款周转率,20240331,4.329377
300592,华凯易佰,营运能力,应收账款周转天数,20240331,20.788205
300592,华凯易佰,营运能力,存货周转率,20240331,1.247235
300592,华凯易佰,营运能力,存货周转天数,20240331,72.159596
300592,华凯易佰,营运能力,总资产周转率,20240331,0.504847
300592,华凯易佰,营运能力,总资产周转天数,20240331,178.271648
300592,华凯易佰,营运能力,流动资产周转率,20240331,0.800708
300592,华凯易佰,营运能力,流动资产周转天数,20240331,112.400423
300592,华凯易佰,营运能力,应付账款周转率,20240331,2.796451
300592,华凯易佰,常用指标,归母净利润,20231231,332161543.85
300592,华凯易佰,常用指标,营业总收入,20231231,6517860595.35
300592,华凯易佰,常用指标,营业成本,20231231,6102479575.49
300592,华凯易佰,常用指标,净利润,20231231,348570601.33
300592,华凯易佰,常用指标,扣非净利润,20231231,288633340.03
300592,华凯易佰,常用指标,股东权益合计(净资产),20231231,2133962523.65
300592,华凯易佰,常用指标,商誉,20231231,641471876.44
300592,华凯易佰,常用指标,经营现金流量净额,20231231,366009900.05
300592,华凯易佰,常用指标,基本每股收益,20231231,0.876
300592,华凯易佰,常用指标,每股净资产,20231231,7.379468
300592,华凯易佰,常用指标,每股现金流,20231231,1.265701
300592,华凯易佰,常用指标,净资产收益率(ROE),20231231,15.83
300592,华凯易佰,常用指标,总资产报酬率(ROA),20231231,12.929132
300592,华凯易佰,常用指标,毛利率,20231231,36.957341
300592,华凯易佰,常用指标,销售净利率,20231231,5.347929
300592,华凯易佰,常用指标,期间费用率,20231231,30.526196
300592,华凯易佰,常用指标,资产负债率,20231231,34.462957
300592,华凯易佰,每股指标,基本每股收益,20231231,0.876
300592,华凯易佰,每股指标,稀释每股收益,20231231,0.868
300592,华凯易佰,每股指标,摊薄每股收益_最新股数,20231231,0.84902
300592,华凯易佰,每股指标,摊薄每股净资产_期末股数,20231231,7.379468
300592,华凯易佰,每股指标,调整每股净资产_期末股数,20231231,4.619225
300592,华凯易佰,每股指标,每股净资产_最新股数,20231231,5.454505
300592,华凯易佰,每股指标,每股经营现金流,20231231,1.265701
300592,华凯易佰,每股指标,每股现金流量净额,20231231,-1.176589
300592,华凯易佰,每股指标,每股企业自由现金流量,20231231,1.09314
300592,华凯易佰,每股指标,每股股东自由现金流量,20231231,1.537436
300592,华凯易佰,每股指标,每股未分配利润,20231231,2.029407
300592,华凯易佰,每股指标,每股资本公积金,20231231,5.264503
300592,华凯易佰,每股指标,每股盈余公积金,20231231,0.075756
300592,华凯易佰,每股指标,每股留存收益,20231231,2.105164
300592,华凯易佰,每股指标,每股营业收入,20231231,22.539453
300592,华凯易佰,每股指标,每股营业总收入,20231231,22.539453
300592,华凯易佰,每股指标,每股息税前利润,20231231,1.427498
300592,华凯易佰,盈利能力,净资产收益率(ROE),20231231,15.83
300592,华凯易佰,盈利能力,摊薄净资产收益率,20231231,15.565481
300592,华凯易佰,盈利能力,净资产收益率_平均,20231231,15.312399
300592,华凯易佰,盈利能力,净资产收益率_平均_扣除非经常损益,20231231,13.305781
300592,华凯易佰,盈利能力,摊薄净资产收益率_扣除非经常损益,20231231,13.525698
300592,华凯易佰,盈利能力,息税前利润率,20231231,6.333333
300592,华凯易佰,盈利能力,总资产报酬率,20231231,12.929132
300592,华凯易佰,盈利能力,总资本回报率,20231231,17.439486
300592,华凯易佰,盈利能力,投入资本回报率,20231231,14.264053
300592,华凯易佰,盈利能力,息前税后总资产报酬率_平均,20231231,11.091682
300592,华凯易佰,盈利能力,毛利率,20231231,36.957341
300592,华凯易佰,盈利能力,销售净利率,20231231,5.347929
300592,华凯易佰,盈利能力,成本费用利润率,20231231,6.67744
300592,华凯易佰,盈利能力,营业利润率,20231231,6.28244
300592,华凯易佰,盈利能力,总资产净利率_平均,20231231,10.403544
300592,华凯易佰,盈利能力,总资产净利率_平均(含少数股东损益),20231231,10.917488
300592,华凯易佰,成长能力,归母净利润,20231231,332161543.85
300592,华凯易佰,成长能力,营业总收入,20231231,6517860595.35
300592,华凯易佰,成长能力,净利润,20231231,348570601.33
300592,华凯易佰,成长能力,扣非净利润,20231231,288633340.03
300592,华凯易佰,成长能力,营业总收入增长率,20231231,47.562262
300592,华凯易佰,成长能力,归属母公司净利润增长率,20231231,53.081791
300592,华凯易佰,收益质量,经营活动净现金/销售收入,20231231,0.056154
300592,华凯易佰,收益质量,经营性现金净流量/营业总收入,20231231,0.056154
300592,华凯易佰,收益质量,成本费用率,20231231,93.568855
300592,华凯易佰,收益质量,期间费用率,20231231,30.526196
300592,华凯易佰,收益质量,销售成本率,20231231,63.042658
300592,华凯易佰,收益质量,经营活动净现金/归属母公司的净利润,20231231,1.101903
300592,华凯易佰,收益质量,所得税/利润总额,20231231,14.405794
300592,华凯易佰,财务风险,流动比率,20231231,3.021059
300592,华凯易佰,财务风险,速动比率,20231231,1.758986
300592,华凯易佰,财务风险,保守速动比率,20231231,1.381305
300592,华凯易佰,财务风险,资产负债率,20231231,34.462957
300592,华凯易佰,财务风险,权益乘数,20231231,1.471844
300592,华凯易佰,财务风险,权益乘数(含少数股权的净资产),20231231,1.525854
300592,华凯易佰,财务风险,产权比率,20231231,52.585463
300592,华凯易佰,财务风险,现金比率,20231231,0.789501
300592,华凯易佰,营运能力,应收账款周转率,20231231,18.6763
300592,华凯易佰,营运能力,应收账款周转天数,20231231,19.275766
300592,华凯易佰,营运能力,存货周转率,20231231,5.700794
300592,华凯易佰,营运能力,存货周转天数,20231231,63.14909
300592,华凯易佰,营运能力,总资产周转率,20231231,2.041442
300592,华凯易佰,营运能力,总资产周转天数,20231231,176.345932
300592,华凯易佰,营运能力,流动资产周转率,20231231,3.30676
300592,华凯易佰,营运能力,流动资产周转天数,20231231,108.867883
300592,华凯易佰,营运能力,应付账款周转率,20231231,11.324725
300592,华凯易佰,常用指标,归母净利润,20230930,299221907.31
300592,华凯易佰,常用指标,营业总收入,20230930,4749754256.78
300592,华凯易佰,常用指标,营业成本,20230930,4374087057.39
300592,华凯易佰,常用指标,净利润,20230930,318002970.15
300592,华凯易佰,常用指标,扣非净利润,20230930,282216865.32
300592,华凯易佰,常用指标,股东权益合计(净资产),20230930,2080818206.51
300592,华凯易佰,常用指标,商誉,20230930,641471876.44
300592,华凯易佰,常用指标,经营现金流量净额,20230930,355058650.54
300592,华凯易佰,常用指标,基本每股收益,20230930,1.0604
300592,华凯易佰,常用指标,每股净资产,20230930,7.19569
300592,华凯易佰,常用指标,每股现金流,20230930,1.22783
300592,华凯易佰,常用指标,净资产收益率(ROE),20230930,13.94
300592,华凯易佰,常用指标,总资产报酬率(ROA),20230930,11.79166
300592,华凯易佰,常用指标,毛利率,20230930,37.810717
300592,华凯易佰,常用指标,销售净利率,20230930,6.695145
300592,华凯易佰,常用指标,期间费用率,20230930,29.845879
300592,华凯易佰,常用指标,资产负债率,20230930,35.603479
300592,华凯易佰,每股指标,基本每股收益,20230930,1.0604
300592,华凯易佰,每股指标,稀释每股收益,20230930,1.0201
300592,华凯易佰,每股指标,摊薄每股收益_最新股数,20230930,0.764824
300592,华凯易佰,每股指标,摊薄每股净资产_期末股数,20230930,7.19569
300592,华凯易佰,每股指标,调整每股净资产_期末股数,20230930,4.395421
300592,华凯易佰,每股指标,每股净资产_最新股数,20230930,5.318666
300592,华凯易佰,每股指标,每股经营现金流,20230930,1.22783
300592,华凯易佰,每股指标,每股现金流量净额,20230930,-0.783527
300592,华凯易佰,每股指标,每股企业自由现金流量,20230930,
300592,华凯易佰,每股指标,每股股东自由现金流量,20230930,
300592,华凯易佰,每股指标,每股未分配利润,20230930,1.964082
300592,华凯易佰,每股指标,每股资本公积金,20230930,5.24404
300592,华凯易佰,每股指标,每股盈余公积金,20230930,0.018563
300592,华凯易佰,每股指标,每股留存收益,20230930,1.982646
300592,华凯易佰,每股指标,每股营业收入,20230930,16.425154
300592,华凯易佰,每股指标,每股营业总收入,20230930,16.425154
300592,华凯易佰,每股指标,每股息税前利润,20230930,1.296842
300592,华凯易佰,盈利能力,净资产收益率(ROE),20230930,13.94
300592,华凯易佰,盈利能力,摊薄净资产收益率,20230930,14.380011
300592,华凯易佰,盈利能力,净资产收益率_平均,20230930,13.964971
300592,华凯易佰,盈利能力,净资产收益率_平均_扣除非经常损益,20230930,13.17133
300592,华凯易佰,盈利能力,摊薄净资产收益率_扣除非经常损益,20230930,13.562783
300592,华凯易佰,盈利能力,息税前利润率,20230930,7.895468
300592,华凯易佰,盈利能力,总资产报酬率,20230930,11.79166
300592,华凯易佰,盈利能力,总资本回报率,20230930,16.062264
300592,华凯易佰,盈利能力,投入资本回报率,20230930,12.849779
300592,华凯易佰,盈利能力,息前税后总资产报酬率_平均,20230930,9.999012
300592,华凯易佰,盈利能力,毛利率,20230930,37.810717
300592,华凯易佰,盈利能力,销售净利率,20230930,6.695145
300592,华凯易佰,盈利能力,成本费用利润率,20230930,8.558859
300592,华凯易佰,盈利能力,营业利润率,20230930,7.948095
300592,华凯易佰,盈利能力,总资产净利率_平均,20230930,9.408476
300592,华凯易佰,盈利能力,总资产净利率_平均(含少数股东损益),20230930,9.999012
300592,华凯易佰,成长能力,归母净利润,20230930,299221907.31
300592,华凯易佰,成长能力,营业总收入,20230930,4749754256.78
300592,华凯易佰,成长能力,净利润,20230930,318002970.15
300592,华凯易佰,成长能力,扣非净利润,20230930,282216865.32
300592,华凯易佰,成长能力,营业总收入增长率,20230930,55.288726
300592,华凯易佰,成长能力,归属母公司净利润增长率,20230930,109.023095
300592,华凯易佰,收益质量,经营活动净现金/销售收入,20230930,0.074753
300592,华凯易佰,收益质量,经营性现金净流量/营业总收入,20230930,0.074753
300592,华凯易佰,收益质量,成本费用率,20230930,92.035162
300592,华凯易佰,收益质量,期间费用率,20230930,29.845879
300592,华凯易佰,收益质量,销售成本率,20230930,62.189282
300592,华凯易佰,收益质量,经营活动净现金/归属母公司的净利润,20230930,1.186606
300592,华凯易佰,收益质量,所得税/利润总额,20230930,15.005589
300592,华凯易佰,财务风险,流动比率,20230930,2.78355
300592,华凯易佰,财务风险,速动比率,20230930,1.672962
300592,华凯易佰,财务风险,保守速动比率,20230930,1.404075
300592,华凯易佰,财务风险,资产负债率,20230930,35.603479
300592,华凯易佰,财务风险,权益乘数,20230930,1.484296
300592,华凯易佰,财务风险,权益乘数(含少数股权的净资产),20230930,1.552878
300592,华凯易佰,财务风险,产权比率,20230930,55.287894
300592,华凯易佰,财务风险,现金比率,20230930,0.950883
300592,华凯易佰,营运能力,应收账款周转率,20230930,15.223251
300592,华凯易佰,营运能力,应收账款周转天数,20230930,17.736027
300592,华凯易佰,营运能力,存货周转率,20230930,4.262219
300592,华凯易佰,营运能力,存货周转天数,20230930,63.347284
300592,华凯易佰,营运能力,总资产周转率,20230930,1.493471
300592,华凯易佰,营运能力,总资产周转天数,20230930,180.786794
300592,华凯易佰,营运能力,流动资产周转率,20230930,2.437009
300592,华凯易佰,营运能力,流动资产周转天数,20230930,110.79154
300592,华凯易佰,营运能力,应付账款周转率,20230930,7.871036
300592,华凯易佰,常用指标,归母净利润,20230630,207959293.06
300592,华凯易佰,常用指标,营业总收入,20230630,2992170296.01
300592,华凯易佰,常用指标,营业成本,20230630,2726536441.3
300592,华凯易佰,常用指标,净利润,20230630,226740355.9
300592,华凯易佰,常用指标,扣非净利润,20230630,192541881.3
300592,华凯易佰,常用指标,股东权益合计(净资产),20230630,2045113537.83
300592,华凯易佰,常用指标,商誉,20230630,641471876.44
300592,华凯易佰,常用指标,经营现金流量净额,20230630,277370050.96
300592,华凯易佰,常用指标,基本每股收益,20230630,0.76
300592,华凯易佰,常用指标,每股净资产,20230630,7.072219
300592,华凯易佰,常用指标,每股现金流,20230630,0.959175
300592,华凯易佰,常用指标,净资产收益率(ROE),20230630,9.42
300592,华凯易佰,常用指标,总资产报酬率(ROA),20230630,8.532356
300592,华凯易佰,常用指标,毛利率,20230630,38.221061
300592,华凯易佰,常用指标,销售净利率,20230630,7.577789
300592,华凯易佰,常用指标,期间费用率,20230630,29.283313
300592,华凯易佰,常用指标,资产负债率,20230630,34.507934
300592,华凯易佰,每股指标,基本每股收益,20230630,0.76
300592,华凯易佰,每股指标,稀释每股收益,20230630,0.75
300592,华凯易佰,每股指标,摊薄每股收益_最新股数,20230630,0.531553
300592,华凯易佰,每股指标,摊薄每股净资产_期末股数,20230630,7.072219
300592,华凯易佰,每股指标,调整每股净资产_期末股数,20230630,4.283729
300592,华凯易佰,每股指标,每股净资产_最新股数,20230630,5.227403
300592,华凯易佰,每股指标,每股经营现金流,20230630,0.959175
300592,华凯易佰,每股指标,每股现金流量净额,20230630,-0.782921
300592,华凯易佰,每股指标,每股企业自由现金流量,20230630,1.112915
300592,华凯易佰,每股指标,每股股东自由现金流量,20230630,1.76676
300592,华凯易佰,每股指标,每股未分配利润,20230630,1.648486
300592,华凯易佰,每股指标,每股资本公积金,20230630,5.209574
300592,华凯易佰,每股指标,每股盈余公积金,20230630,0.018563
300592,华凯易佰,每股指标,每股留存收益,20230630,1.66705
300592,华凯易佰,每股指标,每股营业收入,20230630,10.347242
300592,华凯易佰,每股指标,每股营业总收入,20230630,10.347242
300592,华凯易佰,每股指标,每股息税前利润,20230630,0.922368
300592,华凯易佰,盈利能力,净资产收益率(ROE),20230630,9.42
300592,华凯易佰,盈利能力,摊薄净资产收益率,20230630,10.168594
300592,华凯易佰,盈利能力,净资产收益率_平均,20230630,9.787204
300592,华凯易佰,盈利能力,净资产收益率_平均_扣除非经常损益,20230630,9.061613
300592,华凯易佰,盈利能力,摊薄净资产收益率_扣除非经常损益,20230630,9.414728
300592,华凯易佰,盈利能力,息税前利润率,20230630,8.914148
300592,华凯易佰,盈利能力,总资产报酬率,20230630,8.532356
300592,华凯易佰,盈利能力,总资本回报率,20230630,11.375136
300592,华凯易佰,盈利能力,投入资本回报率,20230630,8.944446
300592,华凯易佰,盈利能力,息前税后总资产报酬率_平均,20230630,7.311695
300592,华凯易佰,盈利能力,毛利率,20230630,38.221061
300592,华凯易佰,盈利能力,销售净利率,20230630,7.577789
300592,华凯易佰,盈利能力,成本费用利润率,20230630,9.721997
300592,华凯易佰,盈利能力,营业利润率,20230630,8.835101
300592,华凯易佰,盈利能力,总资产净利率_平均,20230630,6.652443
300592,华凯易佰,盈利能力,总资产净利率_平均(含少数股东损益),20230630,7.253233
300592,华凯易佰,成长能力,归母净利润,20230630,207959293.06
300592,华凯易佰,成长能力,营业总收入,20230630,2992170296.01
300592,华凯易佰,成长能力,净利润,20230630,226740355.9
300592,华凯易佰,成长能力,扣非净利润,20230630,192541881.3
300592,华凯易佰,成长能力,营业总收入增长率,20230630,52.097448
300592,华凯易佰,成长能力,归属母公司净利润增长率,20230630,149.662717
300592,华凯易佰,收益质量,经营活动净现金/销售收入,20230630,0.092698
300592,华凯易佰,收益质量,经营性现金净流量/营业总收入,20230630,0.092698
300592,华凯易佰,收益质量,成本费用率,20230630,91.062251
300592,华凯易佰,收益质量,期间费用率,20230630,29.283313
300592,华凯易佰,收益质量,销售成本率,20230630,61.778938
300592,华凯易佰,收益质量,经营活动净现金/归属母公司的净利润,20230630,1.33377
300592,华凯易佰,收益质量,所得税/利润总额,20230630,14.404958
300592,华凯易佰,财务风险,流动比率,20230630,2.787619
300592,华凯易佰,财务风险,速动比率,20230630,1.84887
300592,华凯易佰,财务风险,保守速动比率,20230630,1.592384
300592,华凯易佰,财务风险,资产负债率,20230630,34.507934
300592,华凯易佰,财务风险,权益乘数,20230630,1.471219
300592,华凯易佰,财务风险,权益乘数(含少数股权的净资产),20230630,1.526902
300592,华凯易佰,财务风险,产权比率,20230630,52.690252
300592,华凯易佰,财务风险,现金比率,20230630,1.071096
300592,华凯易佰,营运能力,应收账款周转率,20230630,9.11741
300592,华凯易佰,营运能力,应收账款周转天数,20230630,19.742448
300592,华凯易佰,营运能力,存货周转率,20230630,2.992553
300592,华凯易佰,营运能力,存货周转天数,20230630,60.149303
300592,华凯易佰,营运能力,总资产周转率,20230630,0.95717
300592,华凯易佰,营运能力,总资产周转天数,20230630,188.054342
300592,华凯易佰,营运能力,流动资产周转率,20230630,1.568396
300592,华凯易佰,营运能力,流动资产周转天数,20230630,114.766881
300592,华凯易佰,营运能力,应付账款周转率,20230630,5.216314
300592,华凯易佰,常用指标,归母净利润,20230331,76108527.59
300592,华凯易佰,常用指标,营业总收入,20230331,1378940104.95
300592,华凯易佰,常用指标,营业成本,20230331,1285079241.63
300592,华凯易佰,常用指标,净利润,20230331,85505735.1
300592,华凯易佰,常用指标,扣非净利润,20230331,72174089.42
300592,华凯易佰,常用指标,股东权益合计(净资产),20230331,2284984507.06
300592,华凯易佰,常用指标,商誉,20230331,641471876.44
300592,华凯易佰,常用指标,经营现金流量净额,20230331,162894028.58
300592,华凯易佰,常用指标,基本每股收益,20230331,0.2646
300592,华凯易佰,常用指标,每股净资产,20230331,7.40664
300592,华凯易佰,常用指标,每股现金流,20230331,0.563304
300592,华凯易佰,常用指标,净资产收益率(ROE),20230331,3.45
300592,华凯易佰,常用指标,总资产报酬率(ROA),20230331,3.318589
300592,华凯易佰,常用指标,毛利率,20230331,37.993905
300592,华凯易佰,常用指标,销售净利率,20230331,6.20083
300592,华凯易佰,常用指标,期间费用率,20230331,31.123818
300592,华凯易佰,常用指标,资产负债率,20230331,26.755593
300592,华凯易佰,每股指标,基本每股收益,20230331,0.2646
300592,华凯易佰,每股指标,稀释每股收益,20230331,0.2646
300592,华凯易佰,每股指标,摊薄每股收益_最新股数,20230331,0.194536
300592,华凯易佰,每股指标,摊薄每股净资产_期末股数,20230331,7.40664
300592,华凯易佰,每股指标,调整每股净资产_期末股数,20230331,4.662249
300592,华凯易佰,每股指标,每股净资产_最新股数,20230331,5.474589
300592,华凯易佰,每股指标,每股经营现金流,20230331,0.563304
300592,华凯易佰,每股指标,每股现金流量净额,20230331,-0.700818
300592,华凯易佰,每股指标,每股企业自由现金流量,20230331,
300592,华凯易佰,每股指标,每股股东自由现金流量,20230331,
300592,华凯易佰,每股指标,每股未分配利润,20230331,1.196837
300592,华凯易佰,每股指标,每股资本公积金,20230331,5.883835
300592,华凯易佰,每股指标,每股盈余公积金,20230331,0.018563
300592,华凯易佰,每股指标,每股留存收益,20230331,1.215401
300592,华凯易佰,每股指标,每股营业收入,20230331,4.768521
300592,华凯易佰,每股指标,每股营业总收入,20230331,4.768521
300592,华凯易佰,每股指标,每股息税前利润,20230331,0.358574
300592,华凯易佰,盈利能力,净资产收益率(ROE),20230331,3.45
300592,华凯易佰,盈利能力,摊薄净资产收益率,20230331,3.553451
300592,华凯易佰,盈利能力,净资产收益率_平均,20230331,3.502203
300592,华凯易佰,盈利能力,净资产收益率_平均_扣除非经常损益,20230331,3.321156
300592,华凯易佰,盈利能力,摊薄净资产收益率_扣除非经常损益,20230331,3.369755
300592,华凯易佰,盈利能力,息税前利润率,20230331,7.519614
300592,华凯易佰,盈利能力,总资产报酬率,20230331,3.318589
300592,华凯易佰,盈利能力,总资本回报率,20230331,4.517201
300592,华凯易佰,盈利能力,投入资本回报率,20230331,3.384466
300592,华凯易佰,盈利能力,息前税后总资产报酬率_平均,20230331,2.736577
300592,华凯易佰,盈利能力,毛利率,20230331,37.993905
300592,华凯易佰,盈利能力,销售净利率,20230331,6.20083
300592,华凯易佰,盈利能力,成本费用利润率,20230331,7.949586
300592,华凯易佰,盈利能力,营业利润率,20230331,7.401908
300592,华凯易佰,盈利能力,总资产净利率_平均,20230331,2.435823
300592,华凯易佰,盈利能力,总资产净利率_平均(含少数股东损益),20230331,2.736577
300592,华凯易佰,成长能力,归母净利润,20230331,76108527.59
300592,华凯易佰,成长能力,营业总收入,20230331,1378940104.95
300592,华凯易佰,成长能力,净利润,20230331,85505735.1
300592,华凯易佰,成长能力,扣非净利润,20230331,72174089.42
300592,华凯易佰,成长能力,营业总收入增长率,20230331,47.444128
300592,华凯易佰,成长能力,归属母公司净利润增长率,20230331,119.204985
300592,华凯易佰,收益质量,经营活动净现金/销售收入,20230331,0.118129
300592,华凯易佰,收益质量,经营性现金净流量/营业总收入,20230331,0.118129
300592,华凯易佰,收益质量,成本费用率,20230331,93.129912
300592,华凯易佰,收益质量,期间费用率,20230331,31.123818
300592,华凯易佰,收益质量,销售成本率,20230331,62.006094
300592,华凯易佰,收益质量,经营活动净现金/归属母公司的净利润,20230331,2.140286
300592,华凯易佰,收益质量,所得税/利润总额,20230331,16.243964
300592,华凯易佰,财务风险,流动比率,20230331,2.874562
300592,华凯易佰,财务风险,速动比率,20230331,2.004342
300592,华凯易佰,财务风险,保守速动比率,20230331,1.758061
300592,华凯易佰,财务风险,资产负债率,20230331,26.755593
300592,华凯易佰,财务风险,权益乘数,20230331,1.43779
300592,华凯易佰,财务风险,权益乘数(含少数股权的净资产),20230331,1.365291
300592,华凯易佰,财务风险,产权比率,20230331,38.9709
300592,华凯易佰,财务风险,现金比率,20230331,1.307706
300592,华凯易佰,营运能力,应收账款周转率,20230331,4.563377
300592,华凯易佰,营运能力,应收账款周转天数,20230331,19.722233
300592,华凯易佰,营运能力,存货周转率,20230331,1.447436
300592,华凯易佰,营运能力,存货周转天数,20230331,62.178886
300592,华凯易佰,营运能力,总资产周转率,20230331,0.441324
300592,华凯易佰,营运能力,总资产周转天数,20230331,203.931626
300592,华凯易佰,营运能力,流动资产周转率,20230331,0.716346
300592,华凯易佰,营运能力,流动资产周转天数,20230331,125.637509
300592,华凯易佰,营运能力,应付账款周转率,20230331,2.309024
300592,华凯易佰,常用指标,归母净利润,20221231,216983052.5
300592,华凯易佰,常用指标,营业总收入,20221231,4417024029.4
300592,华凯易佰,常用指标,营业成本,20221231,4125842108.35
300592,华凯易佰,常用指标,净利润,20221231,244662061.74
300592,华凯易佰,常用指标,扣非净利润,20221231,198541457.55
300592,华凯易佰,常用指标,股东权益合计(净资产),20221231,2339431484.93
300592,华凯易佰,常用指标,商誉,20221231,641471876.44
300592,华凯易佰,常用指标,经营现金流量净额,20221231,285311895.08
300592,华凯易佰,常用指标,基本每股收益,20221231,0.761
300592,华凯易佰,常用指标,每股净资产,20221231,7.619098
300592,华凯易佰,常用指标,每股现金流,20221231,0.986638
300592,华凯易佰,常用指标,净资产收益率(ROE),20221231,10.05
300592,华凯易佰,常用指标,总资产报酬率(ROA),20221231,9.504646
300592,华凯易佰,常用指标,毛利率,20221231,37.924963
300592,华凯易佰,常用指标,销售净利率,20221231,5.52016
300592,华凯易佰,常用指标,期间费用率,20221231,31.24105
300592,华凯易佰,常用指标,资产负债率,20221231,25.263244
300592,华凯易佰,每股指标,基本每股收益,20221231,0.761
300592,华凯易佰,每股指标,稀释每股收益,20221231,0.761
300592,华凯易佰,每股指标,摊薄每股收益_最新股数,20221231,0.552697
300592,华凯易佰,每股指标,摊薄每股净资产_期末股数,20221231,7.619098
300592,华凯易佰,每股指标,调整每股净资产_期末股数,20221231,4.862779
300592,华凯易佰,每股指标,每股净资产_最新股数,20221231,5.631626
300592,华凯易佰,每股指标,每股经营现金流,20221231,0.986638
300592,华凯易佰,每股指标,每股现金流量净额,20221231,1.244052
300592,华凯易佰,每股指标,每股企业自由现金流量,20221231,0.27408
300592,华凯易佰,每股指标,每股股东自由现金流量,20221231,0.461028
300592,华凯易佰,每股指标,每股未分配利润,20221231,0.933645
300592,华凯易佰,每股指标,每股资本公积金,20221231,5.849369
300592,华凯易佰,每股指标,每股盈余公积金,20221231,0.018563
300592,华凯易佰,每股指标,每股留存收益,20221231,0.952209
300592,华凯易佰,每股指标,每股营业收入,20221231,15.274538
300592,华凯易佰,每股指标,每股营业总收入,20221231,15.274538
300592,华凯易佰,每股指标,每股息税前利润,20221231,1.002052
300592,华凯易佰,盈利能力,净资产收益率(ROE),20221231,10.05
300592,华凯易佰,盈利能力,摊薄净资产收益率,20221231,9.814164
300592,华凯易佰,盈利能力,净资产收益率_平均,20221231,10.080083
300592,华凯易佰,盈利能力,净资产收益率_平均_扣除非经常损益,20221231,9.255432
300592,华凯易佰,盈利能力,摊薄净资产收益率_扣除非经常损益,20221231,9.011268
300592,华凯易佰,盈利能力,息税前利润率,20221231,6.560279
300592,华凯易佰,盈利能力,总资产报酬率,20221231,9.504646
300592,华凯易佰,盈利能力,总资本回报率,20221231,12.85294
300592,华凯易佰,盈利能力,投入资本回报率,20221231,9.66992
300592,华凯易佰,盈利能力,息前税后总资产报酬率_平均,20221231,8.055981
300592,华凯易佰,盈利能力,毛利率,20221231,37.924963
300592,华凯易佰,盈利能力,销售净利率,20221231,5.52016
300592,华凯易佰,盈利能力,成本费用利润率,20221231,6.987064
300592,华凯易佰,盈利能力,营业利润率,20221231,6.474139
300592,华凯易佰,盈利能力,总资产净利率_平均,20221231,7.09255
300592,华凯易佰,盈利能力,总资产净利率_平均(含少数股东损益),20221231,7.997703
300592,华凯易佰,成长能力,归母净利润,20221231,216983052.5
300592,华凯易佰,成长能力,营业总收入,20221231,4417024029.4
300592,华凯易佰,成长能力,净利润,20221231,244662061.74
300592,华凯易佰,成长能力,扣非净利润,20221231,198541457.55
300592,华凯易佰,成长能力,营业总收入增长率,20221231,112.882838
300592,华凯易佰,成长能力,归属母公司净利润增长率,20221231,347.393393
300592,华凯易佰,收益质量,经营活动净现金/销售收入,20221231,0.064593
300592,华凯易佰,收益质量,经营性现金净流量/营业总收入,20221231,0.064593
300592,华凯易佰,收益质量,成本费用率,20221231,93.316086
300592,华凯易佰,收益质量,期间费用率,20221231,31.24105
300592,华凯易佰,收益质量,销售成本率,20221231,62.075036
300592,华凯易佰,收益质量,经营活动净现金/归属母公司的净利润,20221231,1.319475
300592,华凯易佰,收益质量,所得税/利润总额,20221231,15.335686
300592,华凯易佰,财务风险,流动比率,20221231,3.089287
300592,华凯易佰,财务风险,速动比率,20221231,2.128456
300592,华凯易佰,财务风险,保守速动比率,20221231,1.855685
300592,华凯易佰,财务风险,资产负债率,20221231,25.263244
300592,华凯易佰,财务风险,权益乘数,20221231,1.421221
300592,华凯易佰,财务风险,权益乘数(含少数股权的净资产),20221231,1.338029
300592,华凯易佰,财务风险,产权比率,20221231,35.870969
300592,华凯易佰,财务风险,现金比率,20221231,1.369783
300592,华凯易佰,营运能力,应收账款周转率,20221231,15.521127
300592,华凯易佰,营运能力,应收账款周转天数,20221231,23.19419
300592,华凯易佰,营运能力,存货周转率,20221231,4.641386
300592,华凯易佰,营运能力,存货周转天数,20221231,77.563022
300592,华凯易佰,营运能力,总资产周转率,20221231,1.448817
300592,华凯易佰,营运能力,总资产周转天数,20221231,248.478544
300592,华凯易佰,营运能力,流动资产周转率,20221231,2.437198
300592,华凯易佰,营运能力,流动资产周转天数,20221231,147.7106
300592,华凯易佰,营运能力,应付账款周转率,20221231,6.896872
300592,华凯易佰,常用指标,归母净利润,20220930,143152557.58
300592,华凯易佰,常用指标,营业总收入,20220930,3058660065.54
300592,华凯易佰,常用指标,营业成本,20220930,2876148510.27
300592,华凯易佰,常用指标,净利润,20220930,160835658.41
300592,华凯易佰,常用指标,扣非净利润,20220930,134045542.4
300592,华凯易佰,常用指标,股东权益合计(净资产),20220930,2295826781.57
300592,华凯易佰,常用指标,商誉,20220930,641471876.44
300592,华凯易佰,常用指标,经营现金流量净额,20220930,96269930.89
300592,华凯易佰,常用指标,基本每股收益,20220930,0.4992
300592,华凯易佰,常用指标,每股净资产,20220930,7.505393
300592,华凯易佰,常用指标,每股现金流,20220930,0.332911
300592,华凯易佰,常用指标,净资产收益率(ROE),20220930,6.67
300592,华凯易佰,常用指标,总资产报酬率(ROA),20220930,6.519057
300592,华凯易佰,常用指标,毛利率,20220930,38.284031
300592,华凯易佰,常用指标,销售净利率,20220930,5.27885
300592,华凯易佰,常用指标,期间费用率,20220930,32.220711
300592,华凯易佰,常用指标,资产负债率,20220930,23.690098
300592,华凯易佰,每股指标,基本每股收益,20220930,0.4992
300592,华凯易佰,每股指标,稀释每股收益,20220930,0.4992
300592,华凯易佰,每股指标,摊薄每股收益_最新股数,20220930,0.367345
300592,华凯易佰,每股指标,摊薄每股净资产_期末股数,20220930,7.505393
300592,华凯易佰,每股指标,调整每股净资产_期末股数,20220930,4.750285
300592,华凯易佰,每股指标,每股净资产_最新股数,20220930,5.547582
300592,华凯易佰,每股指标,每股经营现金流,20220930,0.332911
300592,华凯易佰,每股指标,每股现金流量净额,20220930,-0.261064
300592,华凯易佰,每股指标,每股企业自由现金流量,20220930,
300592,华凯易佰,每股指标,每股股东自由现金流量,20220930,
300592,华凯易佰,每股指标,每股未分配利润,20220930,0.682881
300592,华凯易佰,每股指标,每股资本公积金,20220930,6.035391
300592,华凯易佰,每股指标,每股盈余公积金,20220930,0.018563
300592,华凯易佰,每股指标,每股留存收益,20220930,0.701445
300592,华凯易佰,每股指标,每股营业收入,20220930,10.577171
300592,华凯易佰,每股指标,每股营业总收入,20220930,10.577171
300592,华凯易佰,每股指标,每股息税前利润,20220930,0.673782
300592,华凯易佰,盈利能力,净资产收益率(ROE),20220930,6.67
300592,华凯易佰,盈利能力,摊薄净资产收益率,20220930,6.621723
300592,华凯易佰,盈利能力,净资产收益率_平均,20220930,6.751386
300592,华凯易佰,盈利能力,净资产收益率_平均_扣除非经常损益,20220930,6.297079
300592,华凯易佰,盈利能力,摊薄净资产收益率_扣除非经常损益,20220930,6.176141
300592,华凯易佰,盈利能力,息税前利润率,20220930,6.37016
300592,华凯易佰,盈利能力,总资产报酬率,20220930,6.519057
300592,华凯易佰,盈利能力,总资本回报率,20220930,8.691145
300592,华凯易佰,盈利能力,投入资本回报率,20220930,6.634076
300592,华凯易佰,盈利能力,息前税后总资产报酬率_平均,20220930,5.402239
300592,华凯易佰,盈利能力,毛利率,20220930,38.284031
300592,华凯易佰,盈利能力,销售净利率,20220930,5.27885
300592,华凯易佰,盈利能力,成本费用利润率,20220930,6.606999
300592,华凯易佰,盈利能力,营业利润率,20220930,6.191082
300592,华凯易佰,盈利能力,总资产净利率_平均,20220930,4.808497
300592,华凯易佰,盈利能力,总资产净利率_平均(含少数股东损益),20220930,5.402239
300592,华凯易佰,成长能力,归母净利润,20220930,143152557.58
300592,华凯易佰,成长能力,营业总收入,20220930,3058660065.54
300592,华凯易佰,成长能力,净利润,20220930,160835658.41
300592,华凯易佰,成长能力,扣非净利润,20220930,134045542.4
300592,华凯易佰,成长能力,营业总收入增长率,20220930,186.232674
300592,华凯易佰,成长能力,归属母公司净利润增长率,20220930,960.112595
300592,华凯易佰,收益质量,经营活动净现金/销售收入,20220930,0.031474
300592,华凯易佰,收益质量,经营性现金净流量/营业总收入,20220930,0.031474
300592,华凯易佰,收益质量,成本费用率,20220930,93.936679
300592,华凯易佰,收益质量,期间费用率,20220930,32.220711
300592,华凯易佰,收益质量,销售成本率,20220930,61.715968
300592,华凯易佰,收益质量,经营活动净现金/归属母公司的净利润,20220930,0.66986
300592,华凯易佰,收益质量,所得税/利润总额,20220930,14.944988
300592,华凯易佰,财务风险,流动比率,20220930,3.279532
300592,华凯易佰,财务风险,速动比率,20220930,2.109027
300592,华凯易佰,财务风险,保守速动比率,20220930,1.766753
300592,华凯易佰,财务风险,资产负债率,20220930,23.690098
300592,华凯易佰,财务风险,权益乘数,20220930,1.404053
300592,华凯易佰,财务风险,权益乘数(含少数股权的净资产),20220930,1.310445
300592,华凯易佰,财务风险,产权比率,20220930,32.839
300592,华凯易佰,财务风险,现金比率,20220930,1.248008
300592,华凯易佰,营运能力,应收账款周转率,20220930,11.116362
300592,华凯易佰,营运能力,应收账款周转天数,20220930,24.28852
300592,华凯易佰,营运能力,存货周转率,20220930,3.086146
300592,华凯易佰,营运能力,存货周转天数,20220930,87.487743
300592,华凯易佰,营运能力,总资产周转率,20220930,1.023374
300592,华凯易佰,营运能力,总资产周转天数,20220930,263.833138
300592,华凯易佰,营运能力,流动资产周转率,20220930,1.750511
300592,华凯易佰,营运能力,流动资产周转天数,20220930,154.240601
300592,华凯易佰,营运能力,应付账款周转率,20220930,4.759381
300592,华凯易佰,常用指标,归母净利润,20220630,83296094.63
300592,华凯易佰,常用指标,营业总收入,20220630,1967271848.48
300592,华凯易佰,常用指标,营业成本,20220630,1856514921.4
300592,华凯易佰,常用指标,净利润,20220630,93885456.41
300592,华凯易佰,常用指标,扣非净利润,20220630,78120184.21
300592,华凯易佰,常用指标,股东权益合计(净资产),20220630,2255046714.03
300592,华凯易佰,常用指标,商誉,20220630,641471876.44
300592,华凯易佰,常用指标,经营现金流量净额,20220630,48657506.22
300592,华凯易佰,常用指标,基本每股收益,20220630,0.29
300592,华凯易佰,常用指标,每股净资产,20220630,7.39945
300592,华凯易佰,常用指标,每股现金流,20220630,0.168262
300592,华凯易佰,常用指标,净资产收益率(ROE),20220630,3.94
300592,华凯易佰,常用指标,总资产报酬率(ROA),20220630,3.778914
300592,华凯易佰,常用指标,毛利率,20220630,38.664215
300592,华凯易佰,常用指标,销售净利率,20220630,4.793597
300592,华凯易佰,常用指标,期间费用率,20220630,32.919901
300592,华凯易佰,常用指标,资产负债率,20220630,23.834071
300592,华凯易佰,每股指标,基本每股收益,20220630,0.29
300592,华凯易佰,每股指标,稀释每股收益,20220630,0.29
300592,华凯易佰,每股指标,摊薄每股收益_最新股数,20220630,0.213869
300592,华凯易佰,每股指标,摊薄每股净资产_期末股数,20220630,7.39945
300592,华凯易佰,每股指标,调整每股净资产_期末股数,20220630,4.628873
300592,华凯易佰,每股指标,每股净资产_最新股数,20220630,5.469274
300592,华凯易佰,每股指标,每股经营现金流,20220630,0.168262
300592,华凯易佰,每股指标,每股现金流量净额,20220630,0.352602
300592,华凯易佰,每股指标,每股企业自由现金流量,20220630,0.070595
300592,华凯易佰,每股指标,每股股东自由现金流量,20220630,0.187112
300592,华凯易佰,每股指标,每股未分配利润,20220630,0.475241
300592,华凯易佰,每股指标,每股资本公积金,20220630,6.035391
300592,华凯易佰,每股指标,每股盈余公积金,20220630,0.018563
300592,华凯易佰,每股指标,每股留存收益,20220630,0.493805
300592,华凯易佰,每股指标,每股营业收入,20220630,6.803034
300592,华凯易佰,每股指标,每股营业总收入,20220630,6.803034
300592,华凯易佰,每股指标,每股息税前利润,20220630,0.387446
300592,华凯易佰,盈利能力,净资产收益率(ROE),20220630,3.94
300592,华凯易佰,盈利能力,摊薄净资产收益率,20220630,3.910378
300592,华凯易佰,盈利能力,净资产收益率_平均,20220630,3.959161
300592,华凯易佰,盈利能力,净资产收益率_平均_扣除非经常损益,20220630,3.696464
300592,华凯易佰,盈利能力,摊薄净资产收益率_扣除非经常损益,20220630,3.650918
300592,华凯易佰,盈利能力,息税前利润率,20220630,5.695197
300592,华凯易佰,盈利能力,总资产报酬率,20220630,3.778914
300592,华凯易佰,盈利能力,总资本回报率,20220630,5.045301
300592,华凯易佰,盈利能力,投入资本回报率,20220630,3.779217
300592,华凯易佰,盈利能力,息前税后总资产报酬率_平均,20220630,3.189191
300592,华凯易佰,盈利能力,毛利率,20220630,38.664215
300592,华凯易佰,盈利能力,销售净利率,20220630,4.793597
300592,华凯易佰,盈利能力,成本费用利润率,20220630,6.028674
300592,华凯易佰,盈利能力,营业利润率,20220630,5.63857
300592,华凯易佰,盈利能力,总资产净利率_平均,20220630,2.822109
300592,华凯易佰,盈利能力,总资产净利率_平均(含少数股东损益),20220630,3.180679
300592,华凯易佰,成长能力,归母净利润,20220630,83296094.63
300592,华凯易佰,成长能力,营业总收入,20220630,1967271848.48
300592,华凯易佰,成长能力,净利润,20220630,93885456.41
300592,华凯易佰,成长能力,扣非净利润,20220630,78120184.21
300592,华凯易佰,成长能力,营业总收入增长率,20220630,2453.751061
300592,华凯易佰,成长能力,归属母公司净利润增长率,20220630,478.017322
300592,华凯易佰,收益质量,经营活动净现金/销售收入,20220630,0.024733
300592,华凯易佰,收益质量,经营性现金净流量/营业总收入,20220630,0.024733
300592,华凯易佰,收益质量,成本费用率,20220630,94.255686
300592,华凯易佰,收益质量,期间费用率,20220630,32.919901
300592,华凯易佰,收益质量,销售成本率,20220630,61.335784
300592,华凯易佰,收益质量,经营活动净现金/归属母公司的净利润,20220630,0.581527
300592,华凯易佰,收益质量,所得税/利润总额,20220630,15.640863
300592,华凯易佰,财务风险,流动比率,20220630,3.25194
300592,华凯易佰,财务风险,速动比率,20220630,2.10109
300592,华凯易佰,财务风险,保守速动比率,20220630,1.754757
300592,华凯易佰,财务风险,资产负债率,20220630,23.834071
300592,华凯易佰,财务风险,权益乘数,20220630,1.402908
300592,华凯易佰,财务风险,权益乘数(含少数股权的净资产),20220630,1.312923
300592,华凯易佰,财务风险,产权比率,20220630,32.978575
300592,华凯易佰,财务风险,现金比率,20220630,1.210679
300592,华凯易佰,营运能力,应收账款周转率,20220630,7.074737
300592,华凯易佰,营运能力,应收账款周转天数,20220630,25.442638
300592,华凯易佰,营运能力,存货周转率,20220630,2.018417
300592,华凯易佰,营运能力,存货周转天数,20220630,89.178762
300592,华凯易佰,营运能力,总资产周转率,20220630,0.663526
300592,华凯易佰,营运能力,总资产周转天数,20220630,271.277735
300592,华凯易佰,营运能力,流动资产周转率,20220630,1.146557
300592,华凯易佰,营运能力,流动资产周转天数,20220630,156.991671
300592,华凯易佰,营运能力,应付账款周转率,20220630,3.021544
300592,华凯易佰,常用指标,归母净利润,20220331,34720253.85
300592,华凯易佰,常用指标,营业总收入,20220331,935228905.59
300592,华凯易佰,常用指标,营业成本,20220331,898770524.64
300592,华凯易佰,常用指标,净利润,20220331,38944276.68
300592,华凯易佰,常用指标,扣非净利润,20220331,32938245.42
300592,华凯易佰,常用指标,股东权益合计(净资产),20220331,2181180702.08
300592,华凯易佰,常用指标,商誉,20220331,641471876.44
300592,华凯易佰,常用指标,经营现金流量净额,20220331,-63073911.78
300592,华凯易佰,常用指标,基本每股收益,20220331,0.1201
300592,华凯易佰,常用指标,每股净资产,20220331,7.177016
300592,华凯易佰,常用指标,每股现金流,20220331,-0.218116
300592,华凯易佰,常用指标,净资产收益率(ROE),20220331,1.65
300592,华凯易佰,常用指标,总资产报酬率(ROA),20220331,1.789253
300592,华凯易佰,常用指标,毛利率,20220331,34.987491
300592,华凯易佰,常用指标,销售净利率,20220331,4.164143
300592,华凯易佰,常用指标,期间费用率,20220331,30.97804
300592,华凯易佰,常用指标,资产负债率,20220331,21.912666
300592,华凯易佰,每股指标,基本每股收益,20220331,0.1201
300592,华凯易佰,每股指标,稀释每股收益,20220331,0.1201
300592,华凯易佰,每股指标,摊薄每股收益_最新股数,20220331,0.088746
300592,华凯易佰,每股指标,摊薄每股净资产_期末股数,20220331,7.177016
300592,华凯易佰,每股指标,调整每股净资产_期末股数,20220331,4.391451
300592,华凯易佰,每股指标,每股净资产_最新股数,20220331,5.304863
300592,华凯易佰,每股指标,每股经营现金流,20220331,-0.218116
300592,华凯易佰,每股指标,每股现金流量净额,20220331,-0.363332
300592,华凯易佰,每股指标,每股企业自由现金流量,20220331,
300592,华凯易佰,每股指标,每股股东自由现金流量,20220331,
300592,华凯易佰,每股指标,每股未分配利润,20220331,0.305961
300592,华凯易佰,每股指标,每股资本公积金,20220331,6.035391
300592,华凯易佰,每股指标,每股盈余公积金,20220331,0.018563
300592,华凯易佰,每股指标,每股留存收益,20220331,0.324525
300592,华凯易佰,每股指标,每股营业收入,20220331,3.23412
300592,华凯易佰,每股指标,每股营业总收入,20220331,3.23412
300592,华凯易佰,每股指标,每股息税前利润,20220331,0.178269
300592,华凯易佰,盈利能力,净资产收益率(ROE),20220331,1.65
300592,华凯易佰,盈利能力,摊薄净资产收益率,20220331,1.672927
300592,华凯易佰,盈利能力,净资产收益率_平均,20220331,1.668268
300592,华凯易佰,盈利能力,净资产收益率_平均_扣除非经常损益,20220331,1.582645
300592,华凯易佰,盈利能力,摊薄净资产收益率_扣除非经常损益,20220331,1.587065
300592,华凯易佰,盈利能力,息税前利润率,20220331,5.512134
300592,华凯易佰,盈利能力,总资产报酬率,20220331,1.789253
300592,华凯易佰,盈利能力,总资本回报率,20220331,2.372747
300592,华凯易佰,盈利能力,投入资本回报率,20220331,1.873381
300592,华凯易佰,盈利能力,息前税后总资产报酬率_平均,20220331,1.351692
300592,华凯易佰,盈利能力,毛利率,20220331,34.987491
300592,华凯易佰,盈利能力,销售净利率,20220331,4.164143
300592,华凯易佰,盈利能力,成本费用利润率,20220331,5.076088
300592,华凯易佰,盈利能力,营业利润率,20220331,4.859322
300592,华凯易佰,盈利能力,总资产净利率_平均,20220331,1.205083
300592,华凯易佰,盈利能力,总资产净利率_平均(含少数股东损益),20220331,1.351692
300592,华凯易佰,成长能力,归母净利润,20220331,34720253.85
300592,华凯易佰,成长能力,营业总收入,20220331,935228905.59
300592,华凯易佰,成长能力,净利润,20220331,38944276.68
300592,华凯易佰,成长能力,扣非净利润,20220331,32938245.42
300592,华凯易佰,成长能力,营业总收入增长率,20220331,2619.129957
300592,华凯易佰,成长能力,归属母公司净利润增长率,20220331,1063.837089
300592,华凯易佰,收益质量,经营活动净现金/销售收入,20220331,-0.067442
300592,华凯易佰,收益质量,经营性现金净流量/营业总收入,20220331,-0.067442
300592,华凯易佰,收益质量,成本费用率,20220331,95.990549
300592,华凯易佰,收益质量,期间费用率,20220331,30.97804
300592,华凯易佰,收益质量,销售成本率,20220331,65.012508
300592,华凯易佰,收益质量,经营活动净现金/归属母公司的净利润,20220331,-1.816631
300592,华凯易佰,收益质量,所得税/利润总额,20220331,14.538979
300592,华凯易佰,财务风险,流动比率,20220331,3.532951
300592,华凯易佰,财务风险,速动比率,20220331,2.233936
300592,华凯易佰,财务风险,保守速动比率,20220331,1.76055
300592,华凯易佰,财务风险,资产负债率,20220331,21.912666
300592,华凯易佰,财务风险,权益乘数,20220331,1.384359
300592,华凯易佰,财务风险,权益乘数(含少数股权的净资产),20220331,1.280617
300592,华凯易佰,财务风险,产权比率,20220331,29.491756
300592,华凯易佰,财务风险,现金比率,20220331,1.189265
300592,华凯易佰,营运能力,应收账款周转率,20220331,3.624454
300592,华凯易佰,营运能力,应收账款周转天数,20220331,24.831322
300592,华凯易佰,营运能力,存货周转率,20220331,1.057024
300592,华凯易佰,营运能力,存货周转天数,20220331,85.144706
300592,华凯易佰,营运能力,总资产周转率,20220331,0.324602
300592,华凯易佰,营运能力,总资产周转天数,20220331,277.262083
300592,华凯易佰,营运能力,流动资产周转率,20220331,0.576627
300592,华凯易佰,营运能力,流动资产周转天数,20220331,156.079913
300592,华凯易佰,营运能力,应付账款周转率,20220331,1.552248
300592,华凯易佰,常用指标,归母净利润,20211231,-87403837.06
300592,华凯易佰,常用指标,营业总收入,20211231,2074861491.34
300592,华凯易佰,常用指标,营业成本,20211231,2092617951.04
300592,华凯易佰,常用指标,净利润,20211231,-81951659.31
300592,华凯易佰,常用指标,扣非净利润,20211231,-99390985.66
300592,华凯易佰,常用指标,股东权益合计(净资产),20211231,2188457592.82
300592,华凯易佰,常用指标,商誉,20211231,641471876.44
300592,华凯易佰,常用指标,经营现金流量净额,20211231,322618204.98
300592,华凯易佰,常用指标,基本每股收益,20211231,-0.429
300592,华凯易佰,常用指标,每股净资产,20211231,7.217105
300592,华凯易佰,常用指标,每股现金流,20211231,1.115648
300592,华凯易佰,常用指标,净资产收益率(ROE),20211231,-7.14
300592,华凯易佰,常用指标,总资产报酬率(ROA),20211231,-2.858693
300592,华凯易佰,常用指标,毛利率,20211231,37.238936
300592,华凯易佰,常用指标,销售净利率,20211231,-3.949741
300592,华凯易佰,常用指标,期间费用率,20211231,37.969161
300592,华凯易佰,常用指标,资产负债率,20211231,26.290791
300592,华凯易佰,每股指标,基本每股收益,20211231,-0.429
300592,华凯易佰,每股指标,稀释每股收益,20211231,-0.429
300592,华凯易佰,每股指标,摊薄每股收益_最新股数,20211231,-0.223408
300592,华凯易佰,每股指标,摊薄每股净资产_期末股数,20211231,7.217105
300592,华凯易佰,每股指标,调整每股净资产_期末股数,20211231,4.415053
300592,华凯易佰,每股指标,每股净资产_最新股数,20211231,5.334494
300592,华凯易佰,每股指标,每股经营现金流,20211231,1.115648
300592,华凯易佰,每股指标,每股现金流量净额,20211231,1.167966
300592,华凯易佰,每股指标,每股企业自由现金流量,20211231,-3.556973
300592,华凯易佰,每股指标,每股股东自由现金流量,20211231,-4.134877
300592,华凯易佰,每股指标,每股未分配利润,20211231,0.185895
300592,华凯易佰,每股指标,每股资本公积金,20211231,6.035391
300592,华凯易佰,每股指标,每股盈余公积金,20211231,0.018563
300592,华凯易佰,每股指标,每股留存收益,20211231,0.204458
300592,华凯易佰,每股指标,每股营业收入,20211231,7.175091
300592,华凯易佰,每股指标,每股营业总收入,20211231,7.175091
300592,华凯易佰,每股指标,每股息税前利润,20211231,-0.191844
300592,华凯易佰,盈利能力,净资产收益率(ROE),20211231,-7.14
300592,华凯易佰,盈利能力,摊薄净资产收益率,20211231,-4.187991
300592,华凯易佰,盈利能力,净资产收益率_平均,20211231,-6.921203
300592,华凯易佰,盈利能力,净资产收益率_平均_扣除非经常损益,20211231,-7.870424
300592,华凯易佰,盈利能力,摊薄净资产收益率_扣除非经常损益,20211231,-4.76236
300592,华凯易佰,盈利能力,息税前利润率,20211231,-2.67376
300592,华凯易佰,盈利能力,总资产报酬率,20211231,-2.858693
300592,华凯易佰,盈利能力,总资本回报率,20211231,-2.541857
300592,华凯易佰,盈利能力,投入资本回报率,20211231,-6.42758
300592,华凯易佰,盈利能力,息前税后总资产报酬率_平均,20211231,-4.059895
300592,华凯易佰,盈利能力,毛利率,20211231,37.238936
300592,华凯易佰,盈利能力,销售净利率,20211231,-3.949741
300592,华凯易佰,盈利能力,成本费用利润率,20211231,-2.805758
300592,华凯易佰,盈利能力,营业利润率,20211231,-2.804134
300592,华凯易佰,盈利能力,总资产净利率_平均,20211231,-4.503875
300592,华凯易佰,盈利能力,总资产净利率_平均(含少数股东损益),20211231,-4.222927
300592,华凯易佰,成长能力,归母净利润,20211231,-87403837.06
300592,华凯易佰,成长能力,营业总收入,20211231,2074861491.34
300592,华凯易佰,成长能力,净利润,20211231,-81951659.31
300592,华凯易佰,成长能力,扣非净利润,20211231,-99390985.66
300592,华凯易佰,成长能力,营业总收入增长率,20211231,1435.081797
300592,华凯易佰,成长能力,归属母公司净利润增长率,20211231,-39.883371
300592,华凯易佰,收益质量,经营活动净现金/销售收入,20211231,0.155489
300592,华凯易佰,收益质量,经营性现金净流量/营业总收入,20211231,0.155489
300592,华凯易佰,收益质量,成本费用率,20211231,100.730225
300592,华凯易佰,收益质量,期间费用率,20211231,37.969161
300592,华凯易佰,收益质量,销售成本率,20211231,62.761063
300592,华凯易佰,收益质量,经营活动净现金/归属母公司的净利润,20211231,
300592,华凯易佰,收益质量,所得税/利润总额,20211231,
300592,华凯易佰,财务风险,流动比率,20211231,2.890512
300592,华凯易佰,财务风险,速动比率,20211231,1.89952
300592,华凯易佰,财务风险,保守速动比率,20211231,1.547071
300592,华凯易佰,财务风险,资产负债率,20211231,26.290791
300592,华凯易佰,财务风险,权益乘数,20211231,1.536721
300592,华凯易佰,财务风险,权益乘数(含少数股权的净资产),20211231,1.356682
300592,华凯易佰,财务风险,产权比率,20211231,37.402042
300592,华凯易佰,财务风险,现金比率,20211231,1.094044
300592,华凯易佰,营运能力,应收账款周转率,20211231,8.672812
300592,华凯易佰,营运能力,应收账款周转天数,20211231,41.509025
300592,华凯易佰,营运能力,存货周转率,20211231,4.326477
300592,华凯易佰,营运能力,存货周转天数,20211231,83.20856
300592,华凯易佰,营运能力,总资产周转率,20211231,1.069165
300592,华凯易佰,营运能力,总资产周转天数,20211231,336.711134
300592,华凯易佰,营运能力,流动资产周转率,20211231,1.806602
300592,华凯易佰,营运能力,流动资产周转天数,20211231,199.269021
300592,华凯易佰,营运能力,应付账款周转率,20211231,5.384502
300592,华凯易佰,常用指标,归母净利润,20210930,-16709016.8
300592,华凯易佰,常用指标,营业总收入,20210930,1068592211.03
300592,华凯易佰,常用指标,营业成本,20210930,1096330303.72
300592,华凯易佰,常用指标,净利润,20210930,-14939615.47
300592,华凯易佰,常用指标,扣非净利润,20210930,-18203697.38
300592,华凯易佰,常用指标,股东权益合计(净资产),20210930,2278876889.62
300592,华凯易佰,常用指标,商誉,20210930,658618531.98
300592,华凯易佰,常用指标,经营现金流量净额,20210930,152406477.32
300592,华凯易佰,常用指标,基本每股收益,20210930,-0.0939
300592,华凯易佰,常用指标,每股净资产,20210930,7.545702
300592,华凯易佰,常用指标,每股现金流,20210930,0.527037
300592,华凯易佰,常用指标,净资产收益率(ROE),20210930,-1.65
300592,华凯易佰,常用指标,总资产报酬率(ROA),20210930,0.09377
300592,华凯易佰,常用指标,毛利率,20210930,57.403594
300592,华凯易佰,常用指标,销售净利率,20210930,-1.398065
300592,华凯易佰,常用指标,期间费用率,20210930,59.846029
300592,华凯易佰,常用指标,资产负债率,20210930,26.167576
300592,华凯易佰,每股指标,基本每股收益,20210930,-0.0939
300592,华凯易佰,每股指标,稀释每股收益,20210930,-0.0939
300592,华凯易佰,每股指标,摊薄每股收益_最新股数,20210930,-0.042709
300592,华凯易佰,每股指标,摊薄每股净资产_期末股数,20210930,7.545702
300592,华凯易佰,每股指标,调整每股净资产_期末股数,20210930,4.516771
300592,华凯易佰,每股指标,每股净资产_最新股数,20210930,5.577376
300592,华凯易佰,每股指标,每股经营现金流,20210930,0.527037
300592,华凯易佰,每股指标,每股现金流量净额,20210930,0.542683
300592,华凯易佰,每股指标,每股企业自由现金流量,20210930,
300592,华凯易佰,每股指标,每股股东自由现金流量,20210930,
300592,华凯易佰,每股指标,每股未分配利润,20210930,0.430365
300592,华凯易佰,每股指标,每股资本公积金,20210930,6.088868
300592,华凯易佰,每股指标,每股盈余公积金,20210930,0.018563
300592,华凯易佰,每股指标,每股留存收益,20210930,0.448929
300592,华凯易佰,每股指标,每股营业收入,20210930,3.695305
300592,华凯易佰,每股指标,每股营业总收入,20210930,3.695305
300592,华凯易佰,每股指标,每股息税前利润,20210930,0.006483
300592,华凯易佰,盈利能力,净资产收益率(ROE),20210930,-1.65
300592,华凯易佰,盈利能力,摊薄净资产收益率,20210930,-0.765754
300592,华凯易佰,盈利能力,净资产收益率_平均,20210930,-1.275154
300592,华凯易佰,盈利能力,净资产收益率_平均_扣除非经常损益,20210930,-1.389221
300592,华凯易佰,盈利能力,摊薄净资产收益率_扣除非经常损益,20210930,-0.834253
300592,华凯易佰,盈利能力,息税前利润率,20210930,0.175449
300592,华凯易佰,盈利能力,总资产报酬率,20210930,0.09377
300592,华凯易佰,盈利能力,总资本回报率,20210930,0.082044
300592,华凯易佰,盈利能力,投入资本回报率,20210930,-0.340829
300592,华凯易佰,盈利能力,息前税后总资产报酬率_平均,20210930,-0.747208
300592,华凯易佰,盈利能力,毛利率,20210930,57.403594
300592,华凯易佰,盈利能力,销售净利率,20210930,-1.398065
300592,华凯易佰,盈利能力,成本费用利润率,20210930,-0.931074
300592,华凯易佰,盈利能力,营业利润率,20210930,-0.952483
300592,华凯易佰,盈利能力,总资产净利率_平均,20210930,-0.835705
300592,华凯易佰,盈利能力,总资产净利率_平均(含少数股东损益),20210930,-0.747208
300592,华凯易佰,成长能力,归母净利润,20210930,-16709016.8
300592,华凯易佰,成长能力,营业总收入,20210930,1068592211.03
300592,华凯易佰,成长能力,净利润,20210930,-14939615.47
300592,华凯易佰,成长能力,扣非净利润,20210930,-18203697.38
300592,华凯易佰,成长能力,营业总收入增长率,20210930,737.806145
300592,华凯易佰,成长能力,归属母公司净利润增长率,20210930,15.182369
300592,华凯易佰,收益质量,经营活动净现金/销售收入,20210930,0.142623
300592,华凯易佰,收益质量,经营性现金净流量/营业总收入,20210930,0.142623
300592,华凯易佰,收益质量,成本费用率,20210930,102.442434
300592,华凯易佰,收益质量,期间费用率,20210930,59.846029
300592,华凯易佰,收益质量,销售成本率,20210930,42.596405
300592,华凯易佰,收益质量,经营活动净现金/归属母公司的净利润,20210930,
300592,华凯易佰,收益质量,所得税/利润总额,20210930,
300592,华凯易佰,财务风险,流动比率,20210930,3.09095
300592,华凯易佰,财务风险,速动比率,20210930,2.012931
300592,华凯易佰,财务风险,保守速动比率,20210930,1.441233
300592,华凯易佰,财务风险,资产负债率,20210930,26.167576
300592,华凯易佰,财务风险,权益乘数,20210930,1.525842
300592,华凯易佰,财务风险,权益乘数(含少数股权的净资产),20210930,1.354418
300592,华凯易佰,财务风险,产权比率,20210930,37.014838
300592,华凯易佰,财务风险,现金比率,20210930,0.889772
300592,华凯易佰,营运能力,应收账款周转率,20210930,4.082911
300592,华凯易佰,营运能力,应收账款周转天数,20210930,66.129277
300592,华凯易佰,营运能力,存货周转率,20210930,1.449974
300592,华凯易佰,营运能力,存货周转天数,20210930,186.210153
300592,华凯易佰,营运能力,总资产周转率,20210930,0.534458
300592,华凯易佰,营运能力,总资产周转天数,20210930,505.183983
300592,华凯易佰,营运能力,流动资产周转率,20210930,0.912437
300592,华凯易佰,营运能力,流动资产周转天数,20210930,295.910754
300592,华凯易佰,营运能力,应付账款周转率,20210930,3.443159
300592,华凯易佰,常用指标,归母净利润,20210630,-22134425.22
300592,华凯易佰,常用指标,营业总收入,20210630,77034597.4
300592,华凯易佰,常用指标,营业成本,20210630,94572357.73
300592,华凯易佰,常用指标,净利润,20210630,-22134425.22
300592,华凯易佰,常用指标,扣非净利润,20210630,-21792016.76
300592,华凯易佰,常用指标,股东权益合计(净资产),20210630,416537721.57
300592,华凯易佰,常用指标,商誉,20210630,
300592,华凯易佰,常用指标,经营现金流量净额,20210630,3258408.44
300592,华凯易佰,常用指标,基本每股收益,20210630,-0.1809
300592,华凯易佰,常用指标,每股净资产,20210630,3.403611
300592,华凯易佰,常用指标,每股现金流,20210630,0.026625
300592,华凯易佰,常用指标,净资产收益率(ROE),20210630,-5.18
300592,华凯易佰,常用指标,总资产报酬率(ROA),20210630,-2.179648
300592,华凯易佰,常用指标,毛利率,20210630,24.890186
300592,华凯易佰,常用指标,销售净利率,20210630,-28.733096
300592,华凯易佰,常用指标,期间费用率,20210630,46.770847
300592,华凯易佰,常用指标,资产负债率,20210630,52.644988
300592,华凯易佰,每股指标,基本每股收益,20210630,-0.1809
300592,华凯易佰,每股指标,稀释每股收益,20210630,-0.1809
300592,华凯易佰,每股指标,摊薄每股收益_最新股数,20210630,-0.056576
300592,华凯易佰,每股指标,摊薄每股净资产_期末股数,20210630,3.403611
300592,华凯易佰,每股指标,调整每股净资产_期末股数,20210630,3.070023
300592,华凯易佰,每股指标,每股净资产_最新股数,20210630,1.064689
300592,华凯易佰,每股指标,每股经营现金流,20210630,0.026625
300592,华凯易佰,每股指标,每股现金流量净额,20210630,-0.484395
300592,华凯易佰,每股指标,每股企业自由现金流量,20210630,0.102451
300592,华凯易佰,每股指标,每股股东自由现金流量,20210630,-0.24891
300592,华凯易佰,每股指标,每股未分配利润,20210630,0.972582
300592,华凯易佰,每股指标,每股资本公积金,20210630,1.387164
300592,华凯易佰,每股指标,每股盈余公积金,20210630,0.043864
300592,华凯易佰,每股指标,每股留存收益,20210630,1.016447
300592,华凯易佰,每股指标,每股营业收入,20210630,0.629464
300592,华凯易佰,每股指标,每股营业总收入,20210630,0.629464
300592,华凯易佰,每股指标,每股息税前利润,20210630,-0.159566
300592,华凯易佰,盈利能力,净资产收益率(ROE),20210630,-5.18
300592,华凯易佰,盈利能力,摊薄净资产收益率,20210630,-5.313906
300592,华凯易佰,盈利能力,净资产收益率_平均,20210630,-5.176372
300592,华凯易佰,盈利能力,净资产收益率_平均_扣除非经常损益,20210630,-5.096296
300592,华凯易佰,盈利能力,摊薄净资产收益率_扣除非经常损益,20210630,-5.231703
300592,华凯易佰,盈利能力,息税前利润率,20210630,-25.349478
300592,华凯易佰,盈利能力,总资产报酬率,20210630,-2.179648
300592,华凯易佰,盈利能力,总资本回报率,20210630,-3.454526
300592,华凯易佰,盈利能力,投入资本回报率,20210630,-3.43143
300592,华凯易佰,盈利能力,息前税后总资产报酬率_平均,20210630,-2.165076
300592,华凯易佰,盈利能力,毛利率,20210630,24.890186
300592,华凯易佰,盈利能力,销售净利率,20210630,-28.733096
300592,华凯易佰,盈利能力,成本费用利润率,20210630,-23.713835
300592,华凯易佰,盈利能力,营业利润率,20210630,-28.863449
300592,华凯易佰,盈利能力,总资产净利率_平均,20210630,-2.470585
300592,华凯易佰,盈利能力,总资产净利率_平均(含少数股东损益),20210630,-2.470585
300592,华凯易佰,成长能力,归母净利润,20210630,-22134425.22
300592,华凯易佰,成长能力,营业总收入,20210630,77034597.4
300592,华凯易佰,成长能力,净利润,20210630,-22134425.22
300592,华凯易佰,成长能力,扣非净利润,20210630,-21792016.76
300592,华凯易佰,成长能力,营业总收入增长率,20210630,47.796441
300592,华凯易佰,成长能力,归属母公司净利润增长率,20210630,-72.834192
300592,华凯易佰,收益质量,经营活动净现金/销售收入,20210630,0.042297
300592,华凯易佰,收益质量,经营性现金净流量/营业总收入,20210630,0.042297
300592,华凯易佰,收益质量,成本费用率,20210630,121.88066
300592,华凯易佰,收益质量,期间费用率,20210630,46.770847
300592,华凯易佰,收益质量,销售成本率,20210630,75.109813
300592,华凯易佰,收益质量,经营活动净现金/归属母公司的净利润,20210630,
300592,华凯易佰,收益质量,所得税/利润总额,20210630,
300592,华凯易佰,财务风险,流动比率,20210630,1.346257
300592,华凯易佰,财务风险,速动比率,20210630,1.301867
300592,华凯易佰,财务风险,保守速动比率,20210630,0.732106
300592,华凯易佰,财务风险,资产负债率,20210630,52.644988
300592,华凯易佰,财务风险,权益乘数,20210630,2.0952
300592,华凯易佰,财务风险,权益乘数(含少数股权的净资产),20210630,2.111708
300592,华凯易佰,财务风险,产权比率,20210630,111.170891
300592,华凯易佰,财务风险,现金比率,20210630,0.204552
300592,华凯易佰,营运能力,应收账款周转率,20210630,0.362994
300592,华凯易佰,营运能力,应收账款周转天数,20210630,495.874999
300592,华凯易佰,营运能力,存货周转率,20210630,3.163065
300592,华凯易佰,营运能力,存货周转天数,20210630,56.906823
300592,华凯易佰,营运能力,总资产周转率,20210630,0.085983
300592,华凯易佰,营运能力,总资产周转天数,20210630,2093.413348
300592,华凯易佰,营运能力,流动资产周转率,20210630,0.135358
300592,华凯易佰,营运能力,流动资产周转天数,20210630,1329.805137
300592,华凯易佰,营运能力,应付账款周转率,20210630,0.241525
300592,华凯易佰,常用指标,归母净利润,20210331,-3602294.85
300592,华凯易佰,常用指标,营业总收入,20210331,34394417.34
300592,华凯易佰,常用指标,营业成本,20210331,38874903.5
300592,华凯易佰,常用指标,净利润,20210331,-3602294.85
300592,华凯易佰,常用指标,扣非净利润,20210331,-3830585.81
300592,华凯易佰,常用指标,股东权益合计(净资产),20210331,435069851.94
300592,华凯易佰,常用指标,商誉,20210331,
300592,华凯易佰,常用指标,经营现金流量净额,20210331,10452709.51
300592,华凯易佰,常用指标,基本每股收益,20210331,-0.0294
300592,华凯易佰,常用指标,每股净资产,20210331,3.555041
300592,华凯易佰,常用指标,每股现金流,20210331,0.085411
300592,华凯易佰,常用指标,净资产收益率(ROE),20210331,-0.82
300592,华凯易佰,常用指标,总资产报酬率(ROA),20210331,-0.084224
300592,华凯易佰,常用指标,毛利率,20210331,23.582527
300592,华凯易佰,常用指标,销售净利率,20210331,-10.473487
300592,华凯易佰,常用指标,期间费用率,20210331,35.611351
300592,华凯易佰,常用指标,资产负债率,20210331,51.048101
300592,华凯易佰,每股指标,基本每股收益,20210331,-0.0294
300592,华凯易佰,每股指标,稀释每股收益,20210331,-0.0294
300592,华凯易佰,每股指标,摊薄每股收益_最新股数,20210331,-0.009207
300592,华凯易佰,每股指标,摊薄每股净资产_期末股数,20210331,3.555041
300592,华凯易佰,每股指标,调整每股净资产_期末股数,20210331,3.222833
300592,华凯易佰,每股指标,每股净资产_最新股数,20210331,1.112058
300592,华凯易佰,每股指标,每股经营现金流,20210331,0.085411
300592,华凯易佰,每股指标,每股现金流量净额,20210331,-0.147377
300592,华凯易佰,每股指标,每股企业自由现金流量,20210331,
300592,华凯易佰,每股指标,每股股东自由现金流量,20210331,
300592,华凯易佰,每股指标,每股未分配利润,20210331,1.124012
300592,华凯易佰,每股指标,每股资本公积金,20210331,1.387164
300592,华凯易佰,每股指标,每股盈余公积金,20210331,0.043864
300592,华凯易佰,每股指标,每股留存收益,20210331,1.167876
300592,华凯易佰,每股指标,每股营业收入,20210331,0.281043
300592,华凯易佰,每股指标,每股营业总收入,20210331,0.281043
300592,华凯易佰,每股指标,每股息税前利润,20210331,-0.006197
300592,华凯易佰,盈利能力,净资产收益率(ROE),20210331,-0.82
300592,华凯易佰,盈利能力,摊薄净资产收益率,20210331,-0.82798
300592,华凯易佰,盈利能力,净资产收益率_平均,20210331,-0.824567
300592,华凯易佰,盈利能力,净资产收益率_平均_扣除非经常损益,20210331,-0.876823
300592,华凯易佰,盈利能力,摊薄净资产收益率_扣除非经常损益,20210331,-0.880453
300592,华凯易佰,盈利能力,息税前利润率,20210331,-2.205121
300592,华凯易佰,盈利能力,总资产报酬率,20210331,-0.084224
300592,华凯易佰,盈利能力,总资本回报率,20210331,-0.12941
300592,华凯易佰,盈利能力,投入资本回报率,20210331,-0.356638
300592,华凯易佰,盈利能力,息前税后总资产报酬率_平均,20210331,-0.232111
300592,华凯易佰,盈利能力,毛利率,20210331,23.582527
300592,华凯易佰,盈利能力,销售净利率,20210331,-10.473487
300592,华凯易佰,盈利能力,成本费用利润率,20210331,-5.892733
300592,华凯易佰,盈利能力,营业利润率,20210331,-6.530624
300592,华凯易佰,盈利能力,总资产净利率_平均,20210331,-0.400032
300592,华凯易佰,盈利能力,总资产净利率_平均(含少数股东损益),20210331,-0.400032
300592,华凯易佰,成长能力,归母净利润,20210331,-3602294.85
300592,华凯易佰,成长能力,营业总收入,20210331,34394417.34
300592,华凯易佰,成长能力,净利润,20210331,-3602294.85
300592,华凯易佰,成长能力,扣非净利润,20210331,-3830585.81
300592,华凯易佰,成长能力,营业总收入增长率,20210331,91.523028
300592,华凯易佰,成长能力,归属母公司净利润增长率,20210331,60.404994
300592,华凯易佰,收益质量,经营活动净现金/销售收入,20210331,0.303907
300592,华凯易佰,收益质量,经营性现金净流量/营业总收入,20210331,0.303907
300592,华凯易佰,收益质量,成本费用率,20210331,112.028823
300592,华凯易佰,收益质量,期间费用率,20210331,35.611351
300592,华凯易佰,收益质量,销售成本率,20210331,76.417472
300592,华凯易佰,收益质量,经营活动净现金/归属母公司的净利润,20210331,
300592,华凯易佰,收益质量,所得税/利润总额,20210331,
300592,华凯易佰,财务风险,流动比率,20210331,1.457554
300592,华凯易佰,财务风险,速动比率,20210331,1.416472
300592,华凯易佰,财务风险,保守速动比率,20210331,0.867613
300592,华凯易佰,财务风险,资产负债率,20210331,51.048101
300592,华凯易佰,财务风险,权益乘数,20210331,2.061249
300592,华凯易佰,财务风险,权益乘数(含少数股权的净资产),20210331,2.042821
300592,华凯易佰,财务风险,产权比率,20210331,104.28217
300592,华凯易佰,财务风险,现金比率,20210331,0.364284
300592,华凯易佰,营运能力,应收账款周转率,20210331,0.168416
300592,华凯易佰,营运能力,应收账款周转天数,20210331,534.390256
300592,华凯易佰,营运能力,存货周转率,20210331,1.513
300592,华凯易佰,营运能力,存货周转天数,20210331,59.484433
300592,华凯易佰,营运能力,总资产周转率,20210331,0.038194
300592,华凯易佰,营运能力,总资产周转天数,20210331,2356.341548
300592,华凯易佰,营运能力,流动资产周转率,20210331,0.059044
300592,华凯易佰,营运能力,流动资产周转天数,20210331,1524.284013
300592,华凯易佰,营运能力,应付账款周转率,20210331,0.102415
300592,华凯易佰,常用指标,归母净利润,20201231,-62483364.82
300592,华凯易佰,常用指标,营业总收入,20201231,135162927.17
300592,华凯易佰,常用指标,营业成本,20201231,186973578.74
300592,华凯易佰,常用指标,净利润,20201231,-62483364.82
300592,华凯易佰,常用指标,扣非净利润,20201231,-61823276.04
300592,华凯易佰,常用指标,股东权益合计(净资产),20201231,438672146.79
300592,华凯易佰,常用指标,商誉,20201231,
300592,华凯易佰,常用指标,经营现金流量净额,20201231,28202597.82
300592,华凯易佰,常用指标,基本每股收益,20201231,-0.511
300592,华凯易佰,常用指标,每股净资产,20201231,3.584476
300592,华凯易佰,常用指标,每股现金流,20201231,0.230448
300592,华凯易佰,常用指标,净资产收益率(ROE),20201231,-13.3
300592,华凯易佰,常用指标,总资产报酬率(ROA),20201231,-5.869731
300592,华凯易佰,常用指标,毛利率,20201231,17.82739
300592,华凯易佰,常用指标,销售净利率,20201231,-46.228182
300592,华凯易佰,常用指标,期间费用率,20201231,55.189265
300592,华凯易佰,常用指标,资产负债率,20201231,51.912097
300592,华凯易佰,每股指标,基本每股收益,20201231,-0.511
300592,华凯易佰,每股指标,稀释每股收益,20201231,-0.511
300592,华凯易佰,每股指标,摊薄每股收益_最新股数,20201231,-0.15971
300592,华凯易佰,每股指标,摊薄每股净资产_期末股数,20201231,3.584476
300592,华凯易佰,每股指标,调整每股净资产_期末股数,20201231,3.24892
300592,华凯易佰,每股指标,每股净资产_最新股数,20201231,1.121266
300592,华凯易佰,每股指标,每股经营现金流,20201231,0.230448
300592,华凯易佰,每股指标,每股现金流量净额,20201231,-0.033948
300592,华凯易佰,每股指标,每股企业自由现金流量,20201231,0.388783
300592,华凯易佰,每股指标,每股股东自由现金流量,20201231,0.421468
300592,华凯易佰,每股指标,每股未分配利润,20201231,1.153447
300592,华凯易佰,每股指标,每股资本公积金,20201231,1.387164
300592,华凯易佰,每股指标,每股盈余公积金,20201231,0.043864
300592,华凯易佰,每股指标,每股留存收益,20201231,1.197311
300592,华凯易佰,每股指标,每股营业收入,20201231,1.104442
300592,华凯易佰,每股指标,每股营业总收入,20201231,1.104442
300592,华凯易佰,每股指标,每股息税前利润,20201231,-0.488171
300592,华凯易佰,盈利能力,净资产收益率(ROE),20201231,-13.3
300592,华凯易佰,盈利能力,摊薄净资产收益率,20201231,-14.24375
300592,华凯易佰,盈利能力,净资产收益率_平均,20201231,-13.130069
300592,华凯易佰,盈利能力,净资产收益率_平均_扣除非经常损益,20201231,-12.99136
300592,华凯易佰,盈利能力,摊薄净资产收益率_扣除非经常损益,20201231,-14.093275
300592,华凯易佰,盈利能力,息税前利润率,20201231,-44.200723
300592,华凯易佰,盈利能力,总资产报酬率,20201231,-5.869731
300592,华凯易佰,盈利能力,总资本回报率,20201231,-9.409733
300592,华凯易佰,盈利能力,投入资本回报率,20201231,-8.874839
300592,华凯易佰,盈利能力,息前税后总资产报酬率_平均,20201231,-5.536067
300592,华凯易佰,盈利能力,毛利率,20201231,17.82739
300592,华凯易佰,盈利能力,销售净利率,20201231,-46.228182
300592,华凯易佰,盈利能力,成本费用利润率,20201231,-35.483473
300592,华凯易佰,盈利能力,营业利润率,20201231,-47.020079
300592,华凯易佰,盈利能力,总资产净利率_平均,20201231,-6.138972
300592,华凯易佰,盈利能力,总资产净利率_平均(含少数股东损益),20201231,-6.138972
300592,华凯易佰,成长能力,归母净利润,20201231,-62483364.82
300592,华凯易佰,成长能力,营业总收入,20201231,135162927.17
300592,华凯易佰,成长能力,净利润,20201231,-62483364.82
300592,华凯易佰,成长能力,扣非净利润,20201231,-61823276.04
300592,华凯易佰,成长能力,营业总收入增长率,20201231,-67.175928
300592,华凯易佰,成长能力,归属母公司净利润增长率,20201231,-882.912099
300592,华凯易佰,收益质量,经营活动净现金/销售收入,20201231,0.208656
300592,华凯易佰,收益质量,经营性现金净流量/营业总收入,20201231,0.208656
300592,华凯易佰,收益质量,成本费用率,20201231,137.361874
300592,华凯易佰,收益质量,期间费用率,20201231,55.189265
300592,华凯易佰,收益质量,销售成本率,20201231,82.172609
300592,华凯易佰,收益质量,经营活动净现金/归属母公司的净利润,20201231,
300592,华凯易佰,收益质量,所得税/利润总额,20201231,
300592,华凯易佰,财务风险,流动比率,20201231,1.451209
300592,华凯易佰,财务风险,速动比率,20201231,1.405662
300592,华凯易佰,财务风险,保守速动比率,20201231,0.894527
300592,华凯易佰,财务风险,资产负债率,20201231,51.912097
300592,华凯易佰,财务风险,权益乘数,20201231,2.138805
300592,华凯易佰,财务风险,权益乘数(含少数股权的净资产),20201231,2.079525
300592,华凯易佰,财务风险,产权比率,20201231,107.95251
300592,华凯易佰,财务风险,现金比率,20201231,0.37846
300592,华凯易佰,营运能力,应收账款周转率,20201231,0.488068
300592,华凯易佰,营运能力,应收账款周转天数,20201231,737.601746
300592,华凯易佰,营运能力,存货周转率,20201231,0.622989
300592,华凯易佰,营运能力,存货周转天数,20201231,577.858821
300592,华凯易佰,营运能力,总资产周转率,20201231,0.132797
300592,华凯易佰,营运能力,总资产周转天数,20201231,2710.901025
300592,华凯易佰,营运能力,流动资产周转率,20201231,0.184134
300592,华凯易佰,营运能力,流动资产周转天数,20201231,1955.089029
300592,华凯易佰,营运能力,应付账款周转率,20201231,-0.743544
300592,华凯易佰,常用指标,归母净利润,20200930,-19699933.61
300592,华凯易佰,常用指标,营业总收入,20200930,127546475.61
300592,华凯易佰,常用指标,营业成本,20200930,158987589.45
300592,华凯易佰,常用指标,净利润,20200930,-19699933.61
300592,华凯易佰,常用指标,扣非净利润,20200930,-20275381.58
300592,华凯易佰,常用指标,股东权益合计(净资产),20200930,481455578.0
300592,华凯易佰,常用指标,商誉,20200930,
300592,华凯易佰,常用指标,经营现金流量净额,20200930,3834892.27
300592,华凯易佰,常用指标,基本每股收益,20200930,-0.161
300592,华凯易佰,常用指标,每股净资产,20200930,3.934068
300592,华凯易佰,常用指标,每股现金流,20200930,0.031335
300592,华凯易佰,常用指标,净资产收益率(ROE),20200930,-3.96
300592,华凯易佰,常用指标,总资产报酬率(ROA),20200930,-1.729204
300592,华凯易佰,常用指标,毛利率,20200930,11.718918
300592,华凯易佰,常用指标,销售净利率,20200930,-15.445298
300592,华凯易佰,常用指标,期间费用率,20200930,35.908314
300592,华凯易佰,常用指标,资产负债率,20200930,50.630593
300592,华凯易佰,每股指标,基本每股收益,20200930,-0.161
300592,华凯易佰,每股指标,稀释每股收益,20200930,-0.161
300592,华凯易佰,每股指标,摊薄每股收益_最新股数,20200930,-0.050353
300592,华凯易佰,每股指标,摊薄每股净资产_期末股数,20200930,3.934068
300592,华凯易佰,每股指标,调整每股净资产_期末股数,20200930,3.586679
300592,华凯易佰,每股指标,每股净资产_最新股数,20200930,1.230622
300592,华凯易佰,每股指标,每股经营现金流,20200930,0.031335
300592,华凯易佰,每股指标,每股现金流量净额,20200930,-0.093556
300592,华凯易佰,每股指标,每股企业自由现金流量,20200930,
300592,华凯易佰,每股指标,每股股东自由现金流量,20200930,
300592,华凯易佰,每股指标,每股未分配利润,20200930,1.503039
300592,华凯易佰,每股指标,每股资本公积金,20200930,1.387164
300592,华凯易佰,每股指标,每股盈余公积金,20200930,0.043864
300592,华凯易佰,每股指标,每股留存收益,20200930,1.546903
300592,华凯易佰,每股指标,每股营业收入,20200930,1.042207
300592,华凯易佰,每股指标,每股营业总收入,20200930,1.042207
300592,华凯易佰,每股指标,每股息税前利润,20200930,-0.148263
300592,华凯易佰,盈利能力,净资产收益率(ROE),20200930,-3.96
300592,华凯易佰,盈利能力,摊薄净资产收益率,20200930,-4.091744
300592,华凯易佰,盈利能力,净资产收益率_平均,20200930,-3.961604
300592,华凯易佰,盈利能力,净资产收益率_平均_扣除非经常损益,20200930,-4.077325
300592,华凯易佰,盈利能力,摊薄净资产收益率_扣除非经常损益,20200930,-4.211267
300592,华凯易佰,盈利能力,息税前利润率,20200930,-14.225896
300592,华凯易佰,盈利能力,总资产报酬率,20200930,-1.729204
300592,华凯易佰,盈利能力,总资本回报率,20200930,-2.736245
300592,华凯易佰,盈利能力,投入资本回报率,20200930,-2.256953
300592,华凯易佰,盈利能力,息前税后总资产报酬率_平均,20200930,-1.877426
300592,华凯易佰,盈利能力,毛利率,20200930,11.718918
300592,华凯易佰,盈利能力,销售净利率,20200930,-15.445298
300592,华凯易佰,盈利能力,成本费用利润率,20200930,-14.443395
300592,华凯易佰,盈利能力,营业利润率,20200930,-16.910085
300592,华凯易佰,盈利能力,总资产净利率_平均,20200930,-1.877426
300592,华凯易佰,盈利能力,总资产净利率_平均(含少数股东损益),20200930,-1.877426
300592,华凯易佰,成长能力,归母净利润,20200930,-19699933.61
300592,华凯易佰,成长能力,营业总收入,20200930,127546475.61
300592,华凯易佰,成长能力,净利润,20200930,-19699933.61
300592,华凯易佰,成长能力,扣非净利润,20200930,-20275381.58
300592,华凯易佰,成长能力,营业总收入增长率,20200930,-53.590691
300592,华凯易佰,成长能力,归属母公司净利润增长率,20200930,-236.924456
300592,华凯易佰,收益质量,经营活动净现金/销售收入,20200930,0.030066
300592,华凯易佰,收益质量,经营性现金净流量/营业总收入,20200930,0.030066
300592,华凯易佰,收益质量,成本费用率,20200930,124.189395
300592,华凯易佰,收益质量,期间费用率,20200930,35.908314
300592,华凯易佰,收益质量,销售成本率,20200930,88.281081
300592,华凯易佰,收益质量,经营活动净现金/归属母公司的净利润,20200930,
300592,华凯易佰,收益质量,所得税/利润总额,20200930,
300592,华凯易佰,财务风险,流动比率,20200930,1.732141
300592,华凯易佰,财务风险,速动比率,20200930,1.691694
300592,华凯易佰,财务风险,保守速动比率,20200930,0.946001
300592,华凯易佰,财务风险,资产负债率,20200930,50.630593
300592,华凯易佰,财务风险,权益乘数,20200930,2.110124
300592,华凯易佰,财务风险,权益乘数(含少数股权的净资产),20200930,2.025545
300592,华凯易佰,财务风险,产权比率,20200930,102.554592
300592,华凯易佰,财务风险,现金比率,20200930,0.379063
300592,华凯易佰,营运能力,应收账款周转率,20200930,0.445073
300592,华凯易佰,营运能力,应收账款周转天数,20200930,606.640797
300592,华凯易佰,营运能力,存货周转率,20200930,0.63552
300592,华凯易佰,营运能力,存货周转天数,20200930,424.848654
300592,华凯易佰,营运能力,总资产周转率,20200930,0.121553
300592,华凯易佰,营运能力,总资产周转天数,20200930,2221.248165
300592,华凯易佰,营运能力,流动资产周转率,20200930,0.161604
300592,华凯易佰,营运能力,流动资产周转天数,20200930,1670.750154
300592,华凯易佰,营运能力,应付账款周转率,20200930,-0.71841
300592,华凯易佰,常用指标,归母净利润,20200630,-12806739.75
300592,华凯易佰,常用指标,营业总收入,20200630,52122092.17
300592,华凯易佰,常用指标,营业成本,20200630,71442301.16
300592,华凯易佰,常用指标,净利润,20200630,-12806739.75
300592,华凯易佰,常用指标,扣非净利润,20200630,-12297740.55
300592,华凯易佰,常用指标,股东权益合计(净资产),20200630,488348771.86
300592,华凯易佰,常用指标,商誉,20200630,
300592,华凯易佰,常用指标,经营现金流量净额,20200630,-800877.05
300592,华凯易佰,常用指标,基本每股收益,20200630,-0.1046
300592,华凯易佰,常用指标,每股净资产,20200630,3.990393
300592,华凯易佰,常用指标,每股现金流,20200630,-0.006544
300592,华凯易佰,常用指标,净资产收益率(ROE),20200630,-2.59
300592,华凯易佰,常用指标,总资产报酬率(ROA),20200630,-1.119123
300592,华凯易佰,常用指标,毛利率,20200630,17.90062
300592,华凯易佰,常用指标,销售净利率,20200630,-24.570655
300592,华凯易佰,常用指标,期间费用率,20200630,53.635207
300592,华凯易佰,常用指标,资产负债率,20200630,49.364287
300592,华凯易佰,每股指标,基本每股收益,20200630,-0.1046
300592,华凯易佰,每股指标,稀释每股收益,20200630,-0.1046
300592,华凯易佰,每股指标,摊薄每股收益_最新股数,20200630,-0.032734
300592,华凯易佰,每股指标,摊薄每股净资产_期末股数,20200630,3.990393
300592,华凯易佰,每股指标,调整每股净资产_期末股数,20200630,3.638672
300592,华凯易佰,每股指标,每股净资产_最新股数,20200630,1.248241
300592,华凯易佰,每股指标,每股经营现金流,20200630,-0.006544
300592,华凯易佰,每股指标,每股现金流量净额,20200630,-0.297977
300592,华凯易佰,每股指标,每股企业自由现金流量,20200630,0.325037
300592,华凯易佰,每股指标,每股股东自由现金流量,20200630,0.218812
300592,华凯易佰,每股指标,每股未分配利润,20200630,1.559364
300592,华凯易佰,每股指标,每股资本公积金,20200630,1.387164
300592,华凯易佰,每股指标,每股盈余公积金,20200630,0.043864
300592,华凯易佰,每股指标,每股留存收益,20200630,1.603229
300592,华凯易佰,每股指标,每股营业收入,20200630,0.425899
300592,华凯易佰,每股指标,每股营业总收入,20200630,0.425899
300592,华凯易佰,每股指标,每股息税前利润,20200630,-0.095461
300592,华凯易佰,盈利能力,净资产收益率(ROE),20200630,-2.59
300592,华凯易佰,盈利能力,摊薄净资产收益率,20200630,-2.622457
300592,华凯易佰,盈利能力,净资产收益率_平均,20200630,-2.557673
300592,华凯易佰,盈利能力,净资产收益率_平均_扣除非经常损益,20200630,-2.45602
300592,华凯易佰,盈利能力,摊薄净资产收益率_扣除非经常损益,20200630,-2.518229
300592,华凯易佰,盈利能力,息税前利润率,20200630,-22.414148
300592,华凯易佰,盈利能力,总资产报酬率,20200630,-1.119123
300592,华凯易佰,盈利能力,总资本回报率,20200630,-1.791875
300592,华凯易佰,盈利能力,投入资本回报率,20200630,-1.461751
300592,华凯易佰,盈利能力,息前税后总资产报酬率_平均,20200630,-0.912942
300592,华凯易佰,盈利能力,毛利率,20200630,17.90062
300592,华凯易佰,盈利能力,销售净利率,20200630,-24.570655
300592,华凯易佰,盈利能力,成本费用利润率,20200630,-21.144278
300592,华凯易佰,盈利能力,营业利润率,20200630,-26.730213
300592,华凯易佰,盈利能力,总资产净利率_平均,20200630,-1.226796
300592,华凯易佰,盈利能力,总资产净利率_平均(含少数股东损益),20200630,-1.226796
300592,华凯易佰,成长能力,归母净利润,20200630,-12806739.75
300592,华凯易佰,成长能力,营业总收入,20200630,52122092.17
300592,华凯易佰,成长能力,净利润,20200630,-12806739.75
300592,华凯易佰,成长能力,扣非净利润,20200630,-12297740.55
300592,华凯易佰,成长能力,营业总收入增长率,20200630,-68.562329
300592,华凯易佰,成长能力,归属母公司净利润增长率,20200630,-330.914505
300592,华凯易佰,收益质量,经营活动净现金/销售收入,20200630,-0.015365
300592,华凯易佰,收益质量,经营性现金净流量/营业总收入,20200630,-0.015365
300592,华凯易佰,收益质量,成本费用率,20200630,135.734587
300592,华凯易佰,收益质量,期间费用率,20200630,53.635207
300592,华凯易佰,收益质量,销售成本率,20200630,82.099379
300592,华凯易佰,收益质量,经营活动净现金/归属母公司的净利润,20200630,
300592,华凯易佰,收益质量,所得税/利润总额,20200630,
300592,华凯易佰,财务风险,流动比率,20200630,1.556354
300592,华凯易佰,财务风险,速动比率,20200630,1.486019
300592,华凯易佰,财务风险,保守速动比率,20200630,0.80246
300592,华凯易佰,财务风险,资产负债率,20200630,49.364287
300592,华凯易佰,财务风险,权益乘数,20200630,2.08484
300592,华凯易佰,财务风险,权益乘数(含少数股权的净资产),20200630,1.97489
300592,华凯易佰,财务风险,产权比率,20200630,97.489072
300592,华凯易佰,财务风险,现金比率,20200630,0.29894
300592,华凯易佰,营运能力,应收账款周转率,20200630,0.18332
300592,华凯易佰,营运能力,应收账款周转天数,20200630,981.889191
300592,华凯易佰,营运能力,存货周转率,20200630,0.231608
300592,华凯易佰,营运能力,存货周转天数,20200630,777.173028
300592,华凯易佰,营运能力,总资产周转率,20200630,0.049929
300592,华凯易佰,营运能力,总资产周转天数,20200630,3605.09653
300592,华凯易佰,营运能力,流动资产周转率,20200630,0.066277
300592,华凯易佰,营运能力,流动资产周转天数,20200630,2715.84391
300592,华凯易佰,营运能力,应付账款周转率,20200630,-0.917439
300592,华凯易佰,常用指标,归母净利润,20200331,-9097851.64
300592,华凯易佰,常用指标,营业总收入,20200331,17958371.7
300592,华凯易佰,常用指标,营业成本,20200331,33697498.62
300592,华凯易佰,常用指标,净利润,20200331,-9097851.64
300592,华凯易佰,常用指标,扣非净利润,20200331,-8782222.36
300592,华凯易佰,常用指标,股东权益合计(净资产),20200331,503989843.63
300592,华凯易佰,常用指标,商誉,20200331,
300592,华凯易佰,常用指标,经营现金流量净额,20200331,12390422.82
300592,华凯易佰,常用指标,基本每股收益,20200331,-0.0743
300592,华凯易佰,常用指标,每股净资产,20200331,4.118199
300592,华凯易佰,常用指标,每股现金流,20200331,0.101244
300592,华凯易佰,常用指标,净资产收益率(ROE),20200331,-1.79
300592,华凯易佰,常用指标,总资产报酬率(ROA),20200331,-0.558641
300592,华凯易佰,常用指标,毛利率,20200331,8.879013
300592,华凯易佰,常用指标,销售净利率,20200331,-50.660782
300592,华凯易佰,常用指标,期间费用率,20200331,95.365419
300592,华凯易佰,常用指标,资产负债率,20200331,50.412667
300592,华凯易佰,每股指标,基本每股收益,20200331,-0.0743
300592,华凯易佰,每股指标,稀释每股收益,20200331,-0.0743
300592,华凯易佰,每股指标,摊薄每股收益_最新股数,20200331,-0.023254
300592,华凯易佰,每股指标,摊薄每股净资产_期末股数,20200331,4.118199
300592,华凯易佰,每股指标,调整每股净资产_期末股数,20200331,3.798881
300592,华凯易佰,每股指标,每股净资产_最新股数,20200331,1.288221
300592,华凯易佰,每股指标,每股经营现金流,20200331,0.101244
300592,华凯易佰,每股指标,每股现金流量净额,20200331,-0.072387
300592,华凯易佰,每股指标,每股企业自由现金流量,20200331,
300592,华凯易佰,每股指标,每股股东自由现金流量,20200331,
300592,华凯易佰,每股指标,每股未分配利润,20200331,1.683341
300592,华凯易佰,每股指标,每股资本公积金,20200331,1.387164
300592,华凯易佰,每股指标,每股盈余公积金,20200331,0.047694
300592,华凯易佰,每股指标,每股留存收益,20200331,1.731035
300592,华凯易佰,每股指标,每股营业收入,20200331,0.146741
300592,华凯易佰,每股指标,每股营业总收入,20200331,0.146741
300592,华凯易佰,每股指标,每股息税前利润,20200331,-0.048837
300592,华凯易佰,盈利能力,净资产收益率(ROE),20200331,-1.79
300592,华凯易佰,盈利能力,摊薄净资产收益率,20200331,-1.805165
300592,华凯易佰,盈利能力,净资产收益率_平均,20200331,-1.789018
300592,华凯易佰,盈利能力,净资产收益率_平均_扣除非经常损益,20200331,-1.726952
300592,华凯易佰,盈利能力,摊薄净资产收益率_扣除非经常损益,20200331,-1.742539
300592,华凯易佰,盈利能力,息税前利润率,20200331,-33.28152
300592,华凯易佰,盈利能力,总资产报酬率,20200331,-0.558641
300592,华凯易佰,盈利能力,总资本回报率,20200331,-0.902923
300592,华凯易佰,盈利能力,投入资本回报率,20200331,-1.117457
300592,华凯易佰,盈利能力,息前税后总资产报酬率_平均,20200331,-0.691374
300592,华凯易佰,盈利能力,毛利率,20200331,8.879013
300592,华凯易佰,盈利能力,销售净利率,20200331,-50.660782
300592,华凯易佰,盈利能力,成本费用利润率,20200331,-22.925586
300592,华凯易佰,盈利能力,营业利润率,20200331,-37.260797
300592,华凯易佰,盈利能力,总资产净利率_平均,20200331,-0.850358
300592,华凯易佰,盈利能力,总资产净利率_平均(含少数股东损益),20200331,-0.850358
300592,华凯易佰,成长能力,归母净利润,20200331,-9097851.64
300592,华凯易佰,成长能力,营业总收入,20200331,17958371.7
300592,华凯易佰,成长能力,净利润,20200331,-9097851.64
300592,华凯易佰,成长能力,扣非净利润,20200331,-8782222.36
300592,华凯易佰,成长能力,营业总收入增长率,20200331,-42.911636
300592,华凯易佰,成长能力,归属母公司净利润增长率,20200331,-21.105883
300592,华凯易佰,收益质量,经营活动净现金/销售收入,20200331,0.689952
300592,华凯易佰,收益质量,经营性现金净流量/营业总收入,20200331,0.689952
300592,华凯易佰,收益质量,成本费用率,20200331,186.486406
300592,华凯易佰,收益质量,期间费用率,20200331,95.365419
300592,华凯易佰,收益质量,销售成本率,20200331,91.120986
300592,华凯易佰,收益质量,经营活动净现金/归属母公司的净利润,20200331,
300592,华凯易佰,收益质量,所得税/利润总额,20200331,
300592,华凯易佰,财务风险,流动比率,20200331,1.654035
300592,华凯易佰,财务风险,速动比率,20200331,0.926695
300592,华凯易佰,财务风险,保守速动比率,20200331,0.849647
300592,华凯易佰,财务风险,资产负债率,20200331,50.412667
300592,华凯易佰,财务风险,权益乘数,20200331,2.103839
300592,华凯易佰,财务风险,权益乘数(含少数股权的净资产),20200331,2.016644
300592,华凯易佰,财务风险,产权比率,20200331,101.664407
300592,华凯易佰,财务风险,现金比率,20200331,0.328498
300592,华凯易佰,营运能力,应收账款周转率,20200331,0.061555
300592,华凯易佰,营运能力,应收账款周转天数,20200331,1462.096033
300592,华凯易佰,营运能力,存货周转率,20200331,0.048496
300592,华凯易佰,营运能力,存货周转天数,20200331,1855.801128
300592,华凯易佰,营运能力,总资产周转率,20200331,0.016785
300592,华凯易佰,营运能力,总资产周转天数,20200331,5361.820026
300592,华凯易佰,营运能力,流动资产周转率,20200331,0.021917
300592,华凯易佰,营运能力,流动资产周转天数,20200331,4106.295398
300592,华凯易佰,营运能力,应付账款周转率,20200331,0.051898
300592,华凯易佰,常用指标,归母净利润,20191231,7980891.45
300592,华凯易佰,常用指标,营业总收入,20191231,411779890.88
300592,华凯易佰,常用指标,营业成本,20191231,395679300.56
300592,华凯易佰,常用指标,净利润,20191231,7980891.45
300592,华凯易佰,常用指标,扣非净利润,20191231,527100.07
300592,华凯易佰,常用指标,股东权益合计(净资产),20191231,513087695.27
300592,华凯易佰,常用指标,商誉,20191231,
300592,华凯易佰,常用指标,经营现金流量净额,20191231,75378395.32
300592,华凯易佰,常用指标,基本每股收益,20191231,0.0652
300592,华凯易佰,常用指标,每股净资产,20191231,4.19254
300592,华凯易佰,常用指标,每股现金流,20191231,0.615931
300592,华凯易佰,常用指标,净资产收益率(ROE),20191231,1.57
300592,华凯易佰,常用指标,总资产报酬率(ROA),20191231,1.591735
300592,华凯易佰,常用指标,毛利率,20191231,30.979426
300592,华凯易佰,常用指标,销售净利率,20191231,1.938145
300592,华凯易佰,常用指标,期间费用率,20191231,26.416756
300592,华凯易佰,常用指标,资产负债率,20191231,54.327239
300592,华凯易佰,每股指标,基本每股收益,20191231,0.0652
300592,华凯易佰,每股指标,稀释每股收益,20191231,0.0652
300592,华凯易佰,每股指标,摊薄每股收益_最新股数,20191231,0.020399
300592,华凯易佰,每股指标,摊薄每股净资产_期末股数,20191231,4.19254
300592,华凯易佰,每股指标,调整每股净资产_期末股数,20191231,3.850885
300592,华凯易佰,每股指标,每股净资产_最新股数,20191231,1.311475
300592,华凯易佰,每股指标,每股经营现金流,20191231,0.615931
300592,华凯易佰,每股指标,每股现金流量净额,20191231,0.236342
300592,华凯易佰,每股指标,每股企业自由现金流量,20191231,0.126916
300592,华凯易佰,每股指标,每股股东自由现金流量,20191231,0.126916
300592,华凯易佰,每股指标,每股未分配利润,20191231,1.757681
300592,华凯易佰,每股指标,每股资本公积金,20191231,1.387164
300592,华凯易佰,每股指标,每股盈余公积金,20191231,0.047694
300592,华凯易佰,每股指标,每股留存收益,20191231,1.805375
300592,华凯易佰,每股指标,每股营业收入,20191231,3.364734
300592,华凯易佰,每股指标,每股营业总收入,20191231,3.364734
300592,华凯易佰,每股指标,每股息税前利润,20191231,0.143286
300592,华凯易佰,盈利能力,净资产收益率(ROE),20191231,1.57
300592,华凯易佰,盈利能力,摊薄净资产收益率,20191231,1.555463
300592,华凯易佰,盈利能力,净资产收益率_平均,20191231,1.567655
300592,华凯易佰,盈利能力,净资产收益率_平均_扣除非经常损益,20191231,0.103536
300592,华凯易佰,盈利能力,摊薄净资产收益率_扣除非经常损益,20191231,0.10273
300592,华凯易佰,盈利能力,息税前利润率,20191231,4.258484
300592,华凯易佰,盈利能力,总资产报酬率,20191231,1.591735
300592,华凯易佰,盈利能力,总资本回报率,20191231,2.624527
300592,华凯易佰,盈利能力,投入资本回报率,20191231,2.350066
300592,华凯易佰,盈利能力,息前税后总资产报酬率_平均,20191231,1.425279
300592,华凯易佰,盈利能力,毛利率,20191231,30.979426
300592,华凯易佰,盈利能力,销售净利率,20191231,1.938145
300592,华凯易佰,盈利能力,成本费用利润率,20191231,2.497426
300592,华凯易佰,盈利能力,营业利润率,20191231,2.457995
300592,华凯易佰,盈利能力,总资产净利率_平均,20191231,0.724439
300592,华凯易佰,盈利能力,总资产净利率_平均(含少数股东损益),20191231,0.724439
300592,华凯易佰,成长能力,归母净利润,20191231,7980891.45
300592,华凯易佰,成长能力,营业总收入,20191231,411779890.88
300592,华凯易佰,成长能力,净利润,20191231,7980891.45
300592,华凯易佰,成长能力,扣非净利润,20191231,527100.07
300592,华凯易佰,成长能力,营业总收入增长率,20191231,-8.1859
300592,华凯易佰,成长能力,归属母公司净利润增长率,20191231,-49.139792
300592,华凯易佰,收益质量,经营活动净现金/销售收入,20191231,0.183055
300592,华凯易佰,收益质量,经营性现金净流量/营业总收入,20191231,0.183055
300592,华凯易佰,收益质量,成本费用率,20191231,95.43733
300592,华凯易佰,收益质量,期间费用率,20191231,26.416756
300592,华凯易佰,收益质量,销售成本率,20191231,69.020573
300592,华凯易佰,收益质量,经营活动净现金/归属母公司的净利润,20191231,9.444859
300592,华凯易佰,收益质量,所得税/利润总额,20191231,18.68414
300592,华凯易佰,财务风险,流动比率,20191231,1.554411
300592,华凯易佰,财务风险,速动比率,20191231,0.952413
300592,华凯易佰,财务风险,保守速动比率,20191231,0.897565
300592,华凯易佰,财务风险,资产负债率,20191231,54.327239
300592,华凯易佰,财务风险,权益乘数,20191231,2.163956
300592,华凯易佰,财务风险,权益乘数(含少数股权的净资产),20191231,2.189488
300592,华凯易佰,财务风险,产权比率,20191231,118.948887
300592,华凯易佰,财务风险,现金比率,20191231,0.288137
300592,华凯易佰,营运能力,应收账款周转率,20191231,1.302647
300592,华凯易佰,营运能力,应收账款周转天数,20191231,276.360251
300592,华凯易佰,营运能力,存货周转率,20191231,0.771987
300592,华凯易佰,营运能力,存货周转天数,20191231,466.328974
300592,华凯易佰,营运能力,总资产周转率,20191231,0.373779
300592,华凯易佰,营运能力,总资产周转天数,20191231,963.133695
300592,华凯易佰,营运能力,流动资产周转率,20191231,0.476379
300592,华凯易佰,营运能力,流动资产周转天数,20191231,755.699356
300592,华凯易佰,营运能力,应付账款周转率,20191231,0.745721
300592,华凯易佰,常用指标,归母净利润,20190930,14387446.98
300592,华凯易佰,常用指标,营业总收入,20190930,274829508.52
300592,华凯易佰,常用指标,营业成本,20190930,262658489.79
300592,华凯易佰,常用指标,净利润,20190930,14387446.98
300592,华凯易佰,常用指标,扣非净利润,20190930,8773474.52
300592,华凯易佰,常用指标,股东权益合计(净资产),20190930,519494250.8
300592,华凯易佰,常用指标,商誉,20190930,
300592,华凯易佰,常用指标,经营现金流量净额,20190930,-9749589.48
300592,华凯易佰,常用指标,基本每股收益,20190930,0.1176
300592,华凯易佰,常用指标,每股净资产,20190930,4.244889
300592,华凯易佰,常用指标,每股现金流,20190930,-0.079665
300592,华凯易佰,常用指标,净资产收益率(ROE),20190930,2.81
300592,华凯易佰,常用指标,总资产报酬率(ROA),20190930,2.291731
300592,华凯易佰,常用指标,毛利率,20190930,32.498471
300592,华凯易佰,常用指标,销售净利率,20190930,5.235044
300592,华凯易佰,常用指标,期间费用率,20190930,27.31513
300592,华凯易佰,常用指标,资产负债率,20190930,53.460325
300592,华凯易佰,每股指标,基本每股收益,20190930,0.1176
300592,华凯易佰,每股指标,稀释每股收益,20190930,0.1176
300592,华凯易佰,每股指标,摊薄每股收益_最新股数,20190930,0.036774
300592,华凯易佰,每股指标,摊薄每股净资产_期末股数,20190930,4.244889
300592,华凯易佰,每股指标,调整每股净资产_期末股数,20190930,3.940127
300592,华凯易佰,每股指标,每股净资产_最新股数,20190930,1.32785
300592,华凯易佰,每股指标,每股经营现金流,20190930,-0.079665
300592,华凯易佰,每股指标,每股现金流量净额,20190930,-0.113603
300592,华凯易佰,每股指标,每股企业自由现金流量,20190930,
300592,华凯易佰,每股指标,每股股东自由现金流量,20190930,
300592,华凯易佰,每股指标,每股未分配利润,20190930,1.81462
300592,华凯易佰,每股指标,每股资本公积金,20190930,1.387164
300592,华凯易佰,每股指标,每股盈余公积金,20190930,0.043104
300592,华凯易佰,每股指标,每股留存收益,20190930,1.857725
300592,华凯易佰,每股指标,每股营业收入,20190930,2.245685
300592,华凯易佰,每股指标,每股营业总收入,20190930,2.245685
300592,华凯易佰,每股指标,每股息税前利润,20190930,0.205629
300592,华凯易佰,盈利能力,净资产收益率(ROE),20190930,2.81
300592,华凯易佰,盈利能力,摊薄净资产收益率,20190930,2.76951
300592,华凯易佰,盈利能力,净资产收益率_平均,20190930,2.808399
300592,华凯易佰,盈利能力,净资产收益率_平均_扣除非经常损益,20190930,1.712564
300592,华凯易佰,盈利能力,摊薄净资产收益率_扣除非经常损益,20190930,1.688849
300592,华凯易佰,盈利能力,息税前利润率,20190930,9.156634
300592,华凯易佰,盈利能力,总资产报酬率,20190930,2.291731
300592,华凯易佰,盈利能力,总资本回报率,20190930,3.796058
300592,华凯易佰,盈利能力,投入资本回报率,20190930,3.275389
300592,华凯易佰,盈利能力,息前税后总资产报酬率_平均,20190930,1.310231
300592,华凯易佰,盈利能力,毛利率,20190930,32.498471
300592,华凯易佰,盈利能力,销售净利率,20190930,5.235044
300592,华凯易佰,盈利能力,成本费用利润率,20190930,6.845813
300592,华凯易佰,盈利能力,营业利润率,20190930,6.367175
300592,华凯易佰,盈利能力,总资产净利率_平均,20190930,1.310231
300592,华凯易佰,盈利能力,总资产净利率_平均(含少数股东损益),20190930,1.310231
300592,华凯易佰,成长能力,归母净利润,20190930,14387446.98
300592,华凯易佰,成长能力,营业总收入,20190930,274829508.52
300592,华凯易佰,成长能力,净利润,20190930,14387446.98
300592,华凯易佰,成长能力,扣非净利润,20190930,8773474.52
300592,华凯易佰,成长能力,营业总收入增长率,20190930,2.404178
300592,华凯易佰,成长能力,归属母公司净利润增长率,20190930,-24.271891
300592,华凯易佰,收益质量,经营活动净现金/销售收入,20190930,-0.035475
300592,华凯易佰,收益质量,经营性现金净流量/营业总收入,20190930,-0.035475
300592,华凯易佰,收益质量,成本费用率,20190930,94.816658
300592,华凯易佰,收益质量,期间费用率,20190930,27.31513
300592,华凯易佰,收益质量,销售成本率,20190930,67.501528
300592,华凯易佰,收益质量,经营活动净现金/归属母公司的净利润,20190930,-0.677645
300592,华凯易佰,收益质量,所得税/利润总额,20190930,19.348834
300592,华凯易佰,财务风险,流动比率,20190930,1.617008
300592,华凯易佰,财务风险,速动比率,20190930,0.794787
300592,华凯易佰,财务风险,保守速动比率,20190930,0.732333
300592,华凯易佰,财务风险,资产负债率,20190930,53.460325
300592,华凯易佰,财务风险,权益乘数,20190930,2.143437
300592,华凯易佰,财务风险,权益乘数(含少数股权的净资产),20190930,2.148704
300592,华凯易佰,财务风险,产权比率,20190930,114.870431
300592,华凯易佰,财务风险,现金比率,20190930,0.207385
300592,华凯易佰,营运能力,应收账款周转率,20190930,0.959118
300592,华凯易佰,营运能力,应收账款周转天数,20190930,281.508617
300592,华凯易佰,营运能力,存货周转率,20190930,0.439165
300592,华凯易佰,营运能力,存货周转天数,20190930,614.8022
300592,华凯易佰,营运能力,总资产周转率,20190930,0.25028
300592,华凯易佰,营运能力,总资产周转天数,20190930,1078.787653
300592,华凯易佰,营运能力,流动资产周转率,20190930,0.316935
300592,华凯易佰,营运能力,流动资产周转天数,20190930,851.908729
300592,华凯易佰,营运能力,应付账款周转率,20190930,0.814183
300592,华凯易佰,常用指标,归母净利润,20190630,5546095.83
300592,华凯易佰,常用指标,营业总收入,20190630,165795019.25
300592,华凯易佰,常用指标,营业成本,20190630,161257157.15
300592,华凯易佰,常用指标,净利润,20190630,5546095.83
300592,华凯易佰,常用指标,扣非净利润,20190630,1254255.87
300592,华凯易佰,常用指标,股东权益合计(净资产),20190630,510652899.65
300592,华凯易佰,常用指标,商誉,20190630,
300592,华凯易佰,常用指标,经营现金流量净额,20190630,-30168731.8
300592,华凯易佰,常用指标,基本每股收益,20190630,0.0453
300592,华凯易佰,常用指标,每股净资产,20190630,4.172645
300592,华凯易佰,常用指标,每股现金流,20190630,-0.246514
300592,华凯易佰,常用指标,净资产收益率(ROE),20190630,1.09
300592,华凯易佰,常用指标,总资产报酬率(ROA),20190630,1.16206
300592,华凯易佰,常用指标,毛利率,20190630,33.570648
300592,华凯易佰,常用指标,销售净利率,20190630,3.345152
300592,华凯易佰,常用指标,期间费用率,20190630,29.978638
300592,华凯易佰,常用指标,资产负债率,20190630,52.577704
300592,华凯易佰,每股指标,基本每股收益,20190630,0.0453
300592,华凯易佰,每股指标,稀释每股收益,20190630,0.0453
300592,华凯易佰,每股指标,摊薄每股收益_最新股数,20190630,0.014176
300592,华凯易佰,每股指标,摊薄每股净资产_期末股数,20190630,4.172645
300592,华凯易佰,每股指标,调整每股净资产_期末股数,20190630,3.868136
300592,华凯易佰,每股指标,每股净资产_最新股数,20190630,1.305252
300592,华凯易佰,每股指标,每股经营现金流,20190630,-0.246514
300592,华凯易佰,每股指标,每股现金流量净额,20190630,-0.190234
300592,华凯易佰,每股指标,每股企业自由现金流量,20190630,0.098556
300592,华凯易佰,每股指标,每股股东自由现金流量,20190630,0.343692
300592,华凯易佰,每股指标,每股未分配利润,20190630,1.742376
300592,华凯易佰,每股指标,每股资本公积金,20190630,1.387164
300592,华凯易佰,每股指标,每股盈余公积金,20190630,0.043104
300592,华凯易佰,每股指标,每股留存收益,20190630,1.78548
300592,华凯易佰,每股指标,每股营业收入,20190630,1.354743
300592,华凯易佰,每股指标,每股营业总收入,20190630,1.354743
300592,华凯易佰,每股指标,每股息税前利润,20190630,0.102396
300592,华凯易佰,盈利能力,净资产收益率(ROE),20190630,1.09
300592,华凯易佰,盈利能力,摊薄净资产收益率,20190630,1.086079
300592,华凯易佰,盈利能力,净资产收益率_平均,20190630,1.092009
300592,华凯易佰,盈利能力,净资产收益率_平均_扣除非经常损益,20190630,0.246959
300592,华凯易佰,盈利能力,摊薄净资产收益率_扣除非经常损益,20190630,0.245618
300592,华凯易佰,盈利能力,息税前利润率,20190630,7.558346
300592,华凯易佰,盈利能力,总资产报酬率,20190630,1.16206
300592,华凯易佰,盈利能力,总资本回报率,20190630,1.840135
300592,华凯易佰,盈利能力,投入资本回报率,20190630,1.527502
300592,华凯易佰,盈利能力,息前税后总资产报酬率_平均,20190630,0.96463
300592,华凯易佰,盈利能力,毛利率,20190630,33.570648
300592,华凯易佰,盈利能力,销售净利率,20190630,3.345152
300592,华凯易佰,盈利能力,成本费用利润率,20190630,4.801771
300592,华凯易佰,盈利能力,营业利润率,20190630,4.517842
300592,华凯易佰,盈利能力,总资产净利率_平均,20190630,0.514301
300592,华凯易佰,盈利能力,总资产净利率_平均(含少数股东损益),20190630,0.514301
300592,华凯易佰,成长能力,归母净利润,20190630,5546095.83
300592,华凯易佰,成长能力,营业总收入,20190630,165795019.25
300592,华凯易佰,成长能力,净利润,20190630,5546095.83
300592,华凯易佰,成长能力,扣非净利润,20190630,1254255.87
300592,华凯易佰,成长能力,营业总收入增长率,20190630,3.041776
300592,华凯易佰,成长能力,归属母公司净利润增长率,20190630,-41.347969
300592,华凯易佰,收益质量,经营活动净现金/销售收入,20190630,-0.181964
300592,华凯易佰,收益质量,经营性现金净流量/营业总收入,20190630,-0.181964
300592,华凯易佰,收益质量,成本费用率,20190630,96.407989
300592,华凯易佰,收益质量,期间费用率,20190630,29.978638
300592,华凯易佰,收益质量,销售成本率,20190630,66.429351
300592,华凯易佰,收益质量,经营活动净现金/归属母公司的净利润,20190630,-5.439634
300592,华凯易佰,收益质量,所得税/利润总额,20190630,27.739434
300592,华凯易佰,财务风险,流动比率,20190630,1.61816
300592,华凯易佰,财务风险,速动比率,20190630,0.815768
300592,华凯易佰,财务风险,保守速动比率,20190630,0.754213
300592,华凯易佰,财务风险,资产负债率,20190630,52.577704
300592,华凯易佰,财务风险,权益乘数,20190630,2.123286
300592,华凯易佰,财务风险,权益乘数(含少数股权的净资产),20190630,2.108712
300592,华凯易佰,财务风险,产权比率,20190630,110.871278
300592,华凯易佰,财务风险,现金比率,20190630,0.199555
300592,华凯易佰,营运能力,应收账款周转率,20190630,0.5718
300592,华凯易佰,营运能力,应收账款周转天数,20190630,314.795281
300592,华凯易佰,营运能力,存货周转率,20190630,0.269423
300592,华凯易佰,营运能力,存货周转天数,20190630,668.092419
300592,华凯易佰,营运能力,总资产周转率,20190630,0.153745
300592,华凯易佰,营运能力,总资产周转天数,20190630,1170.767309
300592,华凯易佰,营运能力,流动资产周转率,20190630,0.194867
300592,华凯易佰,营运能力,流动资产周转天数,20190630,923.706279
300592,华凯易佰,营运能力,应付账款周转率,20190630,0.467332
300592,华凯易佰,常用指标,归母净利润,20190331,-7512311.83
300592,华凯易佰,常用指标,营业总收入,20190331,31457148.97
300592,华凯易佰,常用指标,营业成本,20190331,41272861.47
300592,华凯易佰,常用指标,净利润,20190331,-7512311.83
300592,华凯易佰,常用指标,扣非净利润,20190331,-8822656.08
300592,华凯易佰,常用指标,股东权益合计(净资产),20190331,497594491.99
300592,华凯易佰,常用指标,商誉,20190331,
300592,华凯易佰,常用指标,经营现金流量净额,20190331,-27335017.63
300592,华凯易佰,常用指标,基本每股收益,20190331,-0.0614
300592,华凯易佰,常用指标,每股净资产,20190331,4.065942
300592,华凯易佰,常用指标,每股现金流,20190331,-0.223777
300592,华凯易佰,常用指标,净资产收益率(ROE),20190331,-1.5
300592,华凯易佰,常用指标,总资产报酬率(ROA),20190331,-0.496304
300592,华凯易佰,常用指标,毛利率,20190331,30.731
300592,华凯易佰,常用指标,销售净利率,20190331,-23.881095
300592,华凯易佰,常用指标,期间费用率,20190331,61.263589
300592,华凯易佰,常用指标,资产负债率,20190331,51.272002
300592,华凯易佰,每股指标,基本每股收益,20190331,-0.0614
300592,华凯易佰,每股指标,稀释每股收益,20190331,-0.0614
300592,华凯易佰,每股指标,摊薄每股收益_最新股数,20190331,-0.019201
300592,华凯易佰,每股指标,摊薄每股净资产_期末股数,20190331,4.065942
300592,华凯易佰,每股指标,调整每股净资产_期末股数,20190331,3.763044
300592,华凯易佰,每股指标,每股净资产_最新股数,20190331,1.271874
300592,华凯易佰,每股指标,每股经营现金流,20190331,-0.223777
300592,华凯易佰,每股指标,每股现金流量净额,20190331,-0.175675
300592,华凯易佰,每股指标,每股企业自由现金流量,20190331,
300592,华凯易佰,每股指标,每股股东自由现金流量,20190331,
300592,华凯易佰,每股指标,每股未分配利润,20190331,1.635673
300592,华凯易佰,每股指标,每股资本公积金,20190331,1.387164
300592,华凯易佰,每股指标,每股盈余公积金,20190331,0.043104
300592,华凯易佰,每股指标,每股留存收益,20190331,1.678777
300592,华凯易佰,每股指标,每股营业收入,20190331,0.257042
300592,华凯易佰,每股指标,每股营业总收入,20190331,0.257042
300592,华凯易佰,每股指标,每股息税前利润,20190331,-0.042603
300592,华凯易佰,盈利能力,净资产收益率(ROE),20190331,-1.5
300592,华凯易佰,盈利能力,摊薄净资产收益率,20190331,-1.509725
300592,华凯易佰,盈利能力,净资产收益率_平均,20190331,-1.498414
300592,华凯易佰,盈利能力,净资产收益率_平均_扣除非经常损益,20190331,-1.759777
300592,华凯易佰,盈利能力,摊薄净资产收益率_扣除非经常损益,20190331,-1.773061
300592,华凯易佰,盈利能力,息税前利润率,20190331,-16.574665
300592,华凯易佰,盈利能力,总资产报酬率,20190331,-0.496304
300592,华凯易佰,盈利能力,总资本回报率,20190331,-0.778637
300592,华凯易佰,盈利能力,投入资本回报率,20190331,-0.821256
300592,华凯易佰,盈利能力,息前税后总资产报酬率_平均,20190331,-0.523469
300592,华凯易佰,盈利能力,毛利率,20190331,30.731
300592,华凯易佰,盈利能力,销售净利率,20190331,-23.881095
300592,华凯易佰,盈利能力,成本费用利润率,20190331,-17.600113
300592,华凯易佰,盈利能力,营业利润率,20190331,-23.175679
300592,华凯易佰,盈利能力,总资产净利率_平均,20190331,-0.715085
300592,华凯易佰,盈利能力,总资产净利率_平均(含少数股东损益),20190331,-0.715085
300592,华凯易佰,成长能力,归母净利润,20190331,-7512311.83
300592,华凯易佰,成长能力,营业总收入,20190331,31457148.97
300592,华凯易佰,成长能力,净利润,20190331,-7512311.83
300592,华凯易佰,成长能力,扣非净利润,20190331,-8822656.08
300592,华凯易佰,成长能力,营业总收入增长率,20190331,-54.439914
300592,华凯易佰,成长能力,归属母公司净利润增长率,20190331,-479.196805
300592,华凯易佰,收益质量,经营活动净现金/销售收入,20190331,-0.870585
300592,华凯易佰,收益质量,经营性现金净流量/营业总收入,20190331,-0.870585
300592,华凯易佰,收益质量,成本费用率,20190331,130.532588
300592,华凯易佰,收益质量,期间费用率,20190331,61.263589
300592,华凯易佰,收益质量,销售成本率,20190331,69.268999
300592,华凯易佰,收益质量,经营活动净现金/归属母公司的净利润,20190331,
300592,华凯易佰,收益质量,所得税/利润总额,20190331,
300592,华凯易佰,财务风险,流动比率,20190331,1.641627
300592,华凯易佰,财务风险,速动比率,20190331,0.795096
300592,华凯易佰,财务风险,保守速动比率,20190331,0.705755
300592,华凯易佰,财务风险,资产负债率,20190331,51.272002
300592,华凯易佰,财务风险,权益乘数,20190331,2.095435
300592,华凯易佰,财务风险,权益乘数(含少数股权的净资产),20190331,2.052208
300592,华凯易佰,财务风险,产权比率,20190331,105.220829
300592,华凯易佰,财务风险,现金比率,20190331,0.229889
300592,华凯易佰,营运能力,应收账款周转率,20190331,0.120838
300592,华凯易佰,营运能力,应收账款周转天数,20190331,744.798589
300592,华凯易佰,营运能力,存货周转率,20190331,0.053816
300592,华凯易佰,营运能力,存货周转天数,20190331,1672.357872
300592,华凯易佰,营运能力,总资产周转率,20190331,0.029943
300592,华凯易佰,营运能力,总资产周转天数,20190331,3005.654466
300592,华凯易佰,营运能力,流动资产周转率,20190331,0.038035
300592,华凯易佰,营运能力,流动资产周转天数,20190331,2366.201341
300592,华凯易佰,营运能力,应付账款周转率,20190331,
300592,华凯易佰,常用指标,归母净利润,20181231,15691818.41
300592,华凯易佰,常用指标,营业总收入,20181231,448493089.65
300592,华凯易佰,常用指标,营业成本,20181231,423628331.29
300592,华凯易佰,常用指标,净利润,20181231,15691818.41
300592,华凯易佰,常用指标,扣非净利润,20181231,7249893.45
300592,华凯易佰,常用指标,股东权益合计(净资产),20181231,505106803.82
300592,华凯易佰,常用指标,商誉,20181231,
300592,华凯易佰,常用指标,经营现金流量净额,20181231,35001505.1
300592,华凯易佰,常用指标,基本每股收益,20181231,0.1282
300592,华凯易佰,常用指标,每股净资产,20181231,4.127326
300592,华凯易佰,常用指标,每股现金流,20181231,0.286004
300592,华凯易佰,常用指标,净资产收益率(ROE),20181231,3.14
300592,华凯易佰,常用指标,总资产报酬率(ROA),20181231,2.309979
300592,华凯易佰,常用指标,毛利率,20181231,27.431505
300592,华凯易佰,常用指标,销售净利率,20181231,3.498787
300592,华凯易佰,常用指标,期间费用率,20181231,20.985511
300592,华凯易佰,常用指标,资产负债率,20181231,53.227753
300592,华凯易佰,每股指标,基本每股收益,20181231,0.1282
300592,华凯易佰,每股指标,稀释每股收益,20181231,0.1282
300592,华凯易佰,每股指标,摊薄每股收益_最新股数,20181231,0.040109
300592,华凯易佰,每股指标,摊薄每股净资产_期末股数,20181231,4.127326
300592,华凯易佰,每股指标,调整每股净资产_期末股数,20181231,3.830098
300592,华凯易佰,每股指标,每股净资产_最新股数,20181231,1.291076
300592,华凯易佰,每股指标,每股经营现金流,20181231,0.286004
300592,华凯易佰,每股指标,每股现金流量净额,20181231,-0.119975
300592,华凯易佰,每股指标,每股企业自由现金流量,20181231,-0.135169
300592,华凯易佰,每股指标,每股股东自由现金流量,20181231,0.253779
300592,华凯易佰,每股指标,每股未分配利润,20181231,1.697058
300592,华凯易佰,每股指标,每股资本公积金,20181231,1.387164
300592,华凯易佰,每股指标,每股盈余公积金,20181231,0.043104
300592,华凯易佰,每股指标,每股留存收益,20181231,1.740162
300592,华凯易佰,每股指标,每股营业收入,20181231,3.664725
300592,华凯易佰,每股指标,每股营业总收入,20181231,3.664725
300592,华凯易佰,每股指标,每股息税前利润,20181231,0.200782
300592,华凯易佰,盈利能力,净资产收益率(ROE),20181231,3.14
300592,华凯易佰,盈利能力,摊薄净资产收益率,20181231,3.106633
300592,华凯易佰,盈利能力,净资产收益率_平均,20181231,3.136353
300592,华凯易佰,盈利能力,净资产收益率_平均_扣除非经常损益,20181231,1.44905
300592,华凯易佰,盈利能力,摊薄净资产收益率_扣除非经常损益,20181231,1.435318
300592,华凯易佰,盈利能力,息税前利润率,20181231,5.478797
300592,华凯易佰,盈利能力,总资产报酬率,20181231,2.309979
300592,华凯易佰,盈利能力,总资本回报率,20181231,3.844119
300592,华凯易佰,盈利能力,投入资本回报率,20181231,3.677249
300592,华凯易佰,盈利能力,息前税后总资产报酬率_平均,20181231,2.209705
300592,华凯易佰,盈利能力,毛利率,20181231,27.431505
300592,华凯易佰,盈利能力,销售净利率,20181231,3.498787
300592,华凯易佰,盈利能力,成本费用利润率,20181231,3.994075
300592,华凯易佰,盈利能力,营业利润率,20181231,3.743635
300592,华凯易佰,盈利能力,总资产净利率_平均,20181231,1.475164
300592,华凯易佰,盈利能力,总资产净利率_平均(含少数股东损益),20181231,1.475164
300592,华凯易佰,成长能力,归母净利润,20181231,15691818.41
300592,华凯易佰,成长能力,营业总收入,20181231,448493089.65
300592,华凯易佰,成长能力,净利润,20181231,15691818.41
300592,华凯易佰,成长能力,扣非净利润,20181231,7249893.45
300592,华凯易佰,成长能力,营业总收入增长率,20181231,-20.170484
300592,华凯易佰,成长能力,归属母公司净利润增长率,20181231,-67.801717
300592,华凯易佰,收益质量,经营活动净现金/销售收入,20181231,0.078042
300592,华凯易佰,收益质量,经营性现金净流量/营业总收入,20181231,0.078042
300592,华凯易佰,收益质量,成本费用率,20181231,93.554005
300592,华凯易佰,收益质量,期间费用率,20181231,20.985511
300592,华凯易佰,收益质量,销售成本率,20181231,72.568494
300592,华凯易佰,收益质量,经营活动净现金/归属母公司的净利润,20181231,2.230557
300592,华凯易佰,收益质量,所得税/利润总额,20181231,6.364858
300592,华凯易佰,财务风险,流动比率,20181231,1.656067
300592,华凯易佰,财务风险,速动比率,20181231,0.885555
300592,华凯易佰,财务风险,保守速动比率,20181231,0.830766
300592,华凯易佰,财务风险,资产负债率,20181231,53.227753
300592,华凯易佰,财务风险,权益乘数,20181231,2.126104
300592,华凯易佰,财务风险,权益乘数(含少数股权的净资产),20181231,2.13802
300592,华凯易佰,财务风险,产权比率,20181231,113.802003
300592,华凯易佰,财务风险,现金比率,20181231,0.269613
300592,华凯易佰,营运能力,应收账款周转率,20181231,1.379287
300592,华凯易佰,营运能力,应收账款周转天数,20181231,261.004263
300592,华凯易佰,营运能力,存货周转率,20181231,0.872478
300592,华凯易佰,营运能力,存货周转天数,20181231,412.617843
300592,华凯易佰,营运能力,总资产周转率,20181231,0.421621
300592,华凯易佰,营运能力,总资产周转天数,20181231,853.846121
300592,华凯易佰,营运能力,流动资产周转率,20181231,0.515249
300592,华凯易佰,营运能力,流动资产周转天数,20181231,698.690939
300592,华凯易佰,营运能力,应付账款周转率,20181231,1.361593
300592,华凯易佰,常用指标,归母净利润,20180930,18998819.85
300592,华凯易佰,常用指标,营业总收入,20180930,268377241.77
300592,华凯易佰,常用指标,营业成本,20180930,250574192.85
300592,华凯易佰,常用指标,净利润,20180930,18998819.85
300592,华凯易佰,常用指标,扣非净利润,20180930,17753055.59
300592,华凯易佰,常用指标,股东权益合计(净资产),20180930,508413805.26
300592,华凯易佰,常用指标,商誉,20180930,
300592,华凯易佰,常用指标,经营现金流量净额,20180930,-14382468.12
300592,华凯易佰,常用指标,基本每股收益,20180930,0.1552
300592,华凯易佰,常用指标,每股净资产,20180930,4.154349
300592,华凯易佰,常用指标,每股现金流,20180930,-0.117521
300592,华凯易佰,常用指标,净资产收益率(ROE),20180930,3.78
300592,华凯易佰,常用指标,总资产报酬率(ROA),20180930,2.753897
300592,华凯易佰,常用指标,毛利率,20180930,28.0815
300592,华凯易佰,常用指标,销售净利率,20180930,7.079147
300592,华凯易佰,常用指标,期间费用率,20180930,20.549137
300592,华凯易佰,常用指标,资产负债率,20180930,49.174328
300592,华凯易佰,每股指标,基本每股收益,20180930,0.1552
300592,华凯易佰,每股指标,稀释每股收益,20180930,0.1552
300592,华凯易佰,每股指标,摊薄每股收益_最新股数,20180930,0.048561
300592,华凯易佰,每股指标,摊薄每股净资产_期末股数,20180930,4.154349
300592,华凯易佰,每股指标,调整每股净资产_期末股数,20180930,3.886945
300592,华凯易佰,每股指标,每股净资产_最新股数,20180930,1.299528
300592,华凯易佰,每股指标,每股经营现金流,20180930,-0.117521
300592,华凯易佰,每股指标,每股现金流量净额,20180930,-0.724715
300592,华凯易佰,每股指标,每股企业自由现金流量,20180930,
300592,华凯易佰,每股指标,每股股东自由现金流量,20180930,
300592,华凯易佰,每股指标,每股未分配利润,20180930,1.732144
300592,华凯易佰,每股指标,每股资本公积金,20180930,1.387164
300592,华凯易佰,每股指标,每股盈余公积金,20180930,0.03504
300592,华凯易佰,每股指标,每股留存收益,20180930,1.767184
300592,华凯易佰,每股指标,每股营业收入,20180930,2.192963
300592,华凯易佰,每股指标,每股营业总收入,20180930,2.192963
300592,华凯易佰,每股指标,每股息税前利润,20180930,0.230409
300592,华凯易佰,盈利能力,净资产收益率(ROE),20180930,3.78
300592,华凯易佰,盈利能力,摊薄净资产收益率,20180930,3.736881
300592,华凯易佰,盈利能力,净资产收益率_平均,20180930,3.784822
300592,华凯易佰,盈利能力,净资产收益率_平均_扣除非经常损益,20180930,3.536648
300592,华凯易佰,盈利能力,摊薄净资产收益率_扣除非经常损益,20180930,3.491851
300592,华凯易佰,盈利能力,息税前利润率,20180930,10.506781
300592,华凯易佰,盈利能力,总资产报酬率,20180930,2.753897
300592,华凯易佰,盈利能力,总资本回报率,20180930,4.509847
300592,华凯易佰,盈利能力,投入资本回报率,20180930,3.911901
300592,华凯易佰,盈利能力,息前税后总资产报酬率_平均,20180930,2.388767
300592,华凯易佰,盈利能力,毛利率,20180930,28.0815
300592,华凯易佰,盈利能力,销售净利率,20180930,7.079147
300592,华凯易佰,盈利能力,成本费用利润率,20180930,9.162347
300592,华凯易佰,盈利能力,营业利润率,20180930,7.926107
300592,华凯易佰,盈利能力,总资产净利率_平均,20180930,1.855491
300592,华凯易佰,盈利能力,总资产净利率_平均(含少数股东损益),20180930,1.855491
300592,华凯易佰,成长能力,归母净利润,20180930,18998819.85
300592,华凯易佰,成长能力,营业总收入,20180930,268377241.77
300592,华凯易佰,成长能力,净利润,20180930,18998819.85
300592,华凯易佰,成长能力,扣非净利润,20180930,17753055.59
300592,华凯易佰,成长能力,营业总收入增长率,20180930,-18.389108
300592,华凯易佰,成长能力,归属母公司净利润增长率,20180930,-47.081158
300592,华凯易佰,收益质量,经营活动净现金/销售收入,20180930,-0.05359
300592,华凯易佰,收益质量,经营性现金净流量/营业总收入,20180930,-0.05359
300592,华凯易佰,收益质量,成本费用率,20180930,92.467636
300592,华凯易佰,收益质量,期间费用率,20180930,20.549137
300592,华凯易佰,收益质量,销售成本率,20180930,71.918499
300592,华凯易佰,收益质量,经营活动净现金/归属母公司的净利润,20180930,-0.757019
300592,华凯易佰,收益质量,所得税/利润总额,20180930,16.442698
300592,华凯易佰,财务风险,流动比率,20180930,1.857922
300592,华凯易佰,财务风险,速动比率,20180930,0.937156
300592,华凯易佰,财务风险,保守速动比率,20180930,0.801219
300592,华凯易佰,财务风险,资产负债率,20180930,49.174328
300592,华凯易佰,财务风险,权益乘数,20180930,2.039794
300592,华凯易佰,财务风险,权益乘数(含少数股权的净资产),20180930,1.967509
300592,华凯易佰,财务风险,产权比率,20180930,96.750967
300592,华凯易佰,财务风险,现金比率,20180930,0.139241
300592,华凯易佰,营运能力,应收账款周转率,20180930,0.834208
300592,华凯易佰,营运能力,应收账款周转天数,20180930,323.660141
300592,华凯易佰,营运能力,存货周转率,20180930,0.519896
300592,华凯易佰,营运能力,存货周转天数,20180930,519.333675
300592,华凯易佰,营运能力,总资产周转率,20180930,0.262106
300592,华凯易佰,营运能力,总资产周转天数,20180930,1030.115092
300592,华凯易佰,营运能力,流动资产周转率,20180930,0.319252
300592,华凯易佰,营运能力,流动资产周转天数,20180930,845.725507
300592,华凯易佰,营运能力,应付账款周转率,20180930,
300592,华凯易佰,常用指标,归母净利润,20180630,9455931.45
300592,华凯易佰,常用指标,营业总收入,20180630,160900777.44
300592,华凯易佰,常用指标,营业成本,20180630,151512543.56
300592,华凯易佰,常用指标,净利润,20180630,9455931.45
300592,华凯易佰,常用指标,扣非净利润,20180630,7705795.44
300592,华凯易佰,常用指标,股东权益合计(净资产),20180630,498870916.86
300592,华凯易佰,常用指标,商誉,20180630,
300592,华凯易佰,常用指标,经营现金流量净额,20180630,1032872.28
300592,华凯易佰,常用指标,基本每股收益,20180630,0.0773
300592,华凯易佰,常用指标,每股净资产,20180630,4.076372
300592,华凯易佰,常用指标,每股现金流,20180630,0.008439
300592,华凯易佰,常用指标,净资产收益率(ROE),20180630,1.89
300592,华凯易佰,常用指标,总资产报酬率(ROA),20180630,1.628839
300592,华凯易佰,常用指标,毛利率,20180630,30.097435
300592,华凯易佰,常用指标,销售净利率,20180630,5.876871
300592,华凯易佰,常用指标,期间费用率,20180630,23.195235
300592,华凯易佰,常用指标,资产负债率,20180630,49.159661
300592,华凯易佰,每股指标,基本每股收益,20180630,0.0773
300592,华凯易佰,每股指标,稀释每股收益,20180630,0.0773
300592,华凯易佰,每股指标,摊薄每股收益_最新股数,20180630,0.024169
300592,华凯易佰,每股指标,摊薄每股净资产_期末股数,20180630,4.076372
300592,华凯易佰,每股指标,调整每股净资产_期末股数,20180630,3.810084
300592,华凯易佰,每股指标,每股净资产_最新股数,20180630,1.275136
300592,华凯易佰,每股指标,每股经营现金流,20180630,0.008439
300592,华凯易佰,每股指标,每股现金流量净额,20180630,-0.503152
300592,华凯易佰,每股指标,每股企业自由现金流量,20180630,-0.220081
300592,华凯易佰,每股指标,每股股东自由现金流量,20180630,-0.097513
300592,华凯易佰,每股指标,每股未分配利润,20180630,1.654167
300592,华凯易佰,每股指标,每股资本公积金,20180630,1.387164
300592,华凯易佰,每股指标,每股盈余公积金,20180630,0.03504
300592,华凯易佰,每股指标,每股留存收益,20180630,1.689207
300592,华凯易佰,每股指标,每股营业收入,20180630,1.314751
300592,华凯易佰,每股指标,每股营业总收入,20180630,1.314751
300592,华凯易佰,每股指标,每股息税前利润,20180630,0.135011
300592,华凯易佰,盈利能力,净资产收益率(ROE),20180630,1.89
300592,华凯易佰,盈利能力,摊薄净资产收益率,20180630,1.895466
300592,华凯易佰,盈利能力,净资产收益率_平均,20180630,1.901827
300592,华凯易佰,盈利能力,净资产收益率_平均_扣除非经常损益,20180630,1.54983
300592,华凯易佰,盈利能力,摊薄净资产收益率_扣除非经常损益,20180630,1.544647
300592,华凯易佰,盈利能力,息税前利润率,20180630,10.268972
300592,华凯易佰,盈利能力,总资产报酬率,20180630,1.628839
300592,华凯易佰,盈利能力,总资本回报率,20180630,2.657852
300592,华凯易佰,盈利能力,投入资本回报率,20180630,2.105287
300592,华凯易佰,盈利能力,息前税后总资产报酬率_平均,20180630,1.290205
300592,华凯易佰,盈利能力,毛利率,20180630,30.097435
300592,华凯易佰,盈利能力,销售净利率,20180630,5.876871
300592,华凯易佰,盈利能力,成本费用利润率,20180630,8.605767
300592,华凯易佰,盈利能力,营业利润率,20180630,6.916388
300592,华凯易佰,盈利能力,总资产净利率_平均,20180630,0.932175
300592,华凯易佰,盈利能力,总资产净利率_平均(含少数股东损益),20180630,0.932175
300592,华凯易佰,成长能力,归母净利润,20180630,9455931.45
300592,华凯易佰,成长能力,营业总收入,20180630,160900777.44
300592,华凯易佰,成长能力,净利润,20180630,9455931.45
300592,华凯易佰,成长能力,扣非净利润,20180630,7705795.44
300592,华凯易佰,成长能力,营业总收入增长率,20180630,-18.859349
300592,华凯易佰,成长能力,归属母公司净利润增长率,20180630,-17.36081
300592,华凯易佰,收益质量,经营活动净现金/销售收入,20180630,0.006419
300592,华凯易佰,收益质量,经营性现金净流量/营业总收入,20180630,0.006419
300592,华凯易佰,收益质量,成本费用率,20180630,93.0978
300592,华凯易佰,收益质量,期间费用率,20180630,23.195235
300592,华凯易佰,收益质量,销售成本率,20180630,69.902564
300592,华凯易佰,收益质量,经营活动净现金/归属母公司的净利润,20180630,0.10923
300592,华凯易佰,收益质量,所得税/利润总额,20180630,26.647127
300592,华凯易佰,财务风险,流动比率,20180630,1.861132
300592,华凯易佰,财务风险,速动比率,20180630,0.961662
300592,华凯易佰,财务风险,保守速动比率,20180630,0.860472
300592,华凯易佰,财务风险,资产负债率,20180630,49.159661
300592,华凯易佰,财务风险,权益乘数,20180630,2.040203
300592,华凯易佰,财务风险,权益乘数(含少数股权的净资产),20180630,1.966942
300592,华凯易佰,财务风险,产权比率,20180630,96.694204
300592,华凯易佰,财务风险,现金比率,20180630,0.209503
300592,华凯易佰,营运能力,应收账款周转率,20180630,0.508806
300592,华凯易佰,营运能力,应收账款周转天数,20180630,353.768959
300592,华凯易佰,营运能力,存货周转率,20180630,0.310655
300592,华凯易佰,营运能力,存货周转天数,20180630,579.42038
300592,华凯易佰,营运能力,总资产周转率,20180630,0.158617
300592,华凯易佰,营运能力,总资产周转天数,20180630,1134.804941
300592,华凯易佰,营运能力,流动资产周转率,20180630,0.193449
300592,华凯易佰,营运能力,流动资产周转天数,20180630,930.475574
300592,华凯易佰,营运能力,应付账款周转率,20180630,0.557797
300592,华凯易佰,常用指标,归母净利润,20180331,1981111.58
300592,华凯易佰,常用指标,营业总收入,20180331,69045412.34
300592,华凯易佰,常用指标,营业成本,20180331,67631017.45
300592,华凯易佰,常用指标,净利润,20180331,1981111.58
300592,华凯易佰,常用指标,扣非净利润,20180331,692633.42
300592,华凯易佰,常用指标,股东权益合计(净资产),20180331,497515151.99
300592,华凯易佰,常用指标,商誉,20180331,
300592,华凯易佰,常用指标,经营现金流量净额,20180331,-3751745.89
300592,华凯易佰,常用指标,基本每股收益,20180331,0.0162
300592,华凯易佰,常用指标,每股净资产,20180331,4.065294
300592,华凯易佰,常用指标,每股现金流,20180331,-0.030656
300592,华凯易佰,常用指标,净资产收益率(ROE),20180331,0.4
300592,华凯易佰,常用指标,总资产报酬率(ROA),20180331,0.508986
300592,华凯易佰,常用指标,毛利率,20180331,27.995025
300592,华凯易佰,常用指标,销售净利率,20180331,2.869287
300592,华凯易佰,常用指标,期间费用率,20180331,25.031442
300592,华凯易佰,常用指标,资产负债率,20180331,47.88273
300592,华凯易佰,每股指标,基本每股收益,20180331,0.0162
300592,华凯易佰,每股指标,稀释每股收益,20180331,0.0162
300592,华凯易佰,每股指标,摊薄每股收益_最新股数,20180331,0.005063
300592,华凯易佰,每股指标,摊薄每股净资产_期末股数,20180331,4.065294
300592,华凯易佰,每股指标,调整每股净资产_期末股数,20180331,3.791645
300592,华凯易佰,每股指标,每股净资产_最新股数,20180331,1.271671
300592,华凯易佰,每股指标,每股经营现金流,20180331,-0.030656
300592,华凯易佰,每股指标,每股现金流量净额,20180331,-0.388223
300592,华凯易佰,每股指标,每股企业自由现金流量,20180331,
300592,华凯易佰,每股指标,每股股东自由现金流量,20180331,
300592,华凯易佰,每股指标,每股未分配利润,20180331,1.643089
300592,华凯易佰,每股指标,每股资本公积金,20180331,1.387164
300592,华凯易佰,每股指标,每股盈余公积金,20180331,0.03504
300592,华凯易佰,每股指标,每股留存收益,20180331,1.678129
300592,华凯易佰,每股指标,每股营业收入,20180331,0.564183
300592,华凯易佰,每股指标,每股营业总收入,20180331,0.564183
300592,华凯易佰,每股指标,每股息税前利润,20180331,0.041634
300592,华凯易佰,盈利能力,净资产收益率(ROE),20180331,0.4
300592,华凯易佰,盈利能力,摊薄净资产收益率,20180331,0.398201
300592,华凯易佰,盈利能力,净资产收益率_平均,20180331,0.398995
300592,华凯易佰,盈利能力,净资产收益率_平均_扣除非经常损益,20180331,0.139496
300592,华凯易佰,盈利能力,摊薄净资产收益率_扣除非经常损益,20180331,0.139218
300592,华凯易佰,盈利能力,息税前利润率,20180331,7.379668
300592,华凯易佰,盈利能力,总资产报酬率,20180331,0.508986
300592,华凯易佰,盈利能力,总资本回报率,20180331,0.828398
300592,华凯易佰,盈利能力,投入资本回报率,20180331,0.674086
300592,华凯易佰,盈利能力,息前税后总资产报酬率_平均,20180331,0.197898
300592,华凯易佰,盈利能力,毛利率,20180331,27.995025
300592,华凯易佰,盈利能力,销售净利率,20180331,2.869287
300592,华凯易佰,盈利能力,成本费用利润率,20180331,4.373562
300592,华凯易佰,盈利能力,营业利润率,20180331,4.222807
300592,华凯易佰,盈利能力,总资产净利率_平均,20180331,0.197898
300592,华凯易佰,盈利能力,总资产净利率_平均(含少数股东损益),20180331,0.197898
300592,华凯易佰,成长能力,归母净利润,20180331,1981111.58
300592,华凯易佰,成长能力,营业总收入,20180331,69045412.34
300592,华凯易佰,成长能力,净利润,20180331,1981111.58
300592,华凯易佰,成长能力,扣非净利润,20180331,692633.42
300592,华凯易佰,成长能力,营业总收入增长率,20180331,30.177972
300592,华凯易佰,成长能力,归属母公司净利润增长率,20180331,6374.230769
300592,华凯易佰,收益质量,经营活动净现金/销售收入,20180331,-0.054337
300592,华凯易佰,收益质量,经营性现金净流量/营业总收入,20180331,-0.054337
300592,华凯易佰,收益质量,成本费用率,20180331,97.036416
300592,华凯易佰,收益质量,期间费用率,20180331,25.031442
300592,华凯易佰,收益质量,销售成本率,20180331,72.004974
300592,华凯易佰,收益质量,经营活动净现金/归属母公司的净利润,20180331,-1.893757
300592,华凯易佰,收益质量,所得税/利润总额,20180331,32.391074
300592,华凯易佰,财务风险,流动比率,20180331,2.018807
300592,华凯易佰,财务风险,速动比率,20180331,1.080712
300592,华凯易佰,财务风险,保守速动比率,20180331,0.931408
300592,华凯易佰,财务风险,资产负债率,20180331,47.88273
300592,华凯易佰,财务风险,权益乘数,20180331,2.016159
300592,华凯易佰,财务风险,权益乘数(含少数股权的净资产),20180331,1.918749
300592,华凯易佰,财务风险,产权比率,20180331,91.874979
300592,华凯易佰,财务风险,现金比率,20180331,0.245816
300592,华凯易佰,营运能力,应收账款周转率,20180331,0.219977
300592,华凯易佰,营运能力,应收账款周转天数,20180331,409.133606
300592,华凯易佰,营运能力,存货周转率,20180331,0.138981
300592,华凯易佰,营运能力,存货周转天数,20180331,647.5667
300592,华凯易佰,营运能力,总资产周转率,20180331,0.068971
300592,华凯易佰,营运能力,总资产周转天数,20180331,1304.88843
300592,华凯易佰,营运能力,流动资产周转率,20180331,0.082391
300592,华凯易佰,营运能力,流动资产周转天数,20180331,1092.345792
300592,华凯易佰,营运能力,应付账款周转率,20180331,0.27881
300592,华凯易佰,常用指标,归母净利润,20171231,48734954.25
300592,华凯易佰,常用指标,营业总收入,20171231,561813616.92
300592,华凯易佰,常用指标,营业成本,20171231,512373211.26
300592,华凯易佰,常用指标,净利润,20171231,48734954.25
300592,华凯易佰,常用指标,扣非净利润,20171231,41873197.17
300592,华凯易佰,常用指标,股东权益合计(净资产),20171231,495534040.41
300592,华凯易佰,常用指标,商誉,20171231,
300592,华凯易佰,常用指标,经营现金流量净额,20171231,-4426324.4
300592,华凯易佰,常用指标,基本每股收益,20171231,0.4067
300592,华凯易佰,常用指标,每股净资产,20171231,4.049105
300592,华凯易佰,常用指标,每股现金流,20171231,-0.036168
300592,华凯易佰,常用指标,净资产收益率(ROE),20171231,10.44
300592,华凯易佰,常用指标,总资产报酬率(ROA),20171231,7.142947
300592,华凯易佰,常用指标,毛利率,20171231,31.359773
300592,华凯易佰,常用指标,销售净利率,20171231,8.674576
300592,华凯易佰,常用指标,期间费用率,20171231,18.024262
300592,华凯易佰,常用指标,资产负债率,20171231,52.695394
300592,华凯易佰,每股指标,基本每股收益,20171231,0.4067
300592,华凯易佰,每股指标,稀释每股收益,20171231,0.4067
300592,华凯易佰,每股指标,摊薄每股收益_最新股数,20171231,0.124568
300592,华凯易佰,每股指标,摊薄每股净资产_期末股数,20171231,4.049105
300592,华凯易佰,每股指标,调整每股净资产_期末股数,20171231,3.773815
300592,华凯易佰,每股指标,每股净资产_最新股数,20171231,1.266607
300592,华凯易佰,每股指标,每股经营现金流,20171231,-0.036168
300592,华凯易佰,每股指标,每股现金流量净额,20171231,0.5972
300592,华凯易佰,每股指标,每股企业自由现金流量,20171231,-0.611101
300592,华凯易佰,每股指标,每股股东自由现金流量,20171231,-0.606147
300592,华凯易佰,每股指标,每股未分配利润,20171231,1.626901
300592,华凯易佰,每股指标,每股资本公积金,20171231,1.387164
300592,华凯易佰,每股指标,每股盈余公积金,20171231,0.03504
300592,华凯易佰,每股指标,每股留存收益,20171231,1.661941
300592,华凯易佰,每股指标,每股营业收入,20171231,4.590689
300592,华凯易佰,每股指标,每股营业总收入,20171231,4.590689
300592,华凯易佰,每股指标,每股息税前利润,20171231,0.520724
300592,华凯易佰,盈利能力,净资产收益率(ROE),20171231,10.44
300592,华凯易佰,盈利能力,摊薄净资产收益率,20171231,9.834834
300592,华凯易佰,盈利能力,净资产收益率_平均,20171231,11.774487
300592,华凯易佰,盈利能力,净资产收益率_平均_扣除非经常损益,20171231,10.116669
300592,华凯易佰,盈利能力,摊薄净资产收益率_扣除非经常损益,20171231,8.450115
300592,华凯易佰,盈利能力,息税前利润率,20171231,11.343062
300592,华凯易佰,盈利能力,总资产报酬率,20171231,7.142947
300592,华凯易佰,盈利能力,总资本回报率,20171231,12.032296
300592,华凯易佰,盈利能力,投入资本回报率,20171231,10.354632
300592,华凯易佰,盈利能力,息前税后总资产报酬率_平均,20171231,6.147005
300592,华凯易佰,盈利能力,毛利率,20171231,31.359773
300592,华凯易佰,盈利能力,销售净利率,20171231,8.674576
300592,华凯易佰,盈利能力,成本费用利润率,20171231,11.834306
300592,华凯易佰,盈利能力,营业利润率,20171231,9.948471
300592,华凯易佰,盈利能力,总资产净利率_平均,20171231,5.46255
300592,华凯易佰,盈利能力,总资产净利率_平均(含少数股东损益),20171231,5.46255
300592,华凯易佰,成长能力,归母净利润,20171231,48734954.25
300592,华凯易佰,成长能力,营业总收入,20171231,561813616.92
300592,华凯易佰,成长能力,净利润,20171231,48734954.25
300592,华凯易佰,成长能力,扣非净利润,20171231,41873197.17
300592,华凯易佰,成长能力,营业总收入增长率,20171231,6.085796
300592,华凯易佰,成长能力,归属母公司净利润增长率,20171231,21.753408
300592,华凯易佰,收益质量,经营活动净现金/销售收入,20171231,-0.007878
300592,华凯易佰,收益质量,经营性现金净流量/营业总收入,20171231,-0.007878
300592,华凯易佰,收益质量,成本费用率,20171231,86.664489
300592,华凯易佰,收益质量,期间费用率,20171231,18.024262
300592,华凯易佰,收益质量,销售成本率,20171231,68.640226
300592,华凯易佰,收益质量,经营活动净现金/归属母公司的净利润,20171231,-0.090824
300592,华凯易佰,收益质量,所得税/利润总额,20171231,15.420657
300592,华凯易佰,财务风险,流动比率,20171231,1.744829
300592,华凯易佰,财务风险,速动比率,20171231,1.059078
300592,华凯易佰,财务风险,保守速动比率,20171231,0.993961
300592,华凯易佰,财务风险,资产负债率,20171231,52.695394
300592,华凯易佰,财务风险,权益乘数,20171231,2.155492
300592,华凯易佰,财务风险,权益乘数(含少数股权的净资产),20171231,2.113959
300592,华凯易佰,财务风险,产权比率,20171231,111.395906
300592,华凯易佰,财务风险,现金比率,20171231,0.283512
300592,华凯易佰,营运能力,应收账款周转率,20171231,1.992736
300592,华凯易佰,营运能力,应收账款周转天数,20171231,180.656084
300592,华凯易佰,营运能力,存货周转率,20171231,1.10969
300592,华凯易佰,营运能力,存货周转天数,20171231,324.414712
300592,华凯易佰,营运能力,总资产周转率,20171231,0.629719
300592,华凯易佰,营运能力,总资产周转天数,20171231,571.683106
300592,华凯易佰,营运能力,流动资产周转率,20171231,0.734102
300592,华凯易佰,营运能力,流动资产周转天数,20171231,490.394574
300592,华凯易佰,营运能力,应付账款周转率,20171231,1.530143
300592,华凯易佰,常用指标,归母净利润,20170930,35901806.33
300592,华凯易佰,常用指标,营业总收入,20170930,328849784.55
300592,华凯易佰,常用指标,营业成本,20170930,290342465.81
300592,华凯易佰,常用指标,净利润,20170930,35901806.33
300592,华凯易佰,常用指标,扣非净利润,20170930,35520424.34
300592,华凯易佰,常用指标,股东权益合计(净资产),20170930,482702742.49
300592,华凯易佰,常用指标,商誉,20170930,
300592,华凯易佰,常用指标,经营现金流量净额,20170930,-56916359.81
300592,华凯易佰,常用指标,基本每股收益,20170930,0.3017
300592,华凯易佰,常用指标,每股净资产,20170930,3.944258
300592,华凯易佰,常用指标,每股现金流,20170930,-0.465074
300592,华凯易佰,常用指标,净资产收益率(ROE),20170930,7.82
300592,华凯易佰,常用指标,总资产报酬率(ROA),20170930,5.773766
300592,华凯易佰,常用指标,毛利率,20170930,29.880279
300592,华凯易佰,常用指标,销售净利率,20170930,10.917387
300592,华凯易佰,常用指标,期间费用率,20170930,16.516783
300592,华凯易佰,常用指标,资产负债率,20170930,47.395002
300592,华凯易佰,每股指标,基本每股收益,20170930,0.3017
300592,华凯易佰,每股指标,稀释每股收益,20170930,0.3017
300592,华凯易佰,每股指标,摊薄每股收益_最新股数,20170930,0.091766
300592,华凯易佰,每股指标,摊薄每股净资产_期末股数,20170930,3.944258
300592,华凯易佰,每股指标,调整每股净资产_期末股数,20170930,3.697927
300592,华凯易佰,每股指标,每股净资产_最新股数,20170930,1.23381
300592,华凯易佰,每股指标,每股经营现金流,20170930,-0.465074
300592,华凯易佰,每股指标,每股现金流量净额,20170930,0.122881
300592,华凯易佰,每股指标,每股企业自由现金流量,20170930,
300592,华凯易佰,每股指标,每股股东自由现金流量,20170930,
300592,华凯易佰,每股指标,每股未分配利润,20170930,1.525643
300592,华凯易佰,每股指标,每股资本公积金,20170930,1.387164
300592,华凯易佰,每股指标,每股盈余公积金,20170930,0.031451
300592,华凯易佰,每股指标,每股留存收益,20170930,1.557094
300592,华凯易佰,每股指标,每股营业收入,20170930,2.687096
300592,华凯易佰,每股指标,每股营业总收入,20170930,2.687096
300592,华凯易佰,每股指标,每股息税前利润,20170930,0.390258
300592,华凯易佰,盈利能力,净资产收益率(ROE),20170930,7.82
300592,华凯易佰,盈利能力,摊薄净资产收益率,20170930,7.437663
300592,华凯易佰,盈利能力,净资产收益率_平均,20170930,8.810533
300592,华凯易佰,盈利能力,净资产收益率_平均_扣除非经常损益,20170930,8.716939
300592,华凯易佰,盈利能力,摊薄净资产收益率_扣除非经常损益,20170930,7.358653
300592,华凯易佰,盈利能力,息税前利润率,20170930,14.52344
300592,华凯易佰,盈利能力,总资产报酬率,20170930,5.773766
300592,华凯易佰,盈利能力,总资本回报率,20170930,9.274456
300592,华凯易佰,盈利能力,投入资本回报率,20170930,7.829305
300592,华凯易佰,盈利能力,息前税后总资产报酬率_平均,20170930,4.340187
300592,华凯易佰,盈利能力,毛利率,20170930,29.880279
300592,华凯易佰,盈利能力,销售净利率,20170930,10.917387
300592,华凯易佰,盈利能力,成本费用利润率,20170930,15.213491
300592,华凯易佰,盈利能力,营业利润率,20170930,13.0629
300592,华凯易佰,盈利能力,总资产净利率_平均,20170930,4.340187
300592,华凯易佰,盈利能力,总资产净利率_平均(含少数股东损益),20170930,4.340187
300592,华凯易佰,成长能力,归母净利润,20170930,35901806.33
300592,华凯易佰,成长能力,营业总收入,20170930,328849784.55
300592,华凯易佰,成长能力,净利润,20170930,35901806.33
300592,华凯易佰,成长能力,扣非净利润,20170930,35520424.34
300592,华凯易佰,成长能力,营业总收入增长率,20170930,2.778478
300592,华凯易佰,成长能力,归属母公司净利润增长率,20170930,27.040916
300592,华凯易佰,收益质量,经营活动净现金/销售收入,20170930,-0.173077
300592,华凯易佰,收益质量,经营性现金净流量/营业总收入,20170930,-0.173077
300592,华凯易佰,收益质量,成本费用率,20170930,86.636503
300592,华凯易佰,收益质量,期间费用率,20170930,16.516783
300592,华凯易佰,收益质量,销售成本率,20170930,70.11972
300592,华凯易佰,收益质量,经营活动净现金/归属母公司的净利润,20170930,-1.585334
300592,华凯易佰,收益质量,所得税/利润总额,20170930,17.169761
300592,华凯易佰,财务风险,流动比率,20170930,2.052271
300592,华凯易佰,财务风险,速动比率,20170930,0.906097
300592,华凯易佰,财务风险,保守速动比率,20170930,0.770187
300592,华凯易佰,财务风险,资产负债率,20170930,47.395002
300592,华凯易佰,财务风险,权益乘数,20170930,2.029989
300592,华凯易佰,财务风险,权益乘数(含少数股权的净资产),20170930,1.90096
300592,华凯易佰,财务风险,产权比率,20170930,90.096008
300592,华凯易佰,财务风险,现金比率,20170930,0.193615
300592,华凯易佰,营运能力,应收账款周转率,20170930,1.524517
300592,华凯易佰,营运能力,应收账款周转天数,20170930,177.105171
300592,华凯易佰,营运能力,存货周转率,20170930,0.576444
300592,华凯易佰,营运能力,存货周转天数,20170930,468.38887
300592,华凯易佰,营运能力,总资产周转率,20170930,0.397548
300592,华凯易佰,营运能力,总资产周转天数,20170930,679.163014
300592,华凯易佰,营运能力,流动资产周转率,20170930,0.451534
300592,华凯易佰,营运能力,流动资产周转天数,20170930,597.961026
300592,华凯易佰,营运能力,应付账款周转率,20170930,1.423782
300592,华凯易佰,常用指标,归母净利润,20170630,11442430.07
300592,华凯易佰,常用指标,营业总收入,20170630,198298603.25
300592,华凯易佰,常用指标,营业成本,20170630,188195171.28
300592,华凯易佰,常用指标,净利润,20170630,11442430.07
300592,华凯易佰,常用指标,扣非净利润,20170630,10987001.89
300592,华凯易佰,常用指标,股东权益合计(净资产),20170630,458241516.23
300592,华凯易佰,常用指标,商誉,20170630,
300592,华凯易佰,常用指标,经营现金流量净额,20170630,-26275006.1
300592,华凯易佰,常用指标,基本每股收益,20170630,0.0976
300592,华凯易佰,常用指标,每股净资产,20170630,3.744381
300592,华凯易佰,常用指标,每股现金流,20170630,-0.214698
300592,华凯易佰,常用指标,净资产收益率(ROE),20170630,2.58
300592,华凯易佰,常用指标,总资产报酬率(ROA),20170630,2.181798
300592,华凯易佰,常用指标,毛利率,20170630,25.165495
300592,华凯易佰,常用指标,销售净利率,20170630,5.770302
300592,华凯易佰,常用指标,期间费用率,20170630,19.403224
300592,华凯易佰,常用指标,资产负债率,20170630,47.074433
300592,华凯易佰,每股指标,基本每股收益,20170630,0.0976
300592,华凯易佰,每股指标,稀释每股收益,20170630,0.0976
300592,华凯易佰,每股指标,摊薄每股收益_最新股数,20170630,0.029247
300592,华凯易佰,每股指标,摊薄每股净资产_期末股数,20170630,3.744381
300592,华凯易佰,每股指标,调整每股净资产_期末股数,20170630,3.496424
300592,华凯易佰,每股指标,每股净资产_最新股数,20170630,1.171286
300592,华凯易佰,每股指标,每股经营现金流,20170630,-0.214698
300592,华凯易佰,每股指标,每股现金流量净额,20170630,0.548963
300592,华凯易佰,每股指标,每股企业自由现金流量,20170630,-0.915819
300592,华凯易佰,每股指标,每股股东自由现金流量,20170630,-1.012189
300592,华凯易佰,每股指标,每股未分配利润,20170630,1.325765
300592,华凯易佰,每股指标,每股资本公积金,20170630,1.387164
300592,华凯易佰,每股指标,每股盈余公积金,20170630,0.031451
300592,华凯易佰,每股指标,每股留存收益,20170630,1.357217
300592,华凯易佰,每股指标,每股营业收入,20170630,1.620336
300592,华凯易佰,每股指标,每股营业总收入,20170630,1.620336
300592,华凯易佰,每股指标,每股息税前利润,20170630,0.142856
300592,华凯易佰,盈利能力,净资产收益率(ROE),20170630,2.58
300592,华凯易佰,盈利能力,摊薄净资产收益率,20170630,2.49703
300592,华凯易佰,盈利能力,净资产收益率_平均,20170630,2.894936
300592,华凯易佰,盈利能力,净资产收益率_平均_扣除非经常损益,20170630,2.779712
300592,华凯易佰,盈利能力,摊薄净资产收益率_扣除非经常损益,20170630,2.397644
300592,华凯易佰,盈利能力,息税前利润率,20170630,8.816452
300592,华凯易佰,盈利能力,总资产报酬率,20170630,2.181798
300592,华凯易佰,盈利能力,总资本回报率,20170630,3.468436
300592,华凯易佰,盈利能力,投入资本回报率,20170630,2.844142
300592,华凯易佰,盈利能力,息前税后总资产报酬率_平均,20170630,1.78909
300592,华凯易佰,盈利能力,毛利率,20170630,25.165495
300592,华凯易佰,盈利能力,销售净利率,20170630,5.770302
300592,华凯易佰,盈利能力,成本费用利润率,20170630,7.807066
300592,华凯易佰,盈利能力,营业利润率,20170630,7.087005
300592,华凯易佰,盈利能力,总资产净利率_平均,20170630,1.427971
300592,华凯易佰,盈利能力,总资产净利率_平均(含少数股东损益),20170630,1.427971
300592,华凯易佰,成长能力,归母净利润,20170630,11442430.07
300592,华凯易佰,成长能力,营业总收入,20170630,198298603.25
300592,华凯易佰,成长能力,净利润,20170630,11442430.07
300592,华凯易佰,成长能力,扣非净利润,20170630,10987001.89
300592,华凯易佰,成长能力,营业总收入增长率,20170630,15.156272
300592,华凯易佰,成长能力,归属母公司净利润增长率,20170630,24.987076
300592,华凯易佰,收益质量,经营活动净现金/销售收入,20170630,-0.132502
300592,华凯易佰,收益质量,经营性现金净流量/营业总收入,20170630,-0.132502
300592,华凯易佰,收益质量,成本费用率,20170630,94.237728
300592,华凯易佰,收益质量,期间费用率,20170630,19.403224
300592,华凯易佰,收益质量,销售成本率,20170630,74.834504
300592,华凯易佰,收益质量,经营活动净现金/归属母公司的净利润,20170630,-2.296278
300592,华凯易佰,收益质量,所得税/利润总额,20170630,21.569334
300592,华凯易佰,财务风险,流动比率,20170630,2.070472
300592,华凯易佰,财务风险,速动比率,20170630,1.006439
300592,华凯易佰,财务风险,保守速动比率,20170630,0.873891
300592,华凯易佰,财务风险,资产负债率,20170630,47.074433
300592,华凯易佰,财务风险,权益乘数,20170630,2.027307
300592,华凯易佰,财务风险,权益乘数(含少数股权的净资产),20170630,1.889446
300592,华凯易佰,财务风险,产权比率,20170630,88.944601
300592,华凯易佰,财务风险,现金比率,20170630,0.346128
300592,华凯易佰,营运能力,应收账款周转率,20170630,0.987606
300592,华凯易佰,营运能力,应收账款周转天数,20170630,182.25877
300592,华凯易佰,营运能力,存货周转率,20170630,0.397685
300592,华凯易佰,营运能力,存货周转天数,20170630,452.619117
300592,华凯易佰,营运能力,总资产周转率,20170630,0.247469
300592,华凯易佰,营运能力,总资产周转天数,20170630,727.363825
300592,华凯易佰,营运能力,流动资产周转率,20170630,0.278837
300592,华凯易佰,营运能力,流动资产周转天数,20170630,645.53734
300592,华凯易佰,营运能力,应付账款周转率,20170630,0.87762
300592,华凯易佰,常用指标,归母净利润,20170331,-31575.37
300592,华凯易佰,常用指标,营业总收入,20170331,53039243.77
300592,华凯易佰,常用指标,营业成本,20170331,54514683.21
300592,华凯易佰,常用指标,净利润,20170331,-31575.37
300592,华凯易佰,常用指标,扣非净利润,20170331,-1825195.47
300592,华凯易佰,常用指标,股东权益合计(净资产),20170331,459007470.79
300592,华凯易佰,常用指标,商誉,20170331,
300592,华凯易佰,常用指标,经营现金流量净额,20170331,-34183184.76
300592,华凯易佰,常用指标,基本每股收益,20170331,0.0
300592,华凯易佰,常用指标,每股净资产,20170331,3.75064
300592,华凯易佰,常用指标,每股现金流,20170331,-0.279317
300592,华凯易佰,常用指标,净资产收益率(ROE),20170331,0.15
300592,华凯易佰,常用指标,总资产报酬率(ROA),20170331,0.263223
300592,华凯易佰,常用指标,毛利率,20170331,26.966427
300592,华凯易佰,常用指标,销售净利率,20170331,-0.059532
300592,华凯易佰,常用指标,期间费用率,20170331,28.869467
300592,华凯易佰,常用指标,资产负债率,20170331,43.561307
300592,华凯易佰,每股指标,基本每股收益,20170331,0.0
300592,华凯易佰,每股指标,稀释每股收益,20170331,0.0
300592,华凯易佰,每股指标,摊薄每股收益_最新股数,20170331,-8e-05
300592,华凯易佰,每股指标,摊薄每股净资产_期末股数,20170331,3.75064
300592,华凯易佰,每股指标,调整每股净资产_期末股数,20170331,3.496479
300592,华凯易佰,每股指标,每股净资产_最新股数,20170331,1.173244
300592,华凯易佰,每股指标,每股经营现金流,20170331,-0.279317
300592,华凯易佰,每股指标,每股现金流量净额,20170331,0.509222
300592,华凯易佰,每股指标,每股企业自由现金流量,20170331,
300592,华凯易佰,每股指标,每股股东自由现金流量,20170331,
300592,华凯易佰,每股指标,每股未分配利润,20170331,1.332024
300592,华凯易佰,每股指标,每股资本公积金,20170331,1.387164
300592,华凯易佰,每股指标,每股盈余公积金,20170331,0.031451
300592,华凯易佰,每股指标,每股留存收益,20170331,1.363475
300592,华凯易佰,每股指标,每股营业收入,20170331,0.433394
300592,华凯易佰,每股指标,每股营业总收入,20170331,0.433394
300592,华凯易佰,每股指标,每股息税前利润,20170331,0.016669
300592,华凯易佰,盈利能力,净资产收益率(ROE),20170331,0.15
300592,华凯易佰,盈利能力,摊薄净资产收益率,20170331,-0.006879
300592,华凯易佰,盈利能力,净资产收益率_平均,20170331,-0.00798
300592,华凯易佰,盈利能力,净资产收益率_平均_扣除非经常损益,20170331,-0.461327
300592,华凯易佰,盈利能力,摊薄净资产收益率_扣除非经常损益,20170331,-0.397639
300592,华凯易佰,盈利能力,息税前利润率,20170331,3.846363
300592,华凯易佰,盈利能力,总资产报酬率,20170331,0.263223
300592,华凯易佰,盈利能力,总资本回报率,20170331,0.415112
300592,华凯易佰,盈利能力,投入资本回报率,20170331,0.279539
300592,华凯易佰,盈利能力,息前税后总资产报酬率_平均,20170331,-0.004074
300592,华凯易佰,盈利能力,毛利率,20170331,26.966427
300592,华凯易佰,盈利能力,销售净利率,20170331,-0.059532
300592,华凯易佰,盈利能力,成本费用利润率,20170331,1.174316
300592,华凯易佰,盈利能力,营业利润率,20170331,-2.781788
300592,华凯易佰,盈利能力,总资产净利率_平均,20170331,-0.004074
300592,华凯易佰,盈利能力,总资产净利率_平均(含少数股东损益),20170331,-0.004074
300592,华凯易佰,成长能力,归母净利润,20170331,-31575.37
300592,华凯易佰,成长能力,营业总收入,20170331,53039243.77
300592,华凯易佰,成长能力,净利润,20170331,-31575.37
300592,华凯易佰,成长能力,扣非净利润,20170331,-1825195.47
300592,华凯易佰,成长能力,营业总收入增长率,20170331,33.24572
300592,华凯易佰,成长能力,归属母公司净利润增长率,20170331,-107.080635
300592,华凯易佰,收益质量,经营活动净现金/销售收入,20170331,-0.644488
300592,华凯易佰,收益质量,经营性现金净流量/营业总收入,20170331,-0.644488
300592,华凯易佰,收益质量,成本费用率,20170331,101.90304
300592,华凯易佰,收益质量,期间费用率,20170331,28.869467
300592,华凯易佰,收益质量,销售成本率,20170331,73.033572
300592,华凯易佰,收益质量,经营活动净现金/归属母公司的净利润,20170331,
300592,华凯易佰,收益质量,所得税/利润总额,20170331,104.974834
300592,华凯易佰,财务风险,流动比率,20170331,2.149431
300592,华凯易佰,财务风险,速动比率,20170331,1.067221
300592,华凯易佰,财务风险,保守速动比率,20170331,0.885856
300592,华凯易佰,财务风险,资产负债率,20170331,43.561307
300592,华凯易佰,财务风险,权益乘数,20170331,1.958949
300592,华凯易佰,财务风险,权益乘数(含少数股权的净资产),20170331,1.771834
300592,华凯易佰,财务风险,产权比率,20170331,77.18341
300592,华凯易佰,财务风险,现金比率,20170331,0.350733
300592,华凯易佰,营运能力,应收账款周转率,20170331,0.276487
300592,华凯易佰,营运能力,应收账款周转天数,20170331,325.511944
300592,华凯易佰,营运能力,存货周转率,20170331,0.108902
300592,华凯易佰,营运能力,存货周转天数,20170331,826.425188
300592,华凯易佰,营运能力,总资产周转率,20170331,0.068434
300592,华凯易佰,营运能力,总资产周转天数,20170331,1315.128615
300592,华凯易佰,营运能力,流动资产周转率,20170331,0.077482
300592,华凯易佰,营运能力,流动资产周转天数,20170331,1161.557094
300592,华凯易佰,营运能力,应付账款周转率,20170331,0.264823
300592,华凯易佰,常用指标,归母净利润,20161231,40027589.28
300592,华凯易佰,常用指标,营业总收入,20161231,529584201.09
300592,华凯易佰,常用指标,营业成本,20161231,494369365.46
300592,华凯易佰,常用指标,净利润,20161231,40027589.28
300592,华凯易佰,常用指标,扣非净利润,20161231,30275489.5
300592,华凯易佰,常用指标,股东权益合计(净资产),20161231,332271913.09
300592,华凯易佰,常用指标,商誉,20161231,
300592,华凯易佰,常用指标,经营现金流量净额,20161231,-19413634.99
300592,华凯易佰,常用指标,基本每股收益,20161231,0.4361
300592,华凯易佰,常用指标,每股净资产,20161231,3.620265
300592,华凯易佰,常用指标,每股现金流,20161231,-0.211521
300592,华凯易佰,常用指标,净资产收益率(ROE),20161231,12.82
300592,华凯易佰,常用指标,总资产报酬率(ROA),20161231,7.790064
300592,华凯易佰,常用指标,毛利率,20161231,25.641494
300592,华凯易佰,常用指标,销售净利率,20161231,7.558305
300592,华凯易佰,常用指标,期间费用率,20161231,17.151045
300592,华凯易佰,常用指标,资产负债率,20161231,54.902831
300592,华凯易佰,每股指标,基本每股收益,20161231,0.4361
300592,华凯易佰,每股指标,稀释每股收益,20161231,0.4361
300592,华凯易佰,每股指标,摊薄每股收益_最新股数,20161231,0.102312
300592,华凯易佰,每股指标,摊薄每股净资产_期末股数,20161231,3.620265
300592,华凯易佰,每股指标,调整每股净资产_期末股数,20161231,3.279234
300592,华凯易佰,每股指标,每股净资产_最新股数,20161231,0.849302
300592,华凯易佰,每股指标,每股经营现金流,20161231,-0.211521
300592,华凯易佰,每股指标,每股现金流量净额,20161231,-0.341291
300592,华凯易佰,每股指标,每股企业自由现金流量,20161231,0.347249
300592,华凯易佰,每股指标,每股股东自由现金流量,20161231,0.355965
300592,华凯易佰,每股指标,每股未分配利润,20161231,1.776448
300592,华凯易佰,每股指标,每股资本公积金,20161231,0.801879
300592,华凯易佰,每股指标,每股盈余公积金,20161231,0.041937
300592,华凯易佰,每股指标,每股留存收益,20161231,1.818385
300592,华凯易佰,每股指标,每股营业收入,20161231,5.770079
300592,华凯易佰,每股指标,每股营业总收入,20161231,5.770079
300592,华凯易佰,每股指标,每股息税前利润,20161231,0.579956
300592,华凯易佰,盈利能力,净资产收益率(ROE),20161231,12.82
300592,华凯易佰,盈利能力,摊薄净资产收益率,20161231,12.046636
300592,华凯易佰,盈利能力,净资产收益率_平均,20161231,12.81875
300592,华凯易佰,盈利能力,净资产收益率_平均_扣除非经常损益,20161231,9.695661
300592,华凯易佰,盈利能力,摊薄净资产收益率_扣除非经常损益,20161231,9.11166
300592,华凯易佰,盈利能力,息税前利润率,20161231,10.051102
300592,华凯易佰,盈利能力,总资产报酬率,20161231,7.790064
300592,华凯易佰,盈利能力,总资本回报率,20161231,12.482741
300592,华凯易佰,盈利能力,投入资本回报率,20161231,10.920834
300592,华凯易佰,盈利能力,息前税后总资产报酬率_平均,20161231,6.81533
300592,华凯易佰,盈利能力,毛利率,20161231,25.641494
300592,华凯易佰,盈利能力,销售净利率,20161231,7.558305
300592,华凯易佰,盈利能力,成本费用利润率,20161231,9.633915
300592,华凯易佰,盈利能力,营业利润率,20161231,6.649525
300592,华凯易佰,盈利能力,总资产净利率_平均,20161231,5.858032
300592,华凯易佰,盈利能力,总资产净利率_平均(含少数股东损益),20161231,5.858032
300592,华凯易佰,成长能力,归母净利润,20161231,40027589.28
300592,华凯易佰,成长能力,营业总收入,20161231,529584201.09
300592,华凯易佰,成长能力,净利润,20161231,40027589.28
300592,华凯易佰,成长能力,扣非净利润,20161231,30275489.5
300592,华凯易佰,成长能力,营业总收入增长率,20161231,9.986104
300592,华凯易佰,成长能力,归属母公司净利润增长率,20161231,8.568054
300592,华凯易佰,收益质量,经营活动净现金/销售收入,20161231,-0.036658
300592,华凯易佰,收益质量,经营性现金净流量/营业总收入,20161231,-0.036658
300592,华凯易佰,收益质量,成本费用率,20161231,91.50955
300592,华凯易佰,收益质量,期间费用率,20161231,17.151045
300592,华凯易佰,收益质量,销售成本率,20161231,74.358505
300592,华凯易佰,收益质量,经营活动净现金/归属母公司的净利润,20161231,-0.485006
300592,华凯易佰,收益质量,所得税/利润总额,20161231,14.265592
300592,华凯易佰,财务风险,流动比率,20161231,1.734374
300592,华凯易佰,财务风险,速动比率,20161231,0.801852
300592,华凯易佰,财务风险,保守速动比率,20161231,0.714923
300592,华凯易佰,财务风险,资产负债率,20161231,54.902831
300592,华凯易佰,财务风险,权益乘数,20161231,2.188234
300592,华凯易佰,财务风险,权益乘数(含少数股权的净资产),20161231,2.217434
300592,华凯易佰,财务风险,产权比率,20161231,121.743409
300592,华凯易佰,财务风险,现金比率,20161231,0.167972
300592,华凯易佰,营运能力,应收账款周转率,20161231,2.68541
300592,华凯易佰,营运能力,应收账款周转天数,20161231,134.057701
300592,华凯易佰,营运能力,存货周转率,20161231,1.385885
300592,华凯易佰,营运能力,存货周转天数,20161231,259.7618
300592,华凯易佰,营运能力,总资产周转率,20161231,0.775045
300592,华凯易佰,营运能力,总资产周转天数,20161231,464.488686
300592,华凯易佰,营运能力,流动资产周转率,20161231,0.897578
300592,华凯易佰,营运能力,流动资产周转天数,20161231,401.078961
300592,华凯易佰,营运能力,应付账款周转率,20161231,2.649966
300592,华凯易佰,常用指标,归母净利润,20160930,28260034.15
300592,华凯易佰,常用指标,营业总收入,20160930,319959770.13
300592,华凯易佰,常用指标,营业成本,20160930,295410787.22
300592,华凯易佰,常用指标,净利润,20160930,28260034.15
300592,华凯易佰,常用指标,扣非净利润,20160930,20803609.59
300592,华凯易佰,常用指标,股东权益合计(净资产),20160930,320504357.96
300592,华凯易佰,常用指标,商誉,20160930,
300592,华凯易佰,常用指标,经营现金流量净额,20160930,-21437629.33
300592,华凯易佰,常用指标,基本每股收益,20160930,0.31
300592,华凯易佰,常用指标,每股净资产,20160930,3.492051
300592,华凯易佰,常用指标,每股现金流,20160930,-0.233573
300592,华凯易佰,常用指标,净资产收益率(ROE),20160930,9.22
300592,华凯易佰,常用指标,总资产报酬率(ROA),20160930,6.031663
300592,华凯易佰,常用指标,毛利率,20160930,27.012084
300592,华凯易佰,常用指标,销售净利率,20160930,8.832371
300592,华凯易佰,常用指标,期间费用率,20160930,18.846171
300592,华凯易佰,常用指标,资产负债率,20160930,50.112913
300592,华凯易佰,每股指标,基本每股收益,20160930,0.31
300592,华凯易佰,每股指标,稀释每股收益,20160930,0.31
300592,华凯易佰,每股指标,摊薄每股收益_最新股数,20160930,0.072233
300592,华凯易佰,每股指标,摊薄每股净资产_期末股数,20160930,3.492051
300592,华凯易佰,每股指标,调整每股净资产_期末股数,20160930,3.161381
300592,华凯易佰,每股指标,每股净资产_最新股数,20160930,0.819223
300592,华凯易佰,每股指标,每股经营现金流,20160930,-0.233573
300592,华凯易佰,每股指标,每股现金流量净额,20160930,-0.752286
300592,华凯易佰,每股指标,每股企业自由现金流量,20160930,
300592,华凯易佰,每股指标,每股股东自由现金流量,20160930,
300592,华凯易佰,每股指标,每股未分配利润,20160930,1.667084
300592,华凯易佰,每股指标,每股资本公积金,20160930,0.801879
300592,华凯易佰,每股指标,每股盈余公积金,20160930,0.023087
300592,华凯易佰,每股指标,每股留存收益,20160930,1.690171
300592,华凯易佰,每股指标,每股营业收入,20160930,3.486118
300592,华凯易佰,每股指标,每股营业总收入,20160930,3.486118
300592,华凯易佰,每股指标,每股息税前利润,20160930,0.41805
300592,华凯易佰,盈利能力,净资产收益率(ROE),20160930,9.22
300592,华凯易佰,盈利能力,摊薄净资产收益率,20160930,8.817363
300592,华凯易佰,盈利能力,净资产收益率_平均,20160930,9.224021
300592,华凯易佰,盈利能力,净资产收益率_平均_扣除非经常损益,20160930,6.790258
300592,华凯易佰,盈利能力,摊薄净资产收益率_扣除非经常损益,20160930,6.490897
300592,华凯易佰,盈利能力,息税前利润率,20160930,11.991858
300592,华凯易佰,盈利能力,总资产报酬率,20160930,6.031663
300592,华凯易佰,盈利能力,总资本回报率,20160930,9.437035
300592,华凯易佰,盈利能力,投入资本回报率,20160930,8.192246
300592,华凯易佰,盈利能力,息前税后总资产报酬率_平均,20160930,5.236059
300592,华凯易佰,盈利能力,毛利率,20160930,27.012084
300592,华凯易佰,盈利能力,销售净利率,20160930,8.832371
300592,华凯易佰,盈利能力,成本费用利润率,20160930,11.340182
300592,华凯易佰,盈利能力,营业利润率,20160930,7.672521
300592,华凯易佰,盈利能力,总资产净利率_平均,20160930,4.442505
300592,华凯易佰,盈利能力,总资产净利率_平均(含少数股东损益),20160930,4.442505
300592,华凯易佰,成长能力,归母净利润,20160930,28260034.15
300592,华凯易佰,成长能力,营业总收入,20160930,319959770.13
300592,华凯易佰,成长能力,净利润,20160930,28260034.15
300592,华凯易佰,成长能力,扣非净利润,20160930,20803609.59
300592,华凯易佰,成长能力,营业总收入增长率,20160930,36.826106
300592,华凯易佰,成长能力,归属母公司净利润增长率,20160930,222.047148
300592,华凯易佰,收益质量,经营活动净现金/销售收入,20160930,-0.067001
300592,华凯易佰,收益质量,经营性现金净流量/营业总收入,20160930,-0.067001
300592,华凯易佰,收益质量,成本费用率,20160930,91.834086
300592,华凯易佰,收益质量,期间费用率,20160930,18.846171
300592,华凯易佰,收益质量,销售成本率,20160930,72.987915
300592,华凯易佰,收益质量,经营活动净现金/归属母公司的净利润,20160930,-0.758584
300592,华凯易佰,收益质量,所得税/利润总额,20160930,15.188768
300592,华凯易佰,财务风险,流动比率,20160930,1.841788
300592,华凯易佰,财务风险,速动比率,20160930,0.659815
300592,华凯易佰,财务风险,保守速动比率,20160930,0.550397
300592,华凯易佰,财务风险,资产负债率,20160930,50.112913
300592,华凯易佰,财务风险,权益乘数,20160930,2.07631
300592,华凯易佰,财务风险,权益乘数(含少数股权的净资产),20160930,2.004526
300592,华凯易佰,财务风险,产权比率,20160930,100.452677
300592,华凯易佰,财务风险,现金比率,20160930,0.096398
300592,华凯易佰,营运能力,应收账款周转率,20160930,1.962868
300592,华凯易佰,营运能力,应收账款周转天数,20160930,137.553815
300592,华凯易佰,营运能力,存货周转率,20160930,0.814863
300592,华凯易佰,营运能力,存货周转天数,20160930,331.343986
300592,华凯易佰,营运能力,总资产周转率,20160930,0.502979
300592,华凯易佰,营运能力,总资产周转天数,20160930,536.800765
300592,华凯易佰,营运能力,流动资产周转率,20160930,0.590952
300592,华凯易佰,营运能力,流动资产周转天数,20160930,456.889344
300592,华凯易佰,营运能力,应付账款周转率,20160930,2.097629
300592,华凯易佰,常用指标,归母净利润,20160630,9154890.57
300592,华凯易佰,常用指标,营业总收入,20160630,172199568.21
300592,华凯易佰,常用指标,营业成本,20160630,164946244.49
300592,华凯易佰,常用指标,净利润,20160630,9154890.57
300592,华凯易佰,常用指标,扣非净利润,20160630,5953293.44
300592,华凯易佰,常用指标,股东权益合计(净资产),20160630,301399214.38
300592,华凯易佰,常用指标,商誉,20160630,
300592,华凯易佰,常用指标,经营现金流量净额,20160630,-7860455.63
300592,华凯易佰,常用指标,基本每股收益,20160630,0.0997
300592,华凯易佰,常用指标,每股净资产,20160630,3.283891
300592,华凯易佰,常用指标,每股现金流,20160630,-0.085643
300592,华凯易佰,常用指标,净资产收益率(ROE),20160630,3.08
300592,华凯易佰,常用指标,总资产报酬率(ROA),20160630,2.346485
300592,华凯易佰,常用指标,毛利率,20160630,26.951473
300592,华凯易佰,常用指标,销售净利率,20160630,5.316442
300592,华凯易佰,常用指标,期间费用率,20160630,22.47992
300592,华凯易佰,常用指标,资产负债率,20160630,51.489996
300592,华凯易佰,每股指标,基本每股收益,20160630,0.0997
300592,华凯易佰,每股指标,稀释每股收益,20160630,0.0997
300592,华凯易佰,每股指标,摊薄每股收益_最新股数,20160630,0.0234
300592,华凯易佰,每股指标,摊薄每股净资产_期末股数,20160630,3.283891
300592,华凯易佰,每股指标,调整每股净资产_期末股数,20160630,2.955551
300592,华凯易佰,每股指标,每股净资产_最新股数,20160630,0.77039
300592,华凯易佰,每股指标,每股经营现金流,20160630,-0.085643
300592,华凯易佰,每股指标,每股现金流量净额,20160630,-0.347691
300592,华凯易佰,每股指标,每股企业自由现金流量,20160630,0.377036
300592,华凯易佰,每股指标,每股股东自由现金流量,20160630,0.311663
300592,华凯易佰,每股指标,每股未分配利润,20160630,1.458924
300592,华凯易佰,每股指标,每股资本公积金,20160630,0.801879
300592,华凯易佰,每股指标,每股盈余公积金,20160630,0.023087
300592,华凯易佰,每股指标,每股留存收益,20160630,1.482012
300592,华凯易佰,每股指标,每股营业收入,20160630,1.876198
300592,华凯易佰,每股指标,每股营业总收入,20160630,1.876198
300592,华凯易佰,每股指标,每股息税前利润,20160630,0.15993
300592,华凯易佰,盈利能力,净资产收益率(ROE),20160630,3.08
300592,华凯易佰,盈利能力,摊薄净资产收益率,20160630,3.037463
300592,华凯易佰,盈利能力,净资产收益率_平均,20160630,3.084305
300592,华凯易佰,盈利能力,净资产收益率_平均_扣除非经常损益,20160630,2.005679
300592,华凯易佰,盈利能力,摊薄净资产收益率_扣除非经常损益,20160630,1.975217
300592,华凯易佰,盈利能力,息税前利润率,20160630,8.524158
300592,华凯易佰,盈利能力,总资产报酬率,20160630,2.346485
300592,华凯易佰,盈利能力,总资本回报率,20160630,3.586321
300592,华凯易佰,盈利能力,投入资本回报率,20160630,3.130689
300592,华凯易佰,盈利能力,息前税后总资产报酬率_平均,20160630,2.048371
300592,华凯易佰,盈利能力,毛利率,20160630,26.951473
300592,华凯易佰,盈利能力,销售净利率,20160630,5.316442
300592,华凯易佰,盈利能力,成本费用利润率,20160630,6.698959
300592,华凯易佰,盈利能力,营业利润率,20160630,4.212161
300592,华凯易佰,盈利能力,总资产净利率_平均,20160630,1.463482
300592,华凯易佰,盈利能力,总资产净利率_平均(含少数股东损益),20160630,1.463482
300592,华凯易佰,成长能力,归母净利润,20160630,9154890.57
300592,华凯易佰,成长能力,营业总收入,20160630,172199568.21
300592,华凯易佰,成长能力,净利润,20160630,9154890.57
300592,华凯易佰,成长能力,扣非净利润,20160630,5953293.44
300592,华凯易佰,成长能力,营业总收入增长率,20160630,
300592,华凯易佰,成长能力,归属母公司净利润增长率,20160630,
300592,华凯易佰,收益质量,经营活动净现金/销售收入,20160630,-0.045647
300592,华凯易佰,收益质量,经营性现金净流量/营业总收入,20160630,-0.045647
300592,华凯易佰,收益质量,成本费用率,20160630,95.528447
300592,华凯易佰,收益质量,期间费用率,20160630,22.47992
300592,华凯易佰,收益质量,销售成本率,20160630,73.048526
300592,华凯易佰,收益质量,经营活动净现金/归属母公司的净利润,20160630,-0.858607
300592,华凯易佰,收益质量,所得税/利润总额,20160630,16.922961
300592,华凯易佰,财务风险,流动比率,20160630,1.786023
300592,华凯易佰,财务风险,速动比率,20160630,0.815424
300592,华凯易佰,财务风险,保守速动比率,20160630,0.719567
300592,华凯易佰,财务风险,资产负债率,20160630,51.489996
300592,华凯易佰,财务风险,权益乘数,20160630,2.107511
300592,华凯易佰,财务风险,权益乘数(含少数股权的净资产),20160630,2.06143
300592,华凯易佰,财务风险,产权比率,20160630,106.14305
300592,华凯易佰,财务风险,现金比率,20160630,0.221159
300592,华凯易佰,营运能力,应收账款周转率,20160630,1.020006
300592,华凯易佰,营运能力,应收账款周转天数,20160630,176.469378
300592,华凯易佰,营运能力,存货周转率,20160630,0.495899
300592,华凯易佰,营运能力,存货周转天数,20160630,362.976792
300592,华凯易佰,营运能力,总资产周转率,20160630,0.275274
300592,华凯易佰,营运能力,总资产周转天数,20160630,653.892213
300592,华凯易佰,营运能力,流动资产周转率,20160630,0.324606
300592,华凯易佰,营运能力,流动资产周转天数,20160630,554.517284
300592,华凯易佰,营运能力,应付账款周转率,20160630,1.151467
300592,华凯易佰,常用指标,归母净利润,20160331,445939.79
300592,华凯易佰,常用指标,营业总收入,20160331,39805588.98
300592,华凯易佰,常用指标,营业成本,20160331,44334810.62
300592,华凯易佰,常用指标,净利润,20160331,445939.79
300592,华凯易佰,常用指标,扣非净利润,20160331,-4214241.1
300592,华凯易佰,常用指标,股东权益合计(净资产),20160331,
300592,华凯易佰,常用指标,商誉,20160331,
300592,华凯易佰,常用指标,经营现金流量净额,20160331,-41377099.32
300592,华凯易佰,常用指标,基本每股收益,20160331,0.0
300592,华凯易佰,常用指标,每股净资产,20160331,
300592,华凯易佰,常用指标,每股现金流,20160331,
300592,华凯易佰,常用指标,净资产收益率(ROE),20160331,0.15
300592,华凯易佰,常用指标,总资产报酬率(ROA),20160331,
300592,华凯易佰,常用指标,毛利率,20160331,31.427484
300592,华凯易佰,常用指标,销售净利率,20160331,1.120294
300592,华凯易佰,常用指标,期间费用率,20160331,39.90571
300592,华凯易佰,常用指标,资产负债率,20160331,
300592,华凯易佰,每股指标,基本每股收益,20160331,0.0
300592,华凯易佰,每股指标,稀释每股收益,20160331,0.0
300592,华凯易佰,每股指标,摊薄每股收益_最新股数,20160331,0.001139
300592,华凯易佰,每股指标,摊薄每股净资产_期末股数,20160331,
300592,华凯易佰,每股指标,调整每股净资产_期末股数,20160331,
300592,华凯易佰,每股指标,每股净资产_最新股数,20160331,
300592,华凯易佰,每股指标,每股经营现金流,20160331,
300592,华凯易佰,每股指标,每股现金流量净额,20160331,
300592,华凯易佰,每股指标,每股企业自由现金流量,20160331,
300592,华凯易佰,每股指标,每股股东自由现金流量,20160331,
300592,华凯易佰,每股指标,每股未分配利润,20160331,
300592,华凯易佰,每股指标,每股资本公积金,20160331,
300592,华凯易佰,每股指标,每股盈余公积金,20160331,
300592,华凯易佰,每股指标,每股留存收益,20160331,
300592,华凯易佰,每股指标,每股营业收入,20160331,
300592,华凯易佰,每股指标,每股营业总收入,20160331,
300592,华凯易佰,每股指标,每股息税前利润,20160331,
300592,华凯易佰,盈利能力,净资产收益率(ROE),20160331,0.15
300592,华凯易佰,盈利能力,摊薄净资产收益率,20160331,
300592,华凯易佰,盈利能力,净资产收益率_平均,20160331,
300592,华凯易佰,盈利能力,净资产收益率_平均_扣除非经常损益,20160331,
300592,华凯易佰,盈利能力,摊薄净资产收益率_扣除非经常损益,20160331,
300592,华凯易佰,盈利能力,息税前利润率,20160331,7.181539
300592,华凯易佰,盈利能力,总资产报酬率,20160331,
300592,华凯易佰,盈利能力,总资本回报率,20160331,
300592,华凯易佰,盈利能力,投入资本回报率,20160331,
300592,华凯易佰,盈利能力,息前税后总资产报酬率_平均,20160331,
300592,华凯易佰,盈利能力,毛利率,20160331,31.427484
300592,华凯易佰,盈利能力,销售净利率,20160331,1.120294
300592,华凯易佰,盈利能力,成本费用利润率,20160331,2.207816
300592,华凯易佰,盈利能力,营业利润率,20160331,-11.378356
300592,华凯易佰,盈利能力,总资产净利率_平均,20160331,
300592,华凯易佰,盈利能力,总资产净利率_平均(含少数股东损益),20160331,
300592,华凯易佰,成长能力,归母净利润,20160331,445939.79
300592,华凯易佰,成长能力,营业总收入,20160331,39805588.98
300592,华凯易佰,成长能力,净利润,20160331,445939.79
300592,华凯易佰,成长能力,扣非净利润,20160331,-4214241.1
300592,华凯易佰,成长能力,营业总收入增长率,20160331,
300592,华凯易佰,成长能力,归属母公司净利润增长率,20160331,
300592,华凯易佰,收益质量,经营活动净现金/销售收入,20160331,-1.039479
300592,华凯易佰,收益质量,经营性现金净流量/营业总收入,20160331,-1.039479
300592,华凯易佰,收益质量,成本费用率,20160331,108.478225
300592,华凯易佰,收益质量,期间费用率,20160331,39.90571
300592,华凯易佰,收益质量,销售成本率,20160331,68.572515
300592,华凯易佰,收益质量,经营活动净现金/归属母公司的净利润,20160331,-92.786291
300592,华凯易佰,收益质量,所得税/利润总额,20160331,53.223627
300592,华凯易佰,财务风险,流动比率,20160331,
300592,华凯易佰,财务风险,速动比率,20160331,
300592,华凯易佰,财务风险,保守速动比率,20160331,
300592,华凯易佰,财务风险,资产负债率,20160331,
300592,华凯易佰,财务风险,权益乘数,20160331,
300592,华凯易佰,财务风险,权益乘数(含少数股权的净资产),20160331,
300592,华凯易佰,财务风险,产权比率,20160331,
300592,华凯易佰,财务风险,现金比率,20160331,
300592,华凯易佰,营运能力,应收账款周转率,20160331,
300592,华凯易佰,营运能力,应收账款周转天数,20160331,
300592,华凯易佰,营运能力,存货周转率,20160331,
300592,华凯易佰,营运能力,存货周转天数,20160331,
300592,华凯易佰,营运能力,总资产周转率,20160331,
300592,华凯易佰,营运能力,总资产周转天数,20160331,
300592,华凯易佰,营运能力,流动资产周转率,20160331,
300592,华凯易佰,营运能力,流动资产周转天数,20160331,
300592,华凯易佰,营运能力,应付账款周转率,20160331,
300592,华凯易佰,常用指标,归母净利润,20151231,36868662.14
300592,华凯易佰,常用指标,营业总收入,20151231,481501008.47
300592,华凯易佰,常用指标,营业成本,20151231,449301632.51
300592,华凯易佰,常用指标,净利润,20151231,36868662.14
300592,华凯易佰,常用指标,扣非净利润,20151231,27781622.12
300592,华凯易佰,常用指标,股东权益合计(净资产),20151231,292244323.81
300592,华凯易佰,常用指标,商誉,20151231,
300592,华凯易佰,常用指标,经营现金流量净额,20151231,37574561.36
300592,华凯易佰,常用指标,基本每股收益,20151231,0.4
300592,华凯易佰,常用指标,每股净资产,20151231,3.184144
300592,华凯易佰,常用指标,每股现金流,20151231,0.409393
300592,华凯易佰,常用指标,净资产收益率(ROE),20151231,13.47
300592,华凯易佰,常用指标,总资产报酬率(ROA),20151231,8.625527
300592,华凯易佰,常用指标,毛利率,20151231,29.655645
300592,华凯易佰,常用指标,销售净利率,20151231,7.657026
300592,华凯易佰,常用指标,期间费用率,20151231,18.696222
300592,华凯易佰,常用指标,资产负债率,20151231,53.597067
300592,华凯易佰,每股指标,基本每股收益,20151231,0.4
300592,华凯易佰,每股指标,稀释每股收益,20151231,0.4
300592,华凯易佰,每股指标,摊薄每股收益_最新股数,20151231,0.094237
300592,华凯易佰,每股指标,摊薄每股净资产_期末股数,20151231,3.184144
300592,华凯易佰,每股指标,调整每股净资产_期末股数,20151231,2.843442
300592,华凯易佰,每股指标,每股净资产_最新股数,20151231,0.746989
300592,华凯易佰,每股指标,每股经营现金流,20151231,0.409393
300592,华凯易佰,每股指标,每股现金流量净额,20151231,0.216577
300592,华凯易佰,每股指标,每股企业自由现金流量,20151231,-0.165349
300592,华凯易佰,每股指标,每股股东自由现金流量,20151231,-0.072804
300592,华凯易佰,每股指标,每股未分配利润,20151231,1.359177
300592,华凯易佰,每股指标,每股资本公积金,20151231,0.801879
300592,华凯易佰,每股指标,每股盈余公积金,20151231,0.023087
300592,华凯易佰,每股指标,每股留存收益,20151231,1.382265
300592,华凯易佰,每股指标,每股营业收入,20151231,5.246189
300592,华凯易佰,每股指标,每股营业总收入,20151231,5.246189
300592,华凯易佰,每股指标,每股息税前利润,20151231,0.551256
300592,华凯易佰,盈利能力,净资产收益率(ROE),20151231,13.47
300592,华凯易佰,盈利能力,摊薄净资产收益率,20151231,12.615698
300592,华凯易佰,盈利能力,净资产收益率_平均,20151231,13.465053
300592,华凯易佰,盈利能力,净资产收益率_平均_扣除非经常损益,20151231,10.146314
300592,华凯易佰,盈利能力,摊薄净资产收益率_扣除非经常损益,20151231,9.506313
300592,华凯易佰,盈利能力,息税前利润率,20151231,10.507747
300592,华凯易佰,盈利能力,总资产报酬率,20151231,8.625527
300592,华凯易佰,盈利能力,总资本回报率,20151231,13.20832
300592,华凯易佰,盈利能力,投入资本回报率,20151231,11.638321
300592,华凯易佰,盈利能力,息前税后总资产报酬率_平均,20151231,7.600259
300592,华凯易佰,盈利能力,毛利率,20151231,29.655645
300592,华凯易佰,盈利能力,销售净利率,20151231,7.657026
300592,华凯易佰,盈利能力,成本费用利润率,20151231,10.002208
300592,华凯易佰,盈利能力,营业利润率,20151231,6.687291
300592,华凯易佰,盈利能力,总资产净利率_平均,20151231,6.285447
300592,华凯易佰,盈利能力,总资产净利率_平均(含少数股东损益),20151231,6.285447
300592,华凯易佰,成长能力,归母净利润,20151231,36868662.14
300592,华凯易佰,成长能力,营业总收入,20151231,481501008.47
300592,华凯易佰,成长能力,净利润,20151231,36868662.14
300592,华凯易佰,成长能力,扣非净利润,20151231,27781622.12
300592,华凯易佰,成长能力,营业总收入增长率,20151231,10.500477
300592,华凯易佰,成长能力,归属母公司净利润增长率,20151231,0.788031
300592,华凯易佰,收益质量,经营活动净现金/销售收入,20151231,0.078036
300592,华凯易佰,收益质量,经营性现金净流量/营业总收入,20151231,0.078036
300592,华凯易佰,收益质量,成本费用率,20151231,89.040577
300592,华凯易佰,收益质量,期间费用率,20151231,18.696222
300592,华凯易佰,收益质量,销售成本率,20151231,70.344354
300592,华凯易佰,收益质量,经营活动净现金/归属母公司的净利润,20151231,1.019146
300592,华凯易佰,收益质量,所得税/利润总额,20151231,14.024186
300592,华凯易佰,财务风险,流动比率,20151231,1.898651
300592,华凯易佰,财务风险,速动比率,20151231,1.113144
300592,华凯易佰,财务风险,保守速动比率,20151231,0.994948
300592,华凯易佰,财务风险,资产负债率,20151231,53.597067
300592,华凯易佰,财务风险,权益乘数,20151231,2.142258
300592,华凯易佰,财务风险,权益乘数(含少数股权的净资产),20151231,2.155036
300592,华凯易佰,财务风险,产权比率,20151231,115.50362
300592,华凯易佰,财务风险,现金比率,20151231,0.316803
300592,华凯易佰,营运能力,应收账款周转率,20151231,3.031031
300592,华凯易佰,营运能力,应收账款周转天数,20151231,118.771466
300592,华凯易佰,营运能力,存货周转率,20151231,1.494062
300592,华凯易佰,营运能力,存货周转天数,20151231,240.953748
300592,华凯易佰,营运能力,总资产周转率,20151231,0.820873
300592,华凯易佰,营运能力,总资产周转天数,20151231,438.557418
300592,华凯易佰,营运能力,流动资产周转率,20151231,0.961477
300592,华凯易佰,营运能力,流动资产周转天数,20151231,374.423556
300592,华凯易佰,营运能力,应付账款周转率,20151231,2.270366
300592,华凯易佰,常用指标,归母净利润,20150930,8775123.24
300592,华凯易佰,常用指标,营业总收入,20150930,233844094.72
300592,华凯易佰,常用指标,营业成本,20150930,228511139.03
300592,华凯易佰,常用指标,净利润,20150930,8775123.24
300592,华凯易佰,常用指标,扣非净利润,20150930,4462500.0
300592,华凯易佰,常用指标,股东权益合计(净资产),20150930,
300592,华凯易佰,常用指标,商誉,20150930,
300592,华凯易佰,常用指标,经营现金流量净额,20150930,-33803106.14
300592,华凯易佰,常用指标,基本每股收益,20150930,0.1
300592,华凯易佰,常用指标,每股净资产,20150930,
300592,华凯易佰,常用指标,每股现金流,20150930,
300592,华凯易佰,常用指标,净资产收益率(ROE),20150930,
300592,华凯易佰,常用指标,总资产报酬率(ROA),20150930,
300592,华凯易佰,常用指标,毛利率,20150930,30.051988
300592,华凯易佰,常用指标,销售净利率,20150930,3.752552
300592,华凯易佰,常用指标,期间费用率,20150930,24.571236
300592,华凯易佰,常用指标,资产负债率,20150930,
300592,华凯易佰,每股指标,基本每股收益,20150930,0.1
300592,华凯易佰,每股指标,稀释每股收益,20150930,0.1
300592,华凯易佰,每股指标,摊薄每股收益_最新股数,20150930,0.022429
300592,华凯易佰,每股指标,摊薄每股净资产_期末股数,20150930,
300592,华凯易佰,每股指标,调整每股净资产_期末股数,20150930,
300592,华凯易佰,每股指标,每股净资产_最新股数,20150930,
300592,华凯易佰,每股指标,每股经营现金流,20150930,
300592,华凯易佰,每股指标,每股现金流量净额,20150930,
300592,华凯易佰,每股指标,每股企业自由现金流量,20150930,
300592,华凯易佰,每股指标,每股股东自由现金流量,20150930,
300592,华凯易佰,每股指标,每股未分配利润,20150930,
300592,华凯易佰,每股指标,每股资本公积金,20150930,
300592,华凯易佰,每股指标,每股盈余公积金,20150930,
300592,华凯易佰,每股指标,每股留存收益,20150930,
300592,华凯易佰,每股指标,每股营业收入,20150930,
300592,华凯易佰,每股指标,每股营业总收入,20150930,
300592,华凯易佰,每股指标,每股息税前利润,20150930,
300592,华凯易佰,盈利能力,净资产收益率(ROE),20150930,
300592,华凯易佰,盈利能力,摊薄净资产收益率,20150930,
300592,华凯易佰,盈利能力,净资产收益率_平均,20150930,
300592,华凯易佰,盈利能力,净资产收益率_平均_扣除非经常损益,20150930,
300592,华凯易佰,盈利能力,摊薄净资产收益率_扣除非经常损益,20150930,
300592,华凯易佰,盈利能力,息税前利润率,20150930,7.642236
300592,华凯易佰,盈利能力,总资产报酬率,20150930,
300592,华凯易佰,盈利能力,总资本回报率,20150930,
300592,华凯易佰,盈利能力,投入资本回报率,20150930,
300592,华凯易佰,盈利能力,息前税后总资产报酬率_平均,20150930,
300592,华凯易佰,盈利能力,毛利率,20150930,30.051988
300592,华凯易佰,盈利能力,销售净利率,20150930,3.752552
300592,华凯易佰,盈利能力,成本费用利润率,20150930,4.708302
300592,华凯易佰,盈利能力,营业利润率,20150930,2.28056
300592,华凯易佰,盈利能力,总资产净利率_平均,20150930,
300592,华凯易佰,盈利能力,总资产净利率_平均(含少数股东损益),20150930,
300592,华凯易佰,成长能力,归母净利润,20150930,8775123.24
300592,华凯易佰,成长能力,营业总收入,20150930,233844094.72
300592,华凯易佰,成长能力,净利润,20150930,8775123.24
300592,华凯易佰,成长能力,扣非净利润,20150930,4462500.0
300592,华凯易佰,成长能力,营业总收入增长率,20150930,
300592,华凯易佰,成长能力,归属母公司净利润增长率,20150930,
300592,华凯易佰,收益质量,经营活动净现金/销售收入,20150930,-0.144554
300592,华凯易佰,收益质量,经营性现金净流量/营业总收入,20150930,-0.144554
300592,华凯易佰,收益质量,成本费用率,20150930,94.519248
300592,华凯易佰,收益质量,期间费用率,20150930,24.571236
300592,华凯易佰,收益质量,销售成本率,20150930,69.948011
300592,华凯易佰,收益质量,经营活动净现金/归属母公司的净利润,20150930,-3.852151
300592,华凯易佰,收益质量,所得税/利润总额,20150930,15.67775
300592,华凯易佰,财务风险,流动比率,20150930,
300592,华凯易佰,财务风险,速动比率,20150930,
300592,华凯易佰,财务风险,保守速动比率,20150930,
300592,华凯易佰,财务风险,资产负债率,20150930,
300592,华凯易佰,财务风险,权益乘数,20150930,
300592,华凯易佰,财务风险,权益乘数(含少数股权的净资产),20150930,
300592,华凯易佰,财务风险,产权比率,20150930,
300592,华凯易佰,财务风险,现金比率,20150930,
300592,华凯易佰,营运能力,应收账款周转率,20150930,
300592,华凯易佰,营运能力,应收账款周转天数,20150930,
300592,华凯易佰,营运能力,存货周转率,20150930,
300592,华凯易佰,营运能力,存货周转天数,20150930,
300592,华凯易佰,营运能力,总资产周转率,20150930,
300592,华凯易佰,营运能力,总资产周转天数,20150930,
300592,华凯易佰,营运能力,流动资产周转率,20150930,
300592,华凯易佰,营运能力,流动资产周转天数,20150930,
300592,华凯易佰,营运能力,应付账款周转率,20150930,
300592,华凯易佰,常用指标,归母净利润,20141231,36580397.06
300592,华凯易佰,常用指标,营业总收入,20141231,435745634.57
300592,华凯易佰,常用指标,营业成本,20141231,397679009.39
300592,华凯易佰,常用指标,净利润,20141231,36580397.06
300592,华凯易佰,常用指标,扣非净利润,20141231,32313153.92
300592,华凯易佰,常用指标,股东权益合计(净资产),20141231,255375661.67
300592,华凯易佰,常用指标,商誉,20141231,
300592,华凯易佰,常用指标,经营现金流量净额,20141231,-40060384.1
300592,华凯易佰,常用指标,基本每股收益,20141231,0.44
300592,华凯易佰,常用指标,每股净资产,20141231,2.782442
300592,华凯易佰,常用指标,每股现金流,20141231,-0.436477
300592,华凯易佰,常用指标,净资产收益率(ROE),20141231,18.72
300592,华凯易佰,常用指标,总资产报酬率(ROA),20141231,10.521392
300592,华凯易佰,常用指标,毛利率,20141231,33.734687
300592,华凯易佰,常用指标,销售净利率,20141231,8.394896
300592,华凯易佰,常用指标,期间费用率,20141231,21.072063
300592,华凯易佰,常用指标,资产负债率,20141231,52.999479
300592,华凯易佰,每股指标,基本每股收益,20141231,0.44
300592,华凯易佰,每股指标,稀释每股收益,20141231,0.44
300592,华凯易佰,每股指标,摊薄每股收益_最新股数,20141231,0.093501
300592,华凯易佰,每股指标,摊薄每股净资产_期末股数,20141231,2.782442
300592,华凯易佰,每股指标,调整每股净资产_期末股数,20141231,2.700888
300592,华凯易佰,每股指标,每股净资产_最新股数,20141231,0.652751
300592,华凯易佰,每股指标,每股经营现金流,20141231,-0.436477
300592,华凯易佰,每股指标,每股现金流量净额,20141231,-0.156893
300592,华凯易佰,每股指标,每股企业自由现金流量,20141231,-0.219979
300592,华凯易佰,每股指标,每股股东自由现金流量,20141231,-0.279904
300592,华凯易佰,每股指标,每股未分配利润,20141231,0.969219
300592,华凯易佰,每股指标,每股资本公积金,20141231,0.801879
300592,华凯易佰,每股指标,每股盈余公积金,20141231,0.011343
300592,华凯易佰,每股指标,每股留存收益,20141231,0.980562
300592,华凯易佰,每股指标,每股营业收入,20141231,4.747661
300592,华凯易佰,每股指标,每股营业总收入,20141231,4.747661
300592,华凯易佰,每股指标,每股息税前利润,20141231,0.562124
300592,华凯易佰,盈利能力,净资产收益率(ROE),20141231,18.72
300592,华凯易佰,盈利能力,摊薄净资产收益率,20141231,14.324151
300592,华凯易佰,盈利能力,净资产收益率_平均,20141231,17.247949
300592,华凯易佰,盈利能力,净资产收益率_平均_扣除非经常损益,20141231,15.235909
300592,华凯易佰,盈利能力,摊薄净资产收益率_扣除非经常损益,20141231,12.653201
300592,华凯易佰,盈利能力,息税前利润率,20141231,11.840025
300592,华凯易佰,盈利能力,总资产报酬率,20141231,10.521392
300592,华凯易佰,盈利能力,总资本回报率,20141231,16.234178
300592,华凯易佰,盈利能力,投入资本回报率,20141231,14.18608
300592,华凯易佰,盈利能力,息前税后总资产报酬率_平均,20141231,9.194017
300592,华凯易佰,盈利能力,毛利率,20141231,33.734687
300592,华凯易佰,盈利能力,销售净利率,20141231,8.394896
300592,华凯易佰,盈利能力,成本费用利润率,20141231,11.322335
300592,华凯易佰,盈利能力,营业利润率,20141231,8.735973
300592,华凯易佰,盈利能力,总资产净利率_平均,20141231,7.459951
300592,华凯易佰,盈利能力,总资产净利率_平均(含少数股东损益),20141231,7.459951
300592,华凯易佰,成长能力,归母净利润,20141231,36580397.06
300592,华凯易佰,成长能力,营业总收入,20141231,435745634.57
300592,华凯易佰,成长能力,净利润,20141231,36580397.06
300592,华凯易佰,成长能力,扣非净利润,20141231,32313153.92
300592,华凯易佰,成长能力,营业总收入增长率,20141231,4.072473
300592,华凯易佰,成长能力,归属母公司净利润增长率,20141231,21.492457
300592,华凯易佰,收益质量,经营活动净现金/销售收入,20141231,-0.091935
300592,华凯易佰,收益质量,经营性现金净流量/营业总收入,20141231,-0.091935
300592,华凯易佰,收益质量,成本费用率,20141231,87.337375
300592,华凯易佰,收益质量,期间费用率,20141231,21.072063
300592,华凯易佰,收益质量,销售成本率,20141231,66.265312
300592,华凯易佰,收益质量,经营活动净现金/归属母公司的净利润,20141231,-1.095132
300592,华凯易佰,收益质量,所得税/利润总额,20141231,15.105565
300592,华凯易佰,财务风险,流动比率,20141231,1.816711
300592,华凯易佰,财务风险,速动比率,20141231,0.913484
300592,华凯易佰,财务风险,保守速动比率,20141231,0.780189
300592,华凯易佰,财务风险,资产负债率,20141231,52.999479
300592,华凯易佰,财务风险,权益乘数,20141231,2.312072
300592,华凯易佰,财务风险,权益乘数(含少数股权的净资产),20141231,2.127636
300592,华凯易佰,财务风险,产权比率,20141231,112.7636
300592,华凯易佰,财务风险,现金比率,20141231,0.282898
300592,华凯易佰,营运能力,应收账款周转率,20141231,4.111152
300592,华凯易佰,营运能力,应收账款周转天数,20141231,87.566688
300592,华凯易佰,营运能力,存货周转率,20141231,1.492324
300592,华凯易佰,营运能力,存货周转天数,20141231,241.234427
300592,华凯易佰,营运能力,总资产周转率,20141231,0.888629
300592,华凯易佰,营运能力,总资产周转天数,20141231,405.118327
300592,华凯易佰,营运能力,流动资产周转率,20141231,1.048808
300592,华凯易佰,营运能力,流动资产周转天数,20141231,343.246795
300592,华凯易佰,营运能力,应付账款周转率,20141231,3.426982
300592,华凯易佰,常用指标,归母净利润,20131231,30109191.8
300592,华凯易佰,常用指标,营业总收入,20131231,418694415.44
300592,华凯易佰,常用指标,营业成本,20131231,386058898.73
300592,华凯易佰,常用指标,净利润,20131231,30109191.8
300592,华凯易佰,常用指标,扣非净利润,20131231,27736011.98
300592,华凯易佰,常用指标,股东权益合计(净资产),20131231,168795314.61
300592,华凯易佰,常用指标,商誉,20131231,
300592,华凯易佰,常用指标,经营现金流量净额,20131231,1415205.9
300592,华凯易佰,常用指标,基本每股收益,20131231,
300592,华凯易佰,常用指标,每股净资产,20131231,2.092417
300592,华凯易佰,常用指标,每股现金流,20131231,0.017543
300592,华凯易佰,常用指标,净资产收益率(ROE),20131231,22.5
300592,华凯易佰,常用指标,总资产报酬率(ROA),20131231,10.902428
300592,华凯易佰,常用指标,毛利率,20131231,30.20965
300592,华凯易佰,常用指标,销售净利率,20131231,7.191209
300592,华凯易佰,常用指标,期间费用率,20131231,19.058352
300592,华凯易佰,常用指标,资产负债率,20131231,61.40654
300592,华凯易佰,每股指标,基本每股收益,20131231,
300592,华凯易佰,每股指标,稀释每股收益,20131231,
300592,华凯易佰,每股指标,摊薄每股收益_最新股数,20131231,0.07696
300592,华凯易佰,每股指标,摊薄每股净资产_期末股数,20131231,2.092417
300592,华凯易佰,每股指标,调整每股净资产_期末股数,20131231,2.015827
300592,华凯易佰,每股指标,每股净资产_最新股数,20131231,0.431448
300592,华凯易佰,每股指标,每股经营现金流,20131231,0.017543
300592,华凯易佰,每股指标,每股现金流量净额,20131231,0.509156
300592,华凯易佰,每股指标,每股企业自由现金流量,20131231,-0.411624
300592,华凯易佰,每股指标,每股股东自由现金流量,20131231,0.071554
300592,华凯易佰,每股指标,每股未分配利润,20131231,0.698891
300592,华凯易佰,每股指标,每股资本公积金,20131231,0.389444
300592,华凯易佰,每股指标,每股盈余公积金,20131231,0.00408
300592,华凯易佰,每股指标,每股留存收益,20131231,0.702972
300592,华凯易佰,每股指标,每股营业收入,20131231,5.190212
300592,华凯易佰,每股指标,每股营业总收入,20131231,5.190212
300592,华凯易佰,每股指标,每股息税前利润,20131231,0.519914
300592,华凯易佰,盈利能力,净资产收益率(ROE),20131231,22.5
300592,华凯易佰,盈利能力,摊薄净资产收益率,20131231,17.837694
300592,华凯易佰,盈利能力,净资产收益率_平均,20131231,21.747737
300592,华凯易佰,盈利能力,净资产收益率_平均_扣除非经常损益,20131231,20.0336
300592,华凯易佰,盈利能力,摊薄净资产收益率_扣除非经常损益,20131231,16.43173
300592,华凯易佰,盈利能力,息税前利润率,20131231,10.017217
300592,华凯易佰,盈利能力,总资产报酬率,20131231,10.902428
300592,华凯易佰,盈利能力,总资本回报率,20131231,18.457869
300592,华凯易佰,盈利能力,投入资本回报率,20131231,16.117304
300592,华凯易佰,盈利能力,息前税后总资产报酬率_平均,20131231,9.519937
300592,华凯易佰,盈利能力,毛利率,20131231,30.20965
300592,华凯易佰,盈利能力,销售净利率,20131231,7.191209
300592,华凯易佰,盈利能力,成本费用利润率,20131231,9.523437
300592,华凯易佰,盈利能力,营业利润率,20131231,7.79459
300592,华凯易佰,盈利能力,总资产净利率_平均,20131231,7.826689
300592,华凯易佰,盈利能力,总资产净利率_平均(含少数股东损益),20131231,7.826689
300592,华凯易佰,成长能力,归母净利润,20131231,30109191.8
300592,华凯易佰,成长能力,营业总收入,20131231,418694415.44
300592,华凯易佰,成长能力,净利润,20131231,30109191.8
300592,华凯易佰,成长能力,扣非净利润,20131231,27736011.98
300592,华凯易佰,成长能力,营业总收入增长率,20131231,23.274356
300592,华凯易佰,成长能力,归属母公司净利润增长率,20131231,81.648044
300592,华凯易佰,收益质量,经营活动净现金/销售收入,20131231,0.00338
300592,华凯易佰,收益质量,经营性现金净流量/营业总收入,20131231,0.00338
300592,华凯易佰,收益质量,成本费用率,20131231,88.848702
300592,华凯易佰,收益质量,期间费用率,20131231,19.058352
300592,华凯易佰,收益质量,销售成本率,20131231,69.790349
300592,华凯易佰,收益质量,经营活动净现金/归属母公司的净利润,20131231,0.047002
300592,华凯易佰,收益质量,所得税/利润总额,20131231,15.012098
300592,华凯易佰,财务风险,流动比率,20131231,1.630207
300592,华凯易佰,财务风险,速动比率,20131231,0.937035
300592,华凯易佰,财务风险,保守速动比率,20131231,0.766236
300592,华凯易佰,财务风险,资产负债率,20131231,61.40654
300592,华凯易佰,财务风险,权益乘数,20131231,2.778663
300592,华凯易佰,财务风险,权益乘数(含少数股权的净资产),20131231,2.591112
300592,华凯易佰,财务风险,产权比率,20131231,159.111263
300592,华凯易佰,财务风险,现金比率,20131231,0.38494
300592,华凯易佰,营运能力,应收账款周转率,20131231,5.473103
300592,华凯易佰,营运能力,应收账款周转天数,20131231,65.776205
300592,华凯易佰,营运能力,存货周转率,20131231,2.114103
300592,华凯易佰,营运能力,存货周转天数,20131231,170.284964
300592,华凯易佰,营运能力,总资产周转率,20131231,1.088368
300592,华凯易佰,营运能力,总资产周转天数,20131231,330.770176
300592,华凯易佰,营运能力,流动资产周转率,20131231,1.352415
300592,华凯易佰,营运能力,流动资产周转天数,20131231,266.190395
300592,华凯易佰,营运能力,应付账款周转率,20131231,4.38123
300592,华凯易佰,常用指标,归母净利润,20121231,16575566.15
300592,华凯易佰,常用指标,营业总收入,20121231,339644373.33
300592,华凯易佰,常用指标,营业成本,20121231,319496163.77
300592,华凯易佰,常用指标,净利润,20121231,16575566.15
300592,华凯易佰,常用指标,扣非净利润,20121231,16367685.06
300592,华凯易佰,常用指标,股东权益合计(净资产),20121231,108099619.81
300592,华凯易佰,常用指标,商誉,20121231,
300592,华凯易佰,常用指标,经营现金流量净额,20121231,-4560651.94
300592,华凯易佰,常用指标,基本每股收益,20121231,
300592,华凯易佰,常用指标,每股净资产,20121231,1.781763
300592,华凯易佰,常用指标,每股现金流,20121231,-0.075171
300592,华凯易佰,常用指标,净资产收益率(ROE),20121231,17.35
300592,华凯易佰,常用指标,总资产报酬率(ROA),20121231,7.898016
300592,华凯易佰,常用指标,毛利率,20121231,26.287579
300592,华凯易佰,常用指标,销售净利率,20121231,4.880271
300592,华凯易佰,常用指标,期间费用率,20121231,16.433893
300592,华凯易佰,常用指标,资产负债率,20121231,67.442839
300592,华凯易佰,每股指标,基本每股收益,20121231,
300592,华凯易佰,每股指标,稀释每股收益,20121231,
300592,华凯易佰,每股指标,摊薄每股收益_最新股数,20121231,0.042367
300592,华凯易佰,每股指标,摊薄每股净资产_期末股数,20121231,1.781763
300592,华凯易佰,每股指标,调整每股净资产_期末股数,20121231,1.689171
300592,华凯易佰,每股指标,每股净资产_最新股数,20121231,0.276307
300592,华凯易佰,每股指标,每股经营现金流,20121231,-0.075171
300592,华凯易佰,每股指标,每股现金流量净额,20121231,0.206869
300592,华凯易佰,每股指标,每股企业自由现金流量,20121231,
300592,华凯易佰,每股指标,每股股东自由现金流量,20121231,
300592,华凯易佰,每股指标,每股未分配利润,20121231,0.434441
300592,华凯易佰,每股指标,每股资本公积金,20121231,0.343332
300592,华凯易佰,每股指标,每股盈余公积金,20121231,0.003989
300592,华凯易佰,每股指标,每股留存收益,20121231,0.438431
300592,华凯易佰,每股指标,每股营业收入,20121231,5.598226
300592,华凯易佰,每股指标,每股营业总收入,20121231,5.598226
300592,华凯易佰,每股指标,每股息税前利润,20121231,0.432236
300592,华凯易佰,盈利能力,净资产收益率(ROE),20121231,17.35
300592,华凯易佰,盈利能力,摊薄净资产收益率,20121231,15.333602
300592,华凯易佰,盈利能力,净资产收益率_平均,20121231,15.333602
300592,华凯易佰,盈利能力,净资产收益率_平均_扣除非经常损益,20121231,15.141297
300592,华凯易佰,盈利能力,摊薄净资产收益率_扣除非经常损益,20121231,
300592,华凯易佰,盈利能力,息税前利润率,20121231,7.720959
300592,华凯易佰,盈利能力,总资产报酬率,20121231,7.898016
300592,华凯易佰,盈利能力,总资本回报率,20121231,14.788753
300592,华凯易佰,盈利能力,投入资本回报率,20121231,12.6182
300592,华凯易佰,盈利能力,息前税后总资产报酬率_平均,20121231,4.992185
300592,华凯易佰,盈利能力,毛利率,20121231,26.287579
300592,华凯易佰,盈利能力,销售净利率,20121231,4.880271
300592,华凯易佰,盈利能力,成本费用利润率,20121231,6.670799
300592,华凯易佰,盈利能力,营业利润率,20121231,5.932148
300592,华凯易佰,盈利能力,总资产净利率_平均,20121231,4.992185
300592,华凯易佰,盈利能力,总资产净利率_平均(含少数股东损益),20121231,4.992185
300592,华凯易佰,成长能力,归母净利润,20121231,16575566.15
300592,华凯易佰,成长能力,营业总收入,20121231,339644373.33
300592,华凯易佰,成长能力,净利润,20121231,16575566.15
300592,华凯易佰,成长能力,扣非净利润,20121231,16367685.06
300592,华凯易佰,成长能力,营业总收入增长率,20121231,
300592,华凯易佰,成长能力,归属母公司净利润增长率,20121231,
300592,华凯易佰,收益质量,经营活动净现金/销售收入,20121231,-0.013427
300592,华凯易佰,收益质量,经营性现金净流量/营业总收入,20121231,-0.013427
300592,华凯易佰,收益质量,成本费用率,20121231,90.146314
300592,华凯易佰,收益质量,期间费用率,20121231,16.433893
300592,华凯易佰,收益质量,销售成本率,20121231,73.71242
300592,华凯易佰,收益质量,经营活动净现金/归属母公司的净利润,20121231,-0.275143
300592,华凯易佰,收益质量,所得税/利润总额,20121231,18.844481
300592,华凯易佰,财务风险,流动比率,20121231,1.360409
300592,华凯易佰,财务风险,速动比率,20121231,0.71201
300592,华凯易佰,财务风险,保守速动比率,20121231,0.585981
300592,华凯易佰,财务风险,资产负债率,20121231,67.442839
300592,华凯易佰,财务风险,权益乘数,20121231,3.07152
300592,华凯易佰,财务风险,权益乘数(含少数股权的净资产),20121231,3.07152
300592,华凯易佰,财务风险,产权比率,20121231,207.152097
300592,华凯易佰,财务风险,现金比率,20121231,0.224318
300592,华凯易佰,营运能力,应收账款周转率,20121231,4.991965
300592,华凯易佰,营运能力,应收账款周转天数,20121231,72.115881
300592,华凯易佰,营运能力,存货周转率,20121231,2.052456
300592,华凯易佰,营运能力,存货周转天数,20121231,175.399573
300592,华凯易佰,营运能力,总资产周转率,20121231,1.022932
300592,华凯易佰,营运能力,总资产周转天数,20121231,351.929544
300592,华凯易佰,营运能力,流动资产周转率,20121231,1.327106
300592,华凯易佰,营运能力,流动资产周转天数,20121231,271.266828
300592,华凯易佰,营运能力,应付账款周转率,20121231,6.235926
002803,吉宏股份,常用指标,归母净利润,20260630,157747480.69
002803,吉宏股份,常用指标,营业总收入,20260630,3735816989.22
002803,吉宏股份,常用指标,营业成本,20260630,3480166548.82
002803,吉宏股份,常用指标,净利润,20260630,234385993.85
002803,吉宏股份,常用指标,扣非净利润,20260630,148365007.22
002803,吉宏股份,常用指标,股东权益合计(净资产),20260630,2863944148.16
002803,吉宏股份,常用指标,商誉,20260630,9585684.07
002803,吉宏股份,常用指标,经营现金流量净额,20260630,302453206.2
002803,吉宏股份,常用指标,基本每股收益,20260630,0.36
002803,吉宏股份,常用指标,每股净资产,20260630,6.184241
002803,吉宏股份,常用指标,每股现金流,20260630,0.674298
002803,吉宏股份,常用指标,净资产收益率(ROE),20260630,5.68
002803,吉宏股份,常用指标,总资产报酬率(ROA),20260630,6.17766
002803,吉宏股份,常用指标,毛利率,20260630,47.32282
002803,吉宏股份,常用指标,销售净利率,20260630,6.274022
002803,吉宏股份,常用指标,期间费用率,20260630,40.243117
002803,吉宏股份,常用指标,资产负债率,20260630,41.795985
002803,吉宏股份,每股指标,基本每股收益,20260630,0.36
002803,吉宏股份,每股指标,稀释每股收益,20260630,0.36
002803,吉宏股份,每股指标,摊薄每股收益_最新股数,20260630,0.344489
002803,吉宏股份,每股指标,摊薄每股净资产_期末股数,20260630,6.184241
002803,吉宏股份,每股指标,调整每股净资产_期末股数,20260630,5.849951
002803,吉宏股份,每股指标,每股净资产_最新股数,20260630,6.057678
002803,吉宏股份,每股指标,每股经营现金流,20260630,0.674298
002803,吉宏股份,每股指标,每股现金流量净额,20260630,0.293733
002803,吉宏股份,每股指标,每股企业自由现金流量,20260630,0.235723
002803,吉宏股份,每股指标,每股股东自由现金流量,20260630,0.741446
002803,吉宏股份,每股指标,每股未分配利润,20260630,4.061472
002803,吉宏股份,每股指标,每股资本公积金,20260630,1.243696
002803,吉宏股份,每股指标,每股盈余公积金,20260630,0.266246
002803,吉宏股份,每股指标,每股留存收益,20260630,4.327719
002803,吉宏股份,每股指标,每股营业收入,20260630,8.328739
002803,吉宏股份,每股指标,每股营业总收入,20260630,8.328739
002803,吉宏股份,每股指标,每股息税前利润,20260630,0.636461
002803,吉宏股份,盈利能力,净资产收益率(ROE),20260630,5.68
002803,吉宏股份,盈利能力,摊薄净资产收益率,20260630,5.686822
002803,吉宏股份,盈利能力,净资产收益率_平均,20260630,5.765385
002803,吉宏股份,盈利能力,净资产收益率_平均_扣除非经常损益,20260630,5.422472
002803,吉宏股份,盈利能力,摊薄净资产收益率_扣除非经常损益,20260630,5.348582
002803,吉宏股份,盈利能力,息税前利润率,20260630,7.641751
002803,吉宏股份,盈利能力,总资产报酬率,20260630,6.17766
002803,吉宏股份,盈利能力,总资本回报率,20260630,8.0478
002803,吉宏股份,盈利能力,投入资本回报率,20260630,4.78972
002803,吉宏股份,盈利能力,息前税后总资产报酬率_平均,20260630,5.335102
002803,吉宏股份,盈利能力,毛利率,20260630,47.32282
002803,吉宏股份,盈利能力,销售净利率,20260630,6.274022
002803,吉宏股份,盈利能力,成本费用利润率,20260630,7.873698
002803,吉宏股份,盈利能力,营业利润率,20260630,7.360291
002803,吉宏股份,盈利能力,总资产净利率_平均,20260630,3.413563
002803,吉宏股份,盈利能力,总资产净利率_平均(含少数股东损益),20260630,5.071976
002803,吉宏股份,成长能力,归母净利润,20260630,157747480.69
002803,吉宏股份,成长能力,营业总收入,20260630,3735816989.22
002803,吉宏股份,成长能力,净利润,20260630,234385993.85
002803,吉宏股份,成长能力,扣非净利润,20260630,148365007.22
002803,吉宏股份,成长能力,营业总收入增长率,20260630,15.533833
002803,吉宏股份,成长能力,归属母公司净利润增长率,20260630,33.518174
002803,吉宏股份,收益质量,经营活动净现金/销售收入,20260630,0.08096
002803,吉宏股份,收益质量,经营性现金净流量/营业总收入,20260630,0.08096
002803,吉宏股份,收益质量,成本费用率,20260630,92.920297
002803,吉宏股份,收益质量,期间费用率,20260630,40.243117
002803,吉宏股份,收益质量,销售成本率,20260630,52.677179
002803,吉宏股份,收益质量,经营活动净现金/归属母公司的净利润,20260630,1.917325
002803,吉宏股份,收益质量,所得税/利润总额,20260630,14.245548
002803,吉宏股份,财务风险,流动比率,20260630,1.989343
002803,吉宏股份,财务风险,速动比率,20260630,1.653278
002803,吉宏股份,财务风险,保守速动比率,20260630,1.399376
002803,吉宏股份,财务风险,资产负债率,20260630,41.795985
002803,吉宏股份,财务风险,权益乘数,20260630,1.688963
002803,吉宏股份,财务风险,权益乘数(含少数股权的净资产),20260630,1.718094
002803,吉宏股份,财务风险,产权比率,20260630,74.14014
002803,吉宏股份,财务风险,现金比率,20260630,0.953308
002803,吉宏股份,营运能力,应收账款周转率,20260630,5.669982
002803,吉宏股份,营运能力,应收账款周转天数,20260630,31.746131
002803,吉宏股份,营运能力,存货周转率,20260630,3.779322
002803,吉宏股份,营运能力,存货周转天数,20260630,47.627581
002803,吉宏股份,营运能力,总资产周转率,20260630,0.808409
002803,吉宏股份,营运能力,总资产周转天数,20260630,222.659565
002803,吉宏股份,营运能力,流动资产周转率,20260630,1.279863
002803,吉宏股份,营运能力,流动资产周转天数,20260630,140.639992
002803,吉宏股份,营运能力,应付账款周转率,20260630,3.007828
002803,吉宏股份,常用指标,归母净利润,20260331,72362633.53
002803,吉宏股份,常用指标,营业总收入,20260331,1804314089.03
002803,吉宏股份,常用指标,营业成本,20260331,1692755682.74
002803,吉宏股份,常用指标,净利润,20260331,97903973.0
002803,吉宏股份,常用指标,扣非净利润,20260331,70339692.37
002803,吉宏股份,常用指标,股东权益合计(净资产),20260331,2846715735.2
002803,吉宏股份,常用指标,商誉,20260331,9585684.07
002803,吉宏股份,常用指标,经营现金流量净额,20260331,14560487.24
002803,吉宏股份,常用指标,基本每股收益,20260331,0.1643
002803,吉宏股份,常用指标,每股净资产,20260331,6.147946
002803,吉宏股份,常用指标,每股现金流,20260331,0.032327
002803,吉宏股份,常用指标,净资产收益率(ROE),20260331,2.65
002803,吉宏股份,常用指标,总资产报酬率(ROA),20260331,2.724558
002803,吉宏股份,常用指标,毛利率,20260331,46.902973
002803,吉宏股份,常用指标,销售净利率,20260331,5.426104
002803,吉宏股份,常用指标,期间费用率,20260331,40.516026
002803,吉宏股份,常用指标,资产负债率,20260331,37.484557
002803,吉宏股份,每股指标,基本每股收益,20260331,0.1643
002803,吉宏股份,每股指标,稀释每股收益,20260331,0.1643
002803,吉宏股份,每股指标,摊薄每股收益_最新股数,20260331,0.158025
002803,吉宏股份,每股指标,摊薄每股净资产_期末股数,20260331,6.147946
002803,吉宏股份,每股指标,调整每股净资产_期末股数,20260331,5.810423
002803,吉宏股份,每股指标,每股净资产_最新股数,20260331,6.047097
002803,吉宏股份,每股指标,每股经营现金流,20260331,0.032327
002803,吉宏股份,每股指标,每股现金流量净额,20260331,-0.043553
002803,吉宏股份,每股指标,每股企业自由现金流量,20260331,
002803,吉宏股份,每股指标,每股股东自由现金流量,20260331,
002803,吉宏股份,每股指标,每股未分配利润,20260331,4.030357
002803,吉宏股份,每股指标,每股资本公积金,20260331,1.273703
002803,吉宏股份,每股指标,每股盈余公积金,20260331,0.265146
002803,吉宏股份,每股指标,每股留存收益,20260331,4.295503
002803,吉宏股份,每股指标,每股营业收入,20260331,4.005978
002803,吉宏股份,每股指标,每股营业总收入,20260331,4.005978
002803,吉宏股份,每股指标,每股息税前利润,20260331,0.268444
002803,吉宏股份,盈利能力,净资产收益率(ROE),20260331,2.65
002803,吉宏股份,盈利能力,摊薄净资产收益率,20260331,2.613249
002803,吉宏股份,盈利能力,净资产收益率_平均,20260331,2.647067
002803,吉宏股份,盈利能力,净资产收益率_平均_扣除非经常损益,20260331,2.573066
002803,吉宏股份,盈利能力,摊薄净资产收益率_扣除非经常损益,20260331,2.540194
002803,吉宏股份,盈利能力,息税前利润率,20260331,6.701101
002803,吉宏股份,盈利能力,总资产报酬率,20260331,2.724558
002803,吉宏股份,盈利能力,总资本回报率,20260331,3.49622
002803,吉宏股份,盈利能力,投入资本回报率,20260331,2.23069
002803,吉宏股份,盈利能力,息前税后总资产报酬率_平均,20260331,2.313895
002803,吉宏股份,盈利能力,毛利率,20260331,46.902973
002803,吉宏股份,盈利能力,销售净利率,20260331,5.426104
002803,吉宏股份,盈利能力,成本费用利润率,20260331,6.875256
002803,吉宏股份,盈利能力,营业利润率,20260331,6.514404
002803,吉宏股份,盈利能力,总资产净利率_平均,20260331,1.630617
002803,吉宏股份,盈利能力,总资产净利率_平均(含少数股东损益),20260331,2.206165
002803,吉宏股份,成长能力,归母净利润,20260331,72362633.53
002803,吉宏股份,成长能力,营业总收入,20260331,1804314089.03
002803,吉宏股份,成长能力,净利润,20260331,97903973.0
002803,吉宏股份,成长能力,扣非净利润,20260331,70339692.37
002803,吉宏股份,成长能力,营业总收入增长率,20260331,22.120164
002803,吉宏股份,成长能力,归属母公司净利润增长率,20260331,22.316963
002803,吉宏股份,收益质量,经营活动净现金/销售收入,20260331,0.008069
002803,吉宏股份,收益质量,经营性现金净流量/营业总收入,20260331,0.008069
002803,吉宏股份,收益质量,成本费用率,20260331,93.613053
002803,吉宏股份,收益质量,期间费用率,20260331,40.516026
002803,吉宏股份,收益质量,销售成本率,20260331,53.097026
002803,吉宏股份,收益质量,经营活动净现金/归属母公司的净利润,20260331,0.201215
002803,吉宏股份,收益质量,所得税/利润总额,20260331,15.693151
002803,吉宏股份,财务风险,流动比率,20260331,2.195881
002803,吉宏股份,财务风险,速动比率,20260331,1.816203
002803,吉宏股份,财务风险,保守速动比率,20260331,1.547774
002803,吉宏股份,财务风险,资产负债率,20260331,37.484557
002803,吉宏股份,财务风险,权益乘数,20260331,1.623352
002803,吉宏股份,财务风险,权益乘数(含少数股权的净资产),20260331,1.599604
002803,吉宏股份,财务风险,产权比率,20260331,61.641846
002803,吉宏股份,财务风险,现金比率,20260331,1.017372
002803,吉宏股份,营运能力,应收账款周转率,20260331,2.702834
002803,吉宏股份,营运能力,应收账款周转天数,20260331,33.298372
002803,吉宏股份,营运能力,存货周转率,20260331,1.868073
002803,吉宏股份,营运能力,存货周转天数,20260331,48.177985
002803,吉宏股份,营运能力,总资产周转率,20260331,0.406583
002803,吉宏股份,营运能力,总资产周转天数,20260331,221.356632
002803,吉宏股份,营运能力,流动资产周转率,20260331,0.635828
002803,吉宏股份,营运能力,流动资产周转天数,20260331,141.547556
002803,吉宏股份,营运能力,应付账款周转率,20260331,1.583949
002803,吉宏股份,常用指标,归母净利润,20251231,276831969.6
002803,吉宏股份,常用指标,营业总收入,20251231,6721612130.17
002803,吉宏股份,常用指标,营业成本,20251231,6378741467.57
002803,吉宏股份,常用指标,净利润,20251231,334050108.05
002803,吉宏股份,常用指标,扣非净利润,20251231,241322792.91
002803,吉宏股份,常用指标,股东权益合计(净资产),20251231,2750618085.88
002803,吉宏股份,常用指标,商誉,20251231,9585684.07
002803,吉宏股份,常用指标,经营现金流量净额,20251231,261219848.71
002803,吉宏股份,常用指标,基本每股收益,20251231,0.67
002803,吉宏股份,常用指标,每股净资产,20251231,5.990858
002803,吉宏股份,常用指标,每股现金流,20251231,0.579966
002803,吉宏股份,常用指标,净资产收益率(ROE),20251231,11.14
002803,吉宏股份,常用指标,总资产报酬率(ROA),20251231,9.966189
002803,吉宏股份,常用指标,毛利率,20251231,46.9231
002803,吉宏股份,常用指标,销售净利率,20251231,4.969791
002803,吉宏股份,常用指标,期间费用率,20251231,41.551489
002803,吉宏股份,常用指标,资产负债率,20251231,36.355781
002803,吉宏股份,每股指标,基本每股收益,20251231,0.67
002803,吉宏股份,每股指标,稀释每股收益,20251231,0.67
002803,吉宏股份,每股指标,摊薄每股收益_最新股数,20251231,0.604546
002803,吉宏股份,每股指标,摊薄每股净资产_期末股数,20251231,5.990858
002803,吉宏股份,每股指标,调整每股净资产_期末股数,20251231,5.652777
002803,吉宏股份,每股指标,每股净资产_最新股数,20251231,5.892586
002803,吉宏股份,每股指标,每股经营现金流,20251231,0.579966
002803,吉宏股份,每股指标,每股现金流量净额,20251231,1.151218
002803,吉宏股份,每股指标,每股企业自由现金流量,20251231,-0.650879
002803,吉宏股份,每股指标,每股股东自由现金流量,20251231,0.01462
002803,吉宏股份,每股指标,每股未分配利润,20251231,3.868893
002803,吉宏股份,每股指标,每股资本公积金,20251231,1.273491
002803,吉宏股份,每股指标,每股盈余公积金,20251231,0.265146
002803,吉宏股份,每股指标,每股留存收益,20251231,4.134039
002803,吉宏股份,每股指标,每股营业收入,20251231,14.923475
002803,吉宏股份,每股指标,每股营业总收入,20251231,14.923475
002803,吉宏股份,每股指标,每股息税前利润,20251231,0.86572
002803,吉宏股份,盈利能力,净资产收益率(ROE),20251231,11.14
002803,吉宏股份,盈利能力,摊薄净资产收益率,20251231,10.259441
002803,吉宏股份,盈利能力,净资产收益率_平均,20251231,11.298482
002803,吉宏股份,盈利能力,净资产收益率_平均_扣除非经常损益,20251231,9.849228
002803,吉宏股份,盈利能力,摊薄净资产收益率_扣除非经常损益,20251231,8.943465
002803,吉宏股份,盈利能力,息税前利润率,20251231,5.801067
002803,吉宏股份,盈利能力,总资产报酬率,20251231,9.966189
002803,吉宏股份,盈利能力,总资本回报率,20251231,13.287047
002803,吉宏股份,盈利能力,投入资本回报率,20251231,9.938879
002803,吉宏股份,盈利能力,息前税后总资产报酬率_平均,20251231,8.917286
002803,吉宏股份,盈利能力,毛利率,20251231,46.9231
002803,吉宏股份,盈利能力,销售净利率,20251231,4.969791
002803,吉宏股份,盈利能力,成本费用利润率,20251231,5.8971
002803,吉宏股份,盈利能力,营业利润率,20251231,5.617267
002803,吉宏股份,盈利能力,总资产净利率_平均,20251231,7.075611
002803,吉宏股份,盈利能力,总资产净利率_平均(含少数股东损益),20251231,8.538062
002803,吉宏股份,成长能力,归母净利润,20251231,276831969.6
002803,吉宏股份,成长能力,营业总收入,20251231,6721612130.17
002803,吉宏股份,成长能力,净利润,20251231,334050108.05
002803,吉宏股份,成长能力,扣非净利润,20251231,241322792.91
002803,吉宏股份,成长能力,营业总收入增长率,20251231,21.564438
002803,吉宏股份,成长能力,归属母公司净利润增长率,20251231,52.163061
002803,吉宏股份,收益质量,经营活动净现金/销售收入,20251231,0.038862
002803,吉宏股份,收益质量,经营性现金净流量/营业总收入,20251231,0.038862
002803,吉宏股份,收益质量,成本费用率,20251231,94.628388
002803,吉宏股份,收益质量,期间费用率,20251231,41.551489
002803,吉宏股份,收益质量,销售成本率,20251231,53.076899
002803,吉宏股份,收益质量,经营活动净现金/归属母公司的净利润,20251231,0.943604
002803,吉宏股份,收益质量,所得税/利润总额,20251231,10.940919
002803,吉宏股份,财务风险,流动比率,20251231,2.196225
002803,吉宏股份,财务风险,速动比率,20251231,1.78076
002803,吉宏股份,财务风险,保守速动比率,20251231,1.55417
002803,吉宏股份,财务风险,资产负债率,20251231,36.355781
002803,吉宏股份,财务风险,权益乘数,20251231,1.59682
002803,吉宏股份,财务风险,权益乘数(含少数股权的净资产),20251231,1.571234
002803,吉宏股份,财务风险,产权比率,20251231,58.230737
002803,吉宏股份,财务风险,现金比率,20251231,1.049926
002803,吉宏股份,营运能力,应收账款周转率,20251231,11.446461
002803,吉宏股份,营运能力,应收账款周转天数,20251231,31.450766
002803,吉宏股份,营运能力,存货周转率,20251231,7.40195
002803,吉宏股份,营运能力,存货周转天数,20251231,48.635828
002803,吉宏股份,营运能力,总资产周转率,20251231,1.717992
002803,吉宏股份,营运能力,总资产周转天数,20251231,209.546939
002803,吉宏股份,营运能力,流动资产周转率,20251231,2.858927
002803,吉宏股份,营运能力,流动资产周转天数,20251231,125.921333
002803,吉宏股份,营运能力,应付账款周转率,20251231,6.428342
002803,吉宏股份,常用指标,归母净利润,20250930,215623731.53
002803,吉宏股份,常用指标,营业总收入,20250930,5038617871.03
002803,吉宏股份,常用指标,营业成本,20250930,4756574526.0
002803,吉宏股份,常用指标,净利润,20250930,258527426.5
002803,吉宏股份,常用指标,扣非净利润,20250930,205966456.3
002803,吉宏股份,常用指标,股东权益合计(净资产),20250930,2689008598.85
002803,吉宏股份,常用指标,商誉,20250930,9585684.07
002803,吉宏股份,常用指标,经营现金流量净额,20250930,145874645.33
002803,吉宏股份,常用指标,基本每股收益,20250930,0.53
002803,吉宏股份,常用指标,每股净资产,20250930,5.862264
002803,吉宏股份,常用指标,每股现金流,20250930,0.323874
002803,吉宏股份,常用指标,净资产收益率(ROE),20250930,8.83
002803,吉宏股份,常用指标,总资产报酬率(ROA),20250930,8.127226
002803,吉宏股份,常用指标,毛利率,20250930,46.518593
002803,吉宏股份,常用指标,销售净利率,20250930,5.130919
002803,吉宏股份,常用指标,期间费用率,20250930,40.635892
002803,吉宏股份,常用指标,资产负债率,20250930,34.562299
002803,吉宏股份,每股指标,基本每股收益,20250930,0.53
002803,吉宏股份,每股指标,稀释每股收益,20250930,0.53
002803,吉宏股份,每股指标,摊薄每股收益_最新股数,20250930,0.470879
002803,吉宏股份,每股指标,摊薄每股净资产_期末股数,20250930,5.862264
002803,吉宏股份,每股指标,调整每股净资产_期末股数,20250930,5.544898
002803,吉宏股份,每股指标,每股净资产_最新股数,20250930,5.766102
002803,吉宏股份,每股指标,每股经营现金流,20250930,0.323874
002803,吉宏股份,每股指标,每股现金流量净额,20250930,1.01061
002803,吉宏股份,每股指标,每股企业自由现金流量,20250930,
002803,吉宏股份,每股指标,每股股东自由现金流量,20250930,
002803,吉宏股份,每股指标,每股未分配利润,20250930,3.779045
002803,吉宏股份,每股指标,每股资本公积金,20250930,1.281573
002803,吉宏股份,每股指标,每股盈余公积金,20250930,0.213406
002803,吉宏股份,每股指标,每股留存收益,20250930,3.992451
002803,吉宏股份,每股指标,每股营业收入,20250930,11.186853
002803,吉宏股份,每股指标,每股营业总收入,20250930,11.186853
002803,吉宏股份,每股指标,每股息税前利润,20250930,0.686796
002803,吉宏股份,盈利能力,净资产收益率(ROE),20250930,8.83
002803,吉宏股份,盈利能力,摊薄净资产收益率,20250930,8.166343
002803,吉宏股份,盈利能力,净资产收益率_平均,20250930,8.905619
002803,吉宏股份,盈利能力,净资产收益率_平均_扣除非经常损益,20250930,8.506757
002803,吉宏股份,盈利能力,摊薄净资产收益率_扣除非经常损益,20250930,7.800592
002803,吉宏股份,盈利能力,息税前利润率,20250930,6.139321
002803,吉宏股份,盈利能力,总资产报酬率,20250930,8.127226
002803,吉宏股份,盈利能力,总资本回报率,20250930,10.857267
002803,吉宏股份,盈利能力,投入资本回报率,20250930,7.932355
002803,吉宏股份,盈利能力,息前税后总资产报酬率_平均,20250930,7.064989
002803,吉宏股份,盈利能力,毛利率,20250930,46.518593
002803,吉宏股份,盈利能力,销售净利率,20250930,5.130919
002803,吉宏股份,盈利能力,成本费用利润率,20250930,6.304191
002803,吉宏股份,盈利能力,营业利润率,20250930,5.927286
002803,吉宏股份,盈利能力,总资产净利率_平均,20250930,5.665094
002803,吉宏股份,盈利能力,总资产净利率_平均(含少数股东损益),20250930,6.792305
002803,吉宏股份,成长能力,归母净利润,20250930,215623731.53
002803,吉宏股份,成长能力,营业总收入,20250930,5038617871.03
002803,吉宏股份,成长能力,净利润,20250930,258527426.5
002803,吉宏股份,成长能力,扣非净利润,20250930,205966456.3
002803,吉宏股份,成长能力,营业总收入增长率,20250930,29.291888
002803,吉宏股份,成长能力,归属母公司净利润增长率,20250930,60.108747
002803,吉宏股份,收益质量,经营活动净现金/销售收入,20250930,0.028951
002803,吉宏股份,收益质量,经营性现金净流量/营业总收入,20250930,0.028951
002803,吉宏股份,收益质量,成本费用率,20250930,94.117299
002803,吉宏股份,收益质量,期间费用率,20250930,40.635892
002803,吉宏股份,收益质量,销售成本率,20250930,53.481406
002803,吉宏股份,收益质量,经营活动净现金/归属母公司的净利润,20250930,0.676524
002803,吉宏股份,收益质量,所得税/利润总额,20250930,13.523854
002803,吉宏股份,财务风险,流动比率,20250930,2.120797
002803,吉宏股份,财务风险,速动比率,20250930,1.789181
002803,吉宏股份,财务风险,保守速动比率,20250930,1.557116
002803,吉宏股份,财务风险,资产负债率,20250930,34.562299
002803,吉宏股份,财务风险,权益乘数,20250930,1.572015
002803,吉宏股份,财务风险,权益乘数(含少数股权的净资产),20250930,1.528171
002803,吉宏股份,财务风险,产权比率,20250930,53.789543
002803,吉宏股份,财务风险,现金比率,20250930,1.042946
002803,吉宏股份,营运能力,应收账款周转率,20250930,8.588827
002803,吉宏股份,营运能力,应收账款周转天数,20250930,31.436189
002803,吉宏股份,营运能力,存货周转率,20250930,6.327609
002803,吉宏股份,营运能力,存货周转天数,20250930,42.670139
002803,吉宏股份,营运能力,总资产周转率,20250930,1.323798
002803,吉宏股份,营运能力,总资产周转天数,20250930,203.958464
002803,吉宏股份,营运能力,流动资产周转率,20250930,2.211457
002803,吉宏股份,营运能力,流动资产周转天数,20250930,122.091433
002803,吉宏股份,营运能力,应付账款周转率,20250930,5.368784
002803,吉宏股份,常用指标,归母净利润,20250630,118146822.31
002803,吉宏股份,常用指标,营业总收入,20250630,3233526397.53
002803,吉宏股份,常用指标,营业成本,20250630,3081293005.38
002803,吉宏股份,常用指标,净利润,20250630,136634738.85
002803,吉宏股份,常用指标,扣非净利润,20250630,113275928.24
002803,吉宏股份,常用指标,股东权益合计(净资产),20250630,2665450717.95
002803,吉宏股份,常用指标,商誉,20250630,9585684.07
002803,吉宏股份,常用指标,经营现金流量净额,20250630,182637463.02
002803,吉宏股份,常用指标,基本每股收益,20250630,0.3
002803,吉宏股份,常用指标,每股净资产,20250630,5.832453
002803,吉宏股份,常用指标,每股现金流,20250630,0.403458
002803,吉宏股份,常用指标,净资产收益率(ROE),20250630,5.11
002803,吉宏股份,常用指标,总资产报酬率(ROA),20250630,4.39626
002803,吉宏股份,常用指标,毛利率,20250630,46.971471
002803,吉宏股份,常用指标,销售净利率,20250630,4.225564
002803,吉宏股份,常用指标,期间费用率,20250630,41.966542
002803,吉宏股份,常用指标,资产负债率,20250630,34.428416
002803,吉宏股份,每股指标,基本每股收益,20250630,0.3
002803,吉宏股份,每股指标,稀释每股收益,20250630,0.3
002803,吉宏股份,每股指标,摊薄每股收益_最新股数,20250630,0.258009
002803,吉宏股份,每股指标,摊薄每股净资产_期末股数,20250630,5.832453
002803,吉宏股份,每股指标,调整每股净资产_期末股数,20250630,5.507872
002803,吉宏股份,每股指标,每股净资产_最新股数,20250630,5.765744
002803,吉宏股份,每股指标,每股经营现金流,20250630,0.403458
002803,吉宏股份,每股指标,每股现金流量净额,20250630,1.24762
002803,吉宏股份,每股指标,每股企业自由现金流量,20250630,-0.753249
002803,吉宏股份,每股指标,每股股东自由现金流量,20250630,-0.531717
002803,吉宏股份,每股指标,每股未分配利润,20250630,3.719816
002803,吉宏股份,每股指标,每股资本公积金,20250630,1.269113
002803,吉宏股份,每股指标,每股盈余公积金,20250630,0.212334
002803,吉宏股份,每股指标,每股留存收益,20250630,3.93215
002803,吉宏股份,每股指标,每股营业收入,20250630,7.143084
002803,吉宏股份,每股指标,每股营业总收入,20250630,7.143084
002803,吉宏股份,每股指标,每股息税前利润,20250630,0.36749
002803,吉宏股份,盈利能力,净资产收益率(ROE),20250630,5.11
002803,吉宏股份,盈利能力,摊薄净资产收益率,20250630,4.474866
002803,吉宏股份,盈利能力,净资产收益率_平均,20250630,4.879825
002803,吉宏股份,盈利能力,净资产收益率_平均_扣除非经常损益,20250630,4.678642
002803,吉宏股份,盈利能力,摊薄净资产收益率_扣除非经常损益,20250630,4.290379
002803,吉宏股份,盈利能力,息税前利润率,20250630,5.144707
002803,吉宏股份,盈利能力,总资产报酬率,20250630,4.39626
002803,吉宏股份,盈利能力,总资本回报率,20250630,5.946349
002803,吉宏股份,盈利能力,投入资本回报率,20250630,4.459337
002803,吉宏股份,盈利能力,息前税后总资产报酬率_平均,20250630,3.785459
002803,吉宏股份,盈利能力,毛利率,20250630,46.971471
002803,吉宏股份,盈利能力,销售净利率,20250630,4.225564
002803,吉宏股份,盈利能力,成本费用利润率,20250630,5.200639
002803,吉宏股份,盈利能力,营业利润率,20250630,4.934054
002803,吉宏股份,盈利能力,总资产净利率_平均,20250630,3.122255
002803,吉宏股份,盈利能力,总资产净利率_平均(含少数股东损益),20250630,3.610833
002803,吉宏股份,成长能力,归母净利润,20250630,118146822.31
002803,吉宏股份,成长能力,营业总收入,20250630,3233526397.53
002803,吉宏股份,成长能力,净利润,20250630,136634738.85
002803,吉宏股份,成长能力,扣非净利润,20250630,113275928.24
002803,吉宏股份,成长能力,营业总收入增长率,20250630,31.794353
002803,吉宏股份,成长能力,归属母公司净利润增长率,20250630,63.269566
002803,吉宏股份,收益质量,经营活动净现金/销售收入,20250630,0.056482
002803,吉宏股份,收益质量,经营性现金净流量/营业总收入,20250630,0.056482
002803,吉宏股份,收益质量,成本费用率,20250630,94.99507
002803,吉宏股份,收益质量,期间费用率,20250630,41.966542
002803,吉宏股份,收益质量,销售成本率,20250630,53.028528
002803,吉宏股份,收益质量,经营活动净现金/归属母公司的净利润,20250630,1.545851
002803,吉宏股份,收益质量,所得税/利润总额,20250630,14.46834
002803,吉宏股份,财务风险,流动比率,20250630,2.150152
002803,吉宏股份,财务风险,速动比率,20250630,1.814642
002803,吉宏股份,财务风险,保守速动比率,20250630,1.651466
002803,吉宏股份,财务风险,资产负债率,20250630,34.428416
002803,吉宏股份,财务风险,权益乘数,20250630,1.562917
002803,吉宏股份,财务风险,权益乘数(含少数股权的净资产),20250630,1.52505
002803,吉宏股份,财务风险,产权比率,20250630,53.006617
002803,吉宏股份,财务风险,现金比率,20250630,1.160743
002803,吉宏股份,营运能力,应收账款周转率,20250630,5.66935
002803,吉宏股份,营运能力,应收账款周转天数,20250630,31.749668
002803,吉宏股份,营运能力,存货周转率,20250630,4.02287
002803,吉宏股份,营运能力,存货周转天数,20250630,44.744164
002803,吉宏股份,营运能力,总资产周转率,20250630,0.854521
002803,吉宏股份,营运能力,总资产周转天数,20250630,210.644317
002803,吉宏股份,营运能力,流动资产周转率,20250630,1.416066
002803,吉宏股份,营运能力,流动资产周转天数,20250630,127.112654
002803,吉宏股份,营运能力,应付账款周转率,20250630,3.306304
002803,吉宏股份,常用指标,归母净利润,20250331,59159932.99
002803,吉宏股份,常用指标,营业总收入,20250331,1477490718.88
002803,吉宏股份,常用指标,营业成本,20250331,1411166648.31
002803,吉宏股份,常用指标,净利润,20250331,62469209.23
002803,吉宏股份,常用指标,扣非净利润,20250331,57774432.55
002803,吉宏股份,常用指标,股东权益合计(净资产),20250331,2266490924.74
002803,吉宏股份,常用指标,商誉,20250331,9585684.07
002803,吉宏股份,常用指标,经营现金流量净额,20250331,67955719.06
002803,吉宏股份,常用指标,基本每股收益,20250331,0.1562
002803,吉宏股份,常用指标,每股净资产,20250331,5.861263
002803,吉宏股份,常用指标,每股现金流,20250331,0.176614
002803,吉宏股份,常用指标,净资产收益率(ROE),20250331,2.65
002803,吉宏股份,常用指标,总资产报酬率(ROA),20250331,2.131381
002803,吉宏股份,常用指标,毛利率,20250331,45.630978
002803,吉宏股份,常用指标,销售净利率,20250331,4.228061
002803,吉宏股份,常用指标,期间费用率,20250331,40.870716
002803,吉宏股份,常用指标,资产负债率,20250331,35.405868
002803,吉宏股份,每股指标,基本每股收益,20250331,0.1562
002803,吉宏股份,每股指标,稀释每股收益,20250331,0.1562
002803,吉宏股份,每股指标,摊薄每股收益_最新股数,20250331,0.129193
002803,吉宏股份,每股指标,摊薄每股净资产_期末股数,20250331,5.861263
002803,吉宏股份,每股指标,调整每股净资产_期末股数,20250331,5.474546
002803,吉宏股份,每股指标,每股净资产_最新股数,20250331,4.924987
002803,吉宏股份,每股指标,每股经营现金流,20250331,0.176614
002803,吉宏股份,每股指标,每股现金流量净额,20250331,0.013663
002803,吉宏股份,每股指标,每股企业自由现金流量,20250331,
002803,吉宏股份,每股指标,每股股东自由现金流量,20250331,
002803,吉宏股份,每股指标,每股未分配利润,20250331,4.378262
002803,吉宏股份,每股指标,每股资本公积金,20250331,0.660245
002803,吉宏股份,每股指标,每股盈余公积金,20250331,0.24981
002803,吉宏股份,每股指标,每股留存收益,20250331,4.628072
002803,吉宏股份,每股指标,每股营业收入,20250331,3.839939
002803,吉宏股份,每股指标,每股营业总收入,20250331,3.839939
002803,吉宏股份,每股指标,每股息税前利润,20250331,0.194208
002803,吉宏股份,盈利能力,净资产收益率(ROE),20250331,2.65
002803,吉宏股份,盈利能力,摊薄净资产收益率,20250331,2.623227
002803,吉宏股份,盈利能力,净资产收益率_平均,20250331,2.654543
002803,吉宏股份,盈利能力,净资产收益率_平均_扣除非经常损益,20250331,2.592374
002803,吉宏股份,盈利能力,摊薄净资产收益率_扣除非经常损益,20250331,2.561792
002803,吉宏股份,盈利能力,息税前利润率,20250331,5.057582
002803,吉宏股份,盈利能力,总资产报酬率,20250331,2.131381
002803,吉宏股份,盈利能力,总资本回报率,20250331,2.905923
002803,吉宏股份,盈利能力,投入资本回报率,20250331,2.430151
002803,吉宏股份,盈利能力,息前税后总资产报酬率_平均,20250331,1.876811
002803,吉宏股份,盈利能力,毛利率,20250331,45.630978
002803,吉宏股份,盈利能力,销售净利率,20250331,4.228061
002803,吉宏股份,盈利能力,成本费用利润率,20250331,5.073652
002803,吉宏股份,盈利能力,营业利润率,20250331,4.804477
002803,吉宏股份,盈利能力,总资产净利率_平均,20250331,1.687411
002803,吉宏股份,盈利能力,总资产净利率_平均(含少数股东损益),20250331,1.781801
002803,吉宏股份,成长能力,归母净利润,20250331,59159932.99
002803,吉宏股份,成长能力,营业总收入,20250331,1477490718.88
002803,吉宏股份,成长能力,净利润,20250331,62469209.23
002803,吉宏股份,成长能力,扣非净利润,20250331,57774432.55
002803,吉宏股份,成长能力,营业总收入增长率,20250331,11.554337
002803,吉宏股份,成长能力,归属母公司净利润增长率,20250331,38.206918
002803,吉宏股份,收益质量,经营活动净现金/销售收入,20250331,0.045994
002803,吉宏股份,收益质量,经营性现金净流量/营业总收入,20250331,0.045994
002803,吉宏股份,收益质量,成本费用率,20250331,95.239737
002803,吉宏股份,收益质量,期间费用率,20250331,40.870716
002803,吉宏股份,收益质量,销售成本率,20250331,54.369021
002803,吉宏股份,收益质量,经营活动净现金/归属母公司的净利润,20250331,1.148678
002803,吉宏股份,收益质量,所得税/利润总额,20250331,12.501145
002803,吉宏股份,财务风险,流动比率,20250331,1.858403
002803,吉宏股份,财务风险,速动比率,20250331,1.456151
002803,吉宏股份,财务风险,保守速动比率,20250331,1.294844
002803,吉宏股份,财务风险,资产负债率,20250331,35.405868
002803,吉宏股份,财务风险,权益乘数,20250331,1.573145
002803,吉宏股份,财务风险,权益乘数(含少数股权的净资产),20250331,1.548128
002803,吉宏股份,财务风险,产权比率,20250331,55.086414
002803,吉宏股份,财务风险,现金比率,20250331,0.802279
002803,吉宏股份,营运能力,应收账款周转率,20250331,2.756936
002803,吉宏股份,营运能力,应收账款周转天数,20250331,32.644933
002803,吉宏股份,营运能力,存货周转率,20250331,1.838344
002803,吉宏股份,营运能力,存货周转天数,20250331,48.957086
002803,吉宏股份,营运能力,总资产周转率,20250331,0.421422
002803,吉宏股份,营运能力,总资产周转天数,20250331,213.562196
002803,吉宏股份,营运能力,流动资产周转率,20250331,0.749533
002803,吉宏股份,营运能力,流动资产周转天数,20250331,120.074732
002803,吉宏股份,营运能力,应付账款周转率,20250331,1.770241
002803,吉宏股份,常用指标,归母净利润,20241231,181931124.57
002803,吉宏股份,常用指标,营业总收入,20241231,5529258572.55
002803,吉宏股份,常用指标,营业成本,20241231,5344678939.94
002803,吉宏股份,常用指标,净利润,20241231,184450469.59
002803,吉宏股份,常用指标,扣非净利润,20241231,159952757.73
002803,吉宏股份,常用指标,股东权益合计(净资产),20241231,2208515407.29
002803,吉宏股份,常用指标,商誉,20241231,9585684.07
002803,吉宏股份,常用指标,经营现金流量净额,20241231,386679604.06
002803,吉宏股份,常用指标,基本每股收益,20241231,0.49
002803,吉宏股份,常用指标,每股净资产,20241231,5.722974
002803,吉宏股份,常用指标,每股现金流,20241231,1.004964
002803,吉宏股份,常用指标,净资产收益率(ROE),20241231,8.22
002803,吉宏股份,常用指标,总资产报酬率(ROA),20241231,6.49932
002803,吉宏股份,常用指标,毛利率,20241231,43.927306
002803,吉宏股份,常用指标,销售净利率,20241231,3.335898
002803,吉宏股份,常用指标,期间费用率,20241231,40.298562
002803,吉宏股份,常用指标,资产负债率,20241231,36.955329
002803,吉宏股份,每股指标,基本每股收益,20241231,0.49
002803,吉宏股份,每股指标,稀释每股收益,20241231,0.49
002803,吉宏股份,每股指标,摊薄每股收益_最新股数,20241231,0.397301
002803,吉宏股份,每股指标,摊薄每股净资产_期末股数,20241231,5.722974
002803,吉宏股份,每股指标,调整每股净资产_期末股数,20241231,5.33041
002803,吉宏股份,每股指标,每股净资产_最新股数,20241231,4.808787
002803,吉宏股份,每股指标,每股经营现金流,20241231,1.004964
002803,吉宏股份,每股指标,每股现金流量净额,20241231,-0.91236
002803,吉宏股份,每股指标,每股企业自由现金流量,20241231,1.368307
002803,吉宏股份,每股指标,每股股东自由现金流量,20241231,1.341236
002803,吉宏股份,每股指标,每股未分配利润,20241231,4.224508
002803,吉宏股份,每股指标,每股资本公积金,20241231,0.656724
002803,吉宏股份,每股指标,每股盈余公积金,20241231,0.24981
002803,吉宏股份,每股指标,每股留存收益,20241231,4.474318
002803,吉宏股份,每股指标,每股营业收入,20241231,14.370322
002803,吉宏股份,每股指标,每股营业总收入,20241231,14.370322
002803,吉宏股份,每股指标,每股息税前利润,20241231,0.598775
002803,吉宏股份,盈利能力,净资产收益率(ROE),20241231,8.22
002803,吉宏股份,盈利能力,摊薄净资产收益率,20241231,8.261993
002803,吉宏股份,盈利能力,净资产收益率_平均,20241231,8.117535
002803,吉宏股份,盈利能力,净资产收益率_平均_扣除非经常损益,20241231,7.136888
002803,吉宏股份,盈利能力,摊薄净资产收益率_扣除非经常损益,20241231,7.263894
002803,吉宏股份,盈利能力,息税前利润率,20241231,4.166747
002803,吉宏股份,盈利能力,总资产报酬率,20241231,6.49932
002803,吉宏股份,盈利能力,总资本回报率,20241231,8.926807
002803,吉宏股份,盈利能力,投入资本回报率,20241231,7.52384
002803,吉宏股份,盈利能力,息前税后总资产报酬率_平均,20241231,5.548936
002803,吉宏股份,盈利能力,毛利率,20241231,43.927306
002803,吉宏股份,盈利能力,销售净利率,20241231,3.335898
002803,吉宏股份,盈利能力,成本费用利润率,20241231,4.093746
002803,吉宏股份,盈利能力,营业利润率,20241231,3.921619
002803,吉宏股份,盈利能力,总资产净利率_平均,20241231,5.132285
002803,吉宏股份,盈利能力,总资产净利率_平均(含少数股东损益),20241231,5.203356
002803,吉宏股份,成长能力,归母净利润,20241231,181931124.57
002803,吉宏股份,成长能力,营业总收入,20241231,5529258572.55
002803,吉宏股份,成长能力,净利润,20241231,184450469.59
002803,吉宏股份,成长能力,扣非净利润,20241231,159952757.73
002803,吉宏股份,成长能力,营业总收入增长率,20241231,-17.40818
002803,吉宏股份,成长能力,归属母公司净利润增长率,20241231,-47.281405
002803,吉宏股份,收益质量,经营活动净现金/销售收入,20241231,0.069933
002803,吉宏股份,收益质量,经营性现金净流量/营业总收入,20241231,0.069933
002803,吉宏股份,收益质量,成本费用率,20241231,96.371255
002803,吉宏股份,收益质量,期间费用率,20241231,40.298562
002803,吉宏股份,收益质量,销售成本率,20241231,56.072693
002803,吉宏股份,收益质量,经营活动净现金/归属母公司的净利润,20241231,2.125417
002803,吉宏股份,收益质量,所得税/利润总额,20241231,15.444011
002803,吉宏股份,财务风险,流动比率,20241231,1.820467
002803,吉宏股份,财务风险,速动比率,20241231,1.407434
002803,吉宏股份,财务风险,保守速动比率,20241231,1.238064
002803,吉宏股份,财务风险,资产负债率,20241231,36.955329
002803,吉宏股份,财务风险,权益乘数,20241231,1.58166
002803,吉宏股份,财务风险,权益乘数(含少数股权的净资产),20241231,1.586176
002803,吉宏股份,财务风险,产权比率,20241231,58.790472
002803,吉宏股份,财务风险,现金比率,20241231,0.730014
002803,吉宏股份,营运能力,应收账款周转率,20241231,10.728628
002803,吉宏股份,营运能力,应收账款周转天数,20241231,33.555082
002803,吉宏股份,营运能力,存货周转率,20241231,6.85957
002803,吉宏股份,营运能力,存货周转天数,20241231,52.48142
002803,吉宏股份,营运能力,总资产周转率,20241231,1.559806
002803,吉宏股份,营运能力,总资产周转天数,20241231,230.797852
002803,吉宏股份,营运能力,流动资产周转率,20241231,2.614432
002803,吉宏股份,营运能力,流动资产周转天数,20241231,137.697176
002803,吉宏股份,营运能力,应付账款周转率,20241231,6.188316
002803,吉宏股份,常用指标,归母净利润,20240930,134673298.73
002803,吉宏股份,常用指标,营业总收入,20240930,3897087378.79
002803,吉宏股份,常用指标,营业成本,20240930,3754598851.44
002803,吉宏股份,常用指标,净利润,20240930,131613267.86
002803,吉宏股份,常用指标,扣非净利润,20240930,120834691.88
002803,吉宏股份,常用指标,股东权益合计(净资产),20240930,2227945931.96
002803,吉宏股份,常用指标,商誉,20240930,9585684.07
002803,吉宏股份,常用指标,经营现金流量净额,20240930,165609436.07
002803,吉宏股份,常用指标,基本每股收益,20240930,0.36
002803,吉宏股份,常用指标,每股净资产,20240930,5.798075
002803,吉宏股份,常用指标,每股现金流,20240930,0.430322
002803,吉宏股份,常用指标,净资产收益率(ROE),20240930,5.75
002803,吉宏股份,常用指标,总资产报酬率(ROA),20240930,4.882789
002803,吉宏股份,常用指标,毛利率,20240930,42.882062
002803,吉宏股份,常用指标,销售净利率,20240930,3.377221
002803,吉宏股份,常用指标,期间费用率,20240930,38.922684
002803,吉宏股份,常用指标,资产负债率,20240930,31.410653
002803,吉宏股份,每股指标,基本每股收益,20240930,0.36
002803,吉宏股份,每股指标,稀释每股收益,20240930,0.36
002803,吉宏股份,每股指标,摊薄每股收益_最新股数,20240930,0.294099
002803,吉宏股份,每股指标,摊薄每股净资产_期末股数,20240930,5.798075
002803,吉宏股份,每股指标,调整每股净资产_期末股数,20240930,5.399418
002803,吉宏股份,每股指标,每股净资产_最新股数,20240930,4.872905
002803,吉宏股份,每股指标,每股经营现金流,20240930,0.430322
002803,吉宏股份,每股指标,每股现金流量净额,20240930,-0.912612
002803,吉宏股份,每股指标,每股企业自由现金流量,20240930,
002803,吉宏股份,每股指标,每股股东自由现金流量,20240930,
002803,吉宏股份,每股指标,每股未分配利润,20240930,4.315028
002803,吉宏股份,每股指标,每股资本公积金,20240930,0.693054
002803,吉宏股份,每股指标,每股盈余公积金,20240930,0.204609
002803,吉宏股份,每股指标,每股留存收益,20240930,4.519638
002803,吉宏股份,每股指标,每股营业收入,20240930,10.126268
002803,吉宏股份,每股指标,每股营业总收入,20240930,10.126268
002803,吉宏股份,每股指标,每股息税前利润,20240930,0.433584
002803,吉宏股份,盈利能力,净资产收益率(ROE),20240930,5.75
002803,吉宏股份,盈利能力,摊薄净资产收益率,20240930,6.035412
002803,吉宏股份,盈利能力,净资产收益率_平均,20240930,5.969848
002803,吉宏股份,盈利能力,净资产收益率_平均_扣除非经常损益,20240930,5.356405
002803,吉宏股份,盈利能力,摊薄净资产收益率_扣除非经常损益,20240930,5.415232
002803,吉宏股份,盈利能力,息税前利润率,20240930,4.281782
002803,吉宏股份,盈利能力,总资产报酬率,20240930,4.882789
002803,吉宏股份,盈利能力,总资本回报率,20240930,6.438762
002803,吉宏股份,盈利能力,投入资本回报率,20240930,5.551715
002803,吉宏股份,盈利能力,息前税后总资产报酬率_平均,20240930,4.12056
002803,吉宏股份,盈利能力,毛利率,20240930,42.882062
002803,吉宏股份,盈利能力,销售净利率,20240930,3.377221
002803,吉宏股份,盈利能力,成本费用利润率,20240930,4.212415
002803,吉宏股份,盈利能力,营业利润率,20240930,4.051681
002803,吉宏股份,盈利能力,总资产净利率_平均,20240930,3.940802
002803,吉宏股份,盈利能力,总资产净利率_平均(含少数股东损益),20240930,3.85126
002803,吉宏股份,成长能力,归母净利润,20240930,134673298.73
002803,吉宏股份,成长能力,营业总收入,20240930,3897087378.79
002803,吉宏股份,成长能力,净利润,20240930,131613267.86
002803,吉宏股份,成长能力,扣非净利润,20240930,120834691.88
002803,吉宏股份,成长能力,营业总收入增长率,20240930,-20.961512
002803,吉宏股份,成长能力,归属母公司净利润增长率,20240930,-58.008257
002803,吉宏股份,收益质量,经营活动净现金/销售收入,20240930,0.042495
002803,吉宏股份,收益质量,经营性现金净流量/营业总收入,20240930,0.042495
002803,吉宏股份,收益质量,成本费用率,20240930,96.040622
002803,吉宏股份,收益质量,期间费用率,20240930,38.922684
002803,吉宏股份,收益质量,销售成本率,20240930,57.117937
002803,吉宏股份,收益质量,经营活动净现金/归属母公司的净利润,20240930,1.229712
002803,吉宏股份,收益质量,所得税/利润总额,20240930,16.52174
002803,吉宏股份,财务风险,流动比率,20240930,2.357468
002803,吉宏股份,财务风险,速动比率,20240930,1.861133
002803,吉宏股份,财务风险,保守速动比率,20240930,1.615065
002803,吉宏股份,财务风险,资产负债率,20240930,31.410653
002803,吉宏股份,财务风险,权益乘数,20240930,1.514881
002803,吉宏股份,财务风险,权益乘数(含少数股权的净资产),20240930,1.457952
002803,吉宏股份,财务风险,产权比率,20240930,45.724653
002803,吉宏股份,财务风险,现金比率,20240930,0.989169
002803,吉宏股份,营运能力,应收账款周转率,20240930,7.935371
002803,吉宏股份,营运能力,应收账款周转天数,20240930,34.024873
002803,吉宏股份,营运能力,存货周转率,20240930,5.213281
002803,吉宏股份,营运能力,存货周转天数,20240930,51.790799
002803,吉宏股份,营运能力,总资产周转率,20240930,1.140363
002803,吉宏股份,营运能力,总资产周转天数,20240930,236.766579
002803,吉宏股份,营运能力,流动资产周转率,20240930,1.880154
002803,吉宏股份,营运能力,流动资产周转天数,20240930,143.605228
002803,吉宏股份,营运能力,应付账款周转率,20240930,5.036422
002803,吉宏股份,常用指标,归母净利润,20240630,72363040.15
002803,吉宏股份,常用指标,营业总收入,20240630,2453463532.89
002803,吉宏股份,常用指标,营业成本,20240630,2388096214.01
002803,吉宏股份,常用指标,净利润,20240630,65989118.19
002803,吉宏股份,常用指标,扣非净利润,20240630,63131599.2
002803,吉宏股份,常用指标,股东权益合计(净资产),20240630,2154952094.55
002803,吉宏股份,常用指标,商誉,20240630,9585684.07
002803,吉宏股份,常用指标,经营现金流量净额,20240630,38225057.46
002803,吉宏股份,常用指标,基本每股收益,20240630,0.19
002803,吉宏股份,常用指标,每股净资产,20240630,5.615612
002803,吉宏股份,常用指标,每股现金流,20240630,0.099283
002803,吉宏股份,常用指标,净资产收益率(ROE),20240630,3.11
002803,吉宏股份,常用指标,总资产报酬率(ROA),20240630,2.608282
002803,吉宏股份,常用指标,毛利率,20240630,40.676863
002803,吉宏股份,常用指标,销售净利率,20240630,2.689631
002803,吉宏股份,常用指标,期间费用率,20240630,37.684699
002803,吉宏股份,常用指标,资产负债率,20240630,30.158618
002803,吉宏股份,每股指标,基本每股收益,20240630,0.19
002803,吉宏股份,每股指标,稀释每股收益,20240630,0.19
002803,吉宏股份,每股指标,摊薄每股收益_最新股数,20240630,0.158026
002803,吉宏股份,每股指标,摊薄每股净资产_期末股数,20240630,5.615612
002803,吉宏股份,每股指标,调整每股净资产_期末股数,20240630,5.212511
002803,吉宏股份,每股指标,每股净资产_最新股数,20240630,4.721519
002803,吉宏股份,每股指标,每股经营现金流,20240630,0.099283
002803,吉宏股份,每股指标,每股现金流量净额,20240630,-1.028758
002803,吉宏股份,每股指标,每股企业自由现金流量,20240630,0.641832
002803,吉宏股份,每股指标,每股股东自由现金流量,20240630,0.490177
002803,吉宏股份,每股指标,每股未分配利润,20240630,4.151394
002803,吉宏股份,每股指标,每股资本公积金,20240630,0.670471
002803,吉宏股份,每股指标,每股盈余公积金,20240630,0.204524
002803,吉宏股份,每股指标,每股留存收益,20240630,4.355919
002803,吉宏股份,每股指标,每股营业收入,20240630,6.372478
002803,吉宏股份,每股指标,每股营业总收入,20240630,6.372478
002803,吉宏股份,每股指标,每股息税前利润,20240630,0.226002
002803,吉宏股份,盈利能力,净资产收益率(ROE),20240630,3.11
002803,吉宏股份,盈利能力,摊薄净资产收益率,20240630,3.346944
002803,吉宏股份,盈利能力,净资产收益率_平均,20240630,3.25779
002803,吉宏股份,盈利能力,净资产收益率_平均_扣除非经常损益,20240630,2.84219
002803,吉宏股份,盈利能力,摊薄净资产收益率_扣除非经常损益,20240630,2.91997
002803,吉宏股份,盈利能力,息税前利润率,20240630,3.546546
002803,吉宏股份,盈利能力,总资产报酬率,20240630,2.608282
002803,吉宏股份,盈利能力,总资本回报率,20240630,3.426328
002803,吉宏股份,盈利能力,投入资本回报率,20240630,3.086408
002803,吉宏股份,盈利能力,息前税后总资产报酬率_平均,20240630,2.158456
002803,吉宏股份,盈利能力,毛利率,20240630,40.676863
002803,吉宏股份,盈利能力,销售净利率,20240630,2.689631
002803,吉宏股份,盈利能力,成本费用利润率,20240630,3.403096
002803,吉宏股份,盈利能力,营业利润率,20240630,3.315674
002803,吉宏股份,盈利能力,总资产净利率_平均,20240630,2.169132
002803,吉宏股份,盈利能力,总资产净利率_平均(含少数股东损益),20240630,1.97807
002803,吉宏股份,成长能力,归母净利润,20240630,72363040.15
002803,吉宏股份,成长能力,营业总收入,20240630,2453463532.89
002803,吉宏股份,成长能力,净利润,20240630,65989118.19
002803,吉宏股份,成长能力,扣非净利润,20240630,63131599.2
002803,吉宏股份,成长能力,营业总收入增长率,20240630,-21.968571
002803,吉宏股份,成长能力,归属母公司净利润增长率,20240630,-61.80367
002803,吉宏股份,收益质量,经营活动净现金/销售收入,20240630,0.01558
002803,吉宏股份,收益质量,经营性现金净流量/营业总收入,20240630,0.01558
002803,吉宏股份,收益质量,成本费用率,20240630,97.007836
002803,吉宏股份,收益质量,期间费用率,20240630,37.684699
002803,吉宏股份,收益质量,销售成本率,20240630,59.323136
002803,吉宏股份,收益质量,经营活动净现金/归属母公司的净利润,20240630,0.52824
002803,吉宏股份,收益质量,所得税/利润总额,20240630,18.527386
002803,吉宏股份,财务风险,流动比率,20240630,2.498485
002803,吉宏股份,财务风险,速动比率,20240630,1.909389
002803,吉宏股份,财务风险,保守速动比率,20240630,1.61426
002803,吉宏股份,财务风险,资产负债率,20240630,30.158618
002803,吉宏股份,财务风险,权益乘数,20240630,1.501886
002803,吉宏股份,财务风险,权益乘数(含少数股权的净资产),20240630,1.431815
002803,吉宏股份,财务风险,产权比率,20240630,43.039569
002803,吉宏股份,财务风险,现金比率,20240630,1.000867
002803,吉宏股份,营运能力,应收账款周转率,20240630,5.404603
002803,吉宏股份,营运能力,应收账款周转天数,20240630,33.304938
002803,吉宏股份,营运能力,存货周转率,20240630,3.358432
002803,吉宏股份,营运能力,存货周转天数,20240630,53.596434
002803,吉宏股份,营运能力,总资产周转率,20240630,0.735442
002803,吉宏股份,营运能力,总资产周转天数,20240630,244.750476
002803,吉宏股份,营运能力,流动资产周转率,20240630,1.227502
002803,吉宏股份,营运能力,流动资产周转天数,20240630,146.639228
002803,吉宏股份,营运能力,应付账款周转率,20240630,3.538107
002803,吉宏股份,常用指标,归母净利润,20240331,42805333.83
002803,吉宏股份,常用指标,营业总收入,20240331,1324458336.45
002803,吉宏股份,常用指标,营业成本,20240331,1283882231.61
002803,吉宏股份,常用指标,净利润,20240331,39545790.56
002803,吉宏股份,常用指标,扣非净利润,20240331,38250949.78
002803,吉宏股份,常用指标,股东权益合计(净资产),20240331,2275793167.91
002803,吉宏股份,常用指标,商誉,20240331,9585684.07
002803,吉宏股份,常用指标,经营现金流量净额,20240331,-157714828.08
002803,吉宏股份,常用指标,基本每股收益,20240331,0.11
002803,吉宏股份,常用指标,每股净资产,20240331,5.899188
002803,吉宏股份,常用指标,每股现金流,20240331,-0.409639
002803,吉宏股份,常用指标,净资产收益率(ROE),20240331,1.83
002803,吉宏股份,常用指标,总资产报酬率(ROA),20240331,1.531766
002803,吉宏股份,常用指标,毛利率,20240331,40.617677
002803,吉宏股份,常用指标,销售净利率,20240331,2.985808
002803,吉宏股份,常用指标,期间费用率,20240331,37.269464
002803,吉宏股份,常用指标,资产负债率,20240331,31.355537
002803,吉宏股份,每股指标,基本每股收益,20240331,0.11
002803,吉宏股份,每股指标,稀释每股收益,20240331,0.11
002803,吉宏股份,每股指标,摊薄每股收益_最新股数,20240331,0.093478
002803,吉宏股份,每股指标,摊薄每股净资产_期末股数,20240331,5.899188
002803,吉宏股份,每股指标,调整每股净资产_期末股数,20240331,5.492515
002803,吉宏股份,每股指标,每股净资产_最新股数,20240331,4.959945
002803,吉宏股份,每股指标,每股经营现金流,20240331,-0.409639
002803,吉宏股份,每股指标,每股现金流量净额,20240331,-0.830434
002803,吉宏股份,每股指标,每股企业自由现金流量,20240331,
002803,吉宏股份,每股指标,每股股东自由现金流量,20240331,
002803,吉宏股份,每股指标,每股未分配利润,20240331,4.438506
002803,吉宏股份,每股指标,每股资本公积金,20240331,0.645196
002803,吉宏股份,每股指标,每股盈余公积金,20240331,0.204524
002803,吉宏股份,每股指标,每股留存收益,20240331,4.643031
002803,吉宏股份,每股指标,每股营业收入,20240331,3.440068
002803,吉宏股份,每股指标,每股营业总收入,20240331,3.440068
002803,吉宏股份,每股指标,每股息税前利润,20240331,0.137296
002803,吉宏股份,盈利能力,净资产收益率(ROE),20240331,1.83
002803,吉宏股份,盈利能力,摊薄净资产收益率,20240331,1.884666
002803,吉宏股份,盈利能力,净资产收益率_平均,20240331,1.880875
002803,吉宏股份,盈利能力,净资产收益率_平均_扣除非经常损益,20240331,1.680754
002803,吉宏股份,盈利能力,摊薄净资产收益率_扣除非经常损益,20240331,1.684142
002803,吉宏股份,盈利能力,息税前利润率,20240331,3.991108
002803,吉宏股份,盈利能力,总资产报酬率,20240331,1.531766
002803,吉宏股份,盈利能力,总资本回报率,20240331,2.028869
002803,吉宏股份,盈利能力,投入资本回报率,20240331,1.762718
002803,吉宏股份,盈利能力,息前税后总资产报酬率_平均,20240331,1.236373
002803,吉宏股份,盈利能力,毛利率,20240331,40.617677
002803,吉宏股份,盈利能力,销售净利率,20240331,2.985808
002803,吉宏股份,盈利能力,成本费用利润率,20240331,3.885569
002803,吉宏股份,盈利能力,营业利润率,20240331,3.746389
002803,吉宏股份,盈利能力,总资产净利率_平均,20240331,1.24039
002803,吉宏股份,盈利能力,总资产净利率_平均(含少数股东损益),20240331,1.145937
002803,吉宏股份,成长能力,归母净利润,20240331,42805333.83
002803,吉宏股份,成长能力,营业总收入,20240331,1324458336.45
002803,吉宏股份,成长能力,净利润,20240331,39545790.56
002803,吉宏股份,成长能力,扣非净利润,20240331,38250949.78
002803,吉宏股份,成长能力,营业总收入增长率,20240331,-3.746331
002803,吉宏股份,成长能力,归属母公司净利润增长率,20240331,-39.223551
002803,吉宏股份,收益质量,经营活动净现金/销售收入,20240331,-0.119078
002803,吉宏股份,收益质量,经营性现金净流量/营业总收入,20240331,-0.119078
002803,吉宏股份,收益质量,成本费用率,20240331,96.651786
002803,吉宏股份,收益质量,期间费用率,20240331,37.269464
002803,吉宏股份,收益质量,销售成本率,20240331,59.382322
002803,吉宏股份,收益质量,经营活动净现金/归属母公司的净利润,20240331,-3.684466
002803,吉宏股份,收益质量,所得税/利润总额,20240331,20.494467
002803,吉宏股份,财务风险,流动比率,20240331,2.399347
002803,吉宏股份,财务风险,速动比率,20240331,1.85861
002803,吉宏股份,财务风险,保守速动比率,20240331,1.589324
002803,吉宏股份,财务风险,资产负债率,20240331,31.355537
002803,吉宏股份,财务风险,权益乘数,20240331,1.516356
002803,吉宏股份,财务风险,权益乘数(含少数股权的净资产),20240331,1.456781
002803,吉宏股份,财务风险,产权比率,20240331,45.769698
002803,吉宏股份,财务风险,现金比率,20240331,0.997003
002803,吉宏股份,营运能力,应收账款周转率,20240331,2.770829
002803,吉宏股份,营运能力,应收账款周转天数,20240331,32.481245
002803,吉宏股份,营运能力,存货周转率,20240331,1.765469
002803,吉宏股份,营运能力,存货周转天数,20240331,50.977937
002803,吉宏股份,营运能力,总资产周转率,20240331,0.383794
002803,吉宏股份,营运能力,总资产周转天数,20240331,234.500356
002803,吉宏股份,营运能力,流动资产周转率,20240331,0.632891
002803,吉宏股份,营运能力,流动资产周转天数,20240331,142.204578
002803,吉宏股份,营运能力,应付账款周转率,20240331,1.971535
002803,吉宏股份,常用指标,归母净利润,20231231,345098588.03
002803,吉宏股份,常用指标,营业总收入,20231231,6694680652.34
002803,吉宏股份,常用指标,营业成本,20231231,6294061771.51
002803,吉宏股份,常用指标,净利润,20231231,332121542.56
002803,吉宏股份,常用指标,扣非净利润,20231231,325288578.14
002803,吉宏股份,常用指标,股东权益合计(净资产),20231231,2312853676.94
002803,吉宏股份,常用指标,商誉,20231231,9585684.07
002803,吉宏股份,常用指标,经营现金流量净额,20231231,725599756.59
002803,吉宏股份,常用指标,基本每股收益,20231231,0.92
002803,吉宏股份,常用指标,每股净资产,20231231,5.922968
002803,吉宏股份,常用指标,每股现金流,20231231,1.884629
002803,吉宏股份,常用指标,净资产收益率(ROE),20231231,15.84
002803,吉宏股份,常用指标,总资产报酬率(ROA),20231231,11.711216
002803,吉宏股份,常用指标,毛利率,20231231,46.660427
002803,吉宏股份,常用指标,销售净利率,20231231,4.960976
002803,吉宏股份,常用指标,期间费用率,20231231,40.462307
002803,吉宏股份,常用指标,资产负债率,20231231,35.513603
002803,吉宏股份,每股指标,基本每股收益,20231231,0.92
002803,吉宏股份,每股指标,稀释每股收益,20231231,0.92
002803,吉宏股份,每股指标,摊薄每股收益_最新股数,20231231,0.753627
002803,吉宏股份,每股指标,摊薄每股净资产_期末股数,20231231,5.922968
002803,吉宏股份,每股指标,调整每股净资产_期末股数,20231231,5.506606
002803,吉宏股份,每股指标,每股净资产_最新股数,20231231,4.979939
002803,吉宏股份,每股指标,每股经营现金流,20231231,1.884629
002803,吉宏股份,每股指标,每股现金流量净额,20231231,0.545545
002803,吉宏股份,每股指标,每股企业自由现金流量,20231231,0.401065
002803,吉宏股份,每股指标,每股股东自由现金流量,20231231,0.261983
002803,吉宏股份,每股指标,每股未分配利润,20231231,4.327326
002803,吉宏股份,每股指标,每股资本公积金,20231231,0.617016
002803,吉宏股份,每股指标,每股盈余公积金,20231231,0.204524
002803,吉宏股份,每股指标,每股留存收益,20231231,4.531851
002803,吉宏股份,每股指标,每股营业收入,20231231,17.388361
002803,吉宏股份,每股指标,每股营业总收入,20231231,17.388361
002803,吉宏股份,每股指标,每股息税前利润,20231231,1.038617
002803,吉宏股份,盈利能力,净资产收益率(ROE),20231231,15.84
002803,吉宏股份,盈利能力,摊薄净资产收益率,20231231,15.133261
002803,吉宏股份,盈利能力,净资产收益率_平均,20231231,15.773722
002803,吉宏股份,盈利能力,净资产收益率_平均_扣除非经常损益,20231231,14.868249
002803,吉宏股份,盈利能力,摊薄净资产收益率_扣除非经常损益,20231231,14.264553
002803,吉宏股份,盈利能力,息税前利润率,20231231,5.973059
002803,吉宏股份,盈利能力,总资产报酬率,20231231,11.711216
002803,吉宏股份,盈利能力,总资本回报率,20231231,15.643895
002803,吉宏股份,盈利能力,投入资本回报率,20231231,14.025562
002803,吉宏股份,盈利能力,息前税后总资产报酬率_平均,20231231,10.152498
002803,吉宏股份,盈利能力,毛利率,20231231,46.660427
002803,吉宏股份,盈利能力,销售净利率,20231231,4.960976
002803,吉宏股份,盈利能力,成本费用利润率,20231231,6.154162
002803,吉宏股份,盈利能力,营业利润率,20231231,5.772503
002803,吉宏股份,盈利能力,总资产净利率_平均,20231231,10.106912
002803,吉宏股份,盈利能力,总资产净利率_平均(含少数股东损益),20231231,9.726853
002803,吉宏股份,成长能力,归母净利润,20231231,345098588.03
002803,吉宏股份,成长能力,营业总收入,20231231,6694680652.34
002803,吉宏股份,成长能力,净利润,20231231,332121542.56
002803,吉宏股份,成长能力,扣非净利润,20231231,325288578.14
002803,吉宏股份,成长能力,营业总收入增长率,20231231,24.531725
002803,吉宏股份,成长能力,归属母公司净利润增长率,20231231,87.574073
002803,吉宏股份,收益质量,经营活动净现金/销售收入,20231231,0.108384
002803,吉宏股份,收益质量,经营性现金净流量/营业总收入,20231231,0.108384
002803,吉宏股份,收益质量,成本费用率,20231231,93.801879
002803,吉宏股份,收益质量,期间费用率,20231231,40.462307
002803,吉宏股份,收益质量,销售成本率,20231231,53.339572
002803,吉宏股份,收益质量,经营活动净现金/归属母公司的净利润,20231231,2.102586
002803,吉宏股份,收益质量,所得税/利润总额,20231231,14.061718
002803,吉宏股份,财务风险,流动比率,20231231,2.217987
002803,吉宏股份,财务风险,速动比率,20231231,1.769537
002803,吉宏股份,财务风险,保守速动比率,20231231,1.601143
002803,吉宏股份,财务风险,资产负债率,20231231,35.513603
002803,吉宏股份,财务风险,权益乘数,20231231,1.560686
002803,吉宏股份,财务风险,权益乘数(含少数股权的净资产),20231231,1.550714
002803,吉宏股份,财务风险,产权比率,20231231,55.855271
002803,吉宏股份,财务风险,现金比率,20231231,1.127558
002803,吉宏股份,营运能力,应收账款周转率,20231231,14.055718
002803,吉宏股份,营运能力,应收账款周转天数,20231231,25.612351
002803,吉宏股份,营运能力,存货周转率,20231231,7.599755
002803,吉宏股份,营运能力,存货周转天数,20231231,47.369946
002803,吉宏股份,营运能力,总资产周转率,20231231,1.960673
002803,吉宏股份,营运能力,总资产周转天数,20231231,183.610409
002803,吉宏股份,营运能力,流动资产周转率,20231231,3.04505
002803,吉宏股份,营运能力,流动资产周转天数,20231231,118.224634
002803,吉宏股份,营运能力,应付账款周转率,20231231,8.013982
002803,吉宏股份,常用指标,归母净利润,20230930,320713765.83
002803,吉宏股份,常用指标,营业总收入,20230930,4930619888.5
002803,吉宏股份,常用指标,营业成本,20230930,4566029288.2
002803,吉宏股份,常用指标,净利润,20230930,304973699.51
002803,吉宏股份,常用指标,扣非净利润,20230930,300209494.69
002803,吉宏股份,常用指标,股东权益合计(净资产),20230930,2283427174.86
002803,吉宏股份,常用指标,商誉,20230930,10138425.0
002803,吉宏股份,常用指标,经营现金流量净额,20230930,291127485.25
002803,吉宏股份,常用指标,基本每股收益,20230930,0.85
002803,吉宏股份,常用指标,每股净资产,20230930,5.96825
002803,吉宏股份,常用指标,每股现金流,20230930,0.695668
002803,吉宏股份,常用指标,净资产收益率(ROE),20230930,14.61
002803,吉宏股份,常用指标,总资产报酬率(ROA),20230930,11.118509
002803,吉宏股份,常用指标,毛利率,20230930,47.295956
002803,吉宏股份,常用指标,销售净利率,20230930,6.185301
002803,吉宏股份,常用指标,期间费用率,20230930,39.681783
002803,吉宏股份,常用指标,资产负债率,20230930,30.353351
002803,吉宏股份,每股指标,基本每股收益,20230930,0.85
002803,吉宏股份,每股指标,稀释每股收益,20230930,0.85
002803,吉宏股份,每股指标,摊薄每股收益_最新股数,20230930,0.700375
002803,吉宏股份,每股指标,摊薄每股净资产_期末股数,20230930,5.96825
002803,吉宏股份,每股指标,调整每股净资产_期末股数,20230930,5.543875
002803,吉宏股份,每股指标,每股净资产_最新股数,20230930,4.93199
002803,吉宏股份,每股指标,每股经营现金流,20230930,0.695668
002803,吉宏股份,每股指标,每股现金流量净额,20230930,-0.457235
002803,吉宏股份,每股指标,每股企业自由现金流量,20230930,
002803,吉宏股份,每股指标,每股股东自由现金流量,20230930,
002803,吉宏股份,每股指标,每股未分配利润,20230930,4.361745
002803,吉宏股份,每股指标,每股资本公积金,20230930,0.451251
002803,吉宏股份,每股指标,每股盈余公积金,20230930,0.184707
002803,吉宏股份,每股指标,每股留存收益,20230930,4.546453
002803,吉宏股份,每股指标,每股营业收入,20230930,13.029859
002803,吉宏股份,每股指标,每股营业总收入,20230930,13.029859
002803,吉宏股份,每股指标,每股息税前利润,20230930,0.958003
002803,吉宏股份,盈利能力,净资产收益率(ROE),20230930,14.61
002803,吉宏股份,盈利能力,摊薄净资产收益率,20230930,14.200668
002803,吉宏股份,盈利能力,净资产收益率_平均,20230930,14.733074
002803,吉宏股份,盈利能力,净资产收益率_平均_扣除非经常损益,20230930,13.791141
002803,吉宏股份,盈利能力,摊薄净资产收益率_扣除非经常损益,20230930,13.292774
002803,吉宏股份,盈利能力,息税前利润率,20230930,7.352373
002803,吉宏股份,盈利能力,总资产报酬率,20230930,11.118509
002803,吉宏股份,盈利能力,总资本回报率,20230930,14.241677
002803,吉宏股份,盈利能力,投入资本回报率,20230930,13.008999
002803,吉宏股份,盈利能力,息前税后总资产报酬率_平均,20230930,9.673403
002803,吉宏股份,盈利能力,毛利率,20230930,47.295956
002803,吉宏股份,盈利能力,销售净利率,20230930,6.185301
002803,吉宏股份,盈利能力,成本费用利润率,20230930,7.729445
002803,吉宏股份,盈利能力,营业利润率,20230930,7.143914
002803,吉宏股份,盈利能力,总资产净利率_平均,20230930,9.836376
002803,吉宏股份,盈利能力,总资产净利率_平均(含少数股东损益),20230930,9.353624
002803,吉宏股份,成长能力,归母净利润,20230930,320713765.83
002803,吉宏股份,成长能力,营业总收入,20230930,4930619888.5
002803,吉宏股份,成长能力,净利润,20230930,304973699.51
002803,吉宏股份,成长能力,扣非净利润,20230930,300209494.69
002803,吉宏股份,成长能力,营业总收入增长率,20230930,25.253995
002803,吉宏股份,成长能力,归属母公司净利润增长率,20230930,61.410221
002803,吉宏股份,收益质量,经营活动净现金/销售收入,20230930,0.05339
002803,吉宏股份,收益质量,经营性现金净流量/营业总收入,20230930,0.05339
002803,吉宏股份,收益质量,成本费用率,20230930,92.385827
002803,吉宏股份,收益质量,期间费用率,20230930,39.681783
002803,吉宏股份,收益质量,销售成本率,20230930,52.704043
002803,吉宏股份,收益质量,经营活动净现金/归属母公司的净利润,20230930,0.820817
002803,吉宏股份,收益质量,所得税/利润总额,20230930,13.38219
002803,吉宏股份,财务风险,流动比率,20230930,2.894831
002803,吉宏股份,财务风险,速动比率,20230930,2.340859
002803,吉宏股份,财务风险,保守速动比率,20230930,2.016424
002803,吉宏股份,财务风险,资产负债率,20230930,30.353351
002803,吉宏股份,财务风险,权益乘数,20230930,1.497815
002803,吉宏股份,财务风险,权益乘数(含少数股权的净资产),20230930,1.435819
002803,吉宏股份,财务风险,产权比率,20230930,44.064087
002803,吉宏股份,财务风险,现金比率,20230930,1.217264
002803,吉宏股份,营运能力,应收账款周转率,20230930,9.253559
002803,吉宏股份,营运能力,应收账款周转天数,20230930,29.177961
002803,吉宏股份,营运能力,存货周转率,20230930,5.805623
002803,吉宏股份,营运能力,存货周转天数,20230930,46.506635
002803,吉宏股份,营运能力,总资产周转率,20230930,1.512234
002803,吉宏股份,营运能力,总资产周转天数,20230930,178.543776
002803,吉宏股份,营运能力,流动资产周转率,20230930,2.297611
002803,吉宏股份,营运能力,流动资产周转天数,20230930,117.513343
002803,吉宏股份,营运能力,应付账款周转率,20230930,6.371658
002803,吉宏股份,常用指标,归母净利润,20230630,189450246.22
002803,吉宏股份,常用指标,营业总收入,20230630,3144199178.37
002803,吉宏股份,常用指标,营业成本,20230630,2924048546.22
002803,吉宏股份,常用指标,净利润,20230630,176636026.24
002803,吉宏股份,常用指标,扣非净利润,20230630,176245168.96
002803,吉宏股份,常用指标,股东权益合计(净资产),20230630,2224819984.66
002803,吉宏股份,常用指标,商誉,20230630,10192732.73
002803,吉宏股份,常用指标,经营现金流量净额,20230630,286651602.92
002803,吉宏股份,常用指标,基本每股收益,20230630,0.5
002803,吉宏股份,常用指标,每股净资产,20230630,5.807212
002803,吉宏股份,常用指标,每股现金流,20230630,0.709488
002803,吉宏股份,常用指标,净资产收益率(ROE),20230630,8.84
002803,吉宏股份,常用指标,总资产报酬率(ROA),20230630,6.560352
002803,吉宏股份,常用指标,毛利率,20230630,46.931414
002803,吉宏股份,常用指标,销售净利率,20230630,5.617838
002803,吉宏股份,常用指标,期间费用率,20230630,39.701788
002803,吉宏股份,常用指标,资产负债率,20230630,32.021161
002803,吉宏股份,每股指标,基本每股收益,20230630,0.5
002803,吉宏股份,每股指标,稀释每股收益,20230630,0.5
002803,吉宏股份,每股指标,摊薄每股收益_最新股数,20230630,0.413721
002803,吉宏股份,每股指标,摊薄每股净资产_期末股数,20230630,5.807212
002803,吉宏股份,每股指标,调整每股净资产_期末股数,20230630,5.378743
002803,吉宏股份,每股指标,每股净资产_最新股数,20230630,4.798913
002803,吉宏股份,每股指标,每股经营现金流,20230630,0.709488
002803,吉宏股份,每股指标,每股现金流量净额,20230630,-0.095905
002803,吉宏股份,每股指标,每股企业自由现金流量,20230630,-0.154837
002803,吉宏股份,每股指标,每股股东自由现金流量,20230630,-0.216336
002803,吉宏股份,每股指标,每股未分配利润,20230630,4.214863
002803,吉宏股份,每股指标,每股资本公积金,20230630,0.438858
002803,吉宏股份,每股指标,每股盈余公积金,20230630,0.184707
002803,吉宏股份,每股指标,每股留存收益,20230630,4.39957
002803,吉宏股份,每股指标,每股营业收入,20230630,8.30899
002803,吉宏股份,每股指标,每股营业总收入,20230630,8.30899
002803,吉宏股份,每股指标,每股息税前利润,20230630,0.564758
002803,吉宏股份,盈利能力,净资产收益率(ROE),20230630,8.84
002803,吉宏股份,盈利能力,摊薄净资产收益率,20230630,8.621159
002803,吉宏股份,盈利能力,净资产收益率_平均,20230630,8.826585
002803,吉宏股份,盈利能力,净资产收益率_平均_扣除非经常损益,20230630,8.211353
002803,吉宏股份,盈利能力,摊薄净资产收益率_扣除非经常损益,20230630,8.020246
002803,吉宏股份,盈利能力,息税前利润率,20230630,6.79696
002803,吉宏股份,盈利能力,总资产报酬率,20230630,6.560352
002803,吉宏股份,盈利能力,总资本回报率,20230630,8.557025
002803,吉宏股份,盈利能力,投入资本回报率,20230630,7.893918
002803,吉宏股份,盈利能力,息前税后总资产报酬率_平均,20230630,5.658609
002803,吉宏股份,盈利能力,毛利率,20230630,46.931414
002803,吉宏股份,盈利能力,销售净利率,20230630,5.617838
002803,吉宏股份,盈利能力,成本费用利润率,20230630,7.062711
002803,吉宏股份,盈利能力,营业利润率,20230630,6.561667
002803,吉宏股份,盈利能力,总资产净利率_平均,20230630,5.81564
002803,吉宏股份,盈利能力,总资产净利率_平均(含少数股东损益),20230630,5.422276
002803,吉宏股份,成长能力,归母净利润,20230630,189450246.22
002803,吉宏股份,成长能力,营业总收入,20230630,3144199178.37
002803,吉宏股份,成长能力,净利润,20230630,176636026.24
002803,吉宏股份,成长能力,扣非净利润,20230630,176245168.96
002803,吉宏股份,成长能力,营业总收入增长率,20230630,19.953136
002803,吉宏股份,成长能力,归属母公司净利润增长率,20230630,64.302714
002803,吉宏股份,收益质量,经营活动净现金/销售收入,20230630,0.085388
002803,吉宏股份,收益质量,经营性现金净流量/营业总收入,20230630,0.085388
002803,吉宏股份,收益质量,成本费用率,20230630,92.770373
002803,吉宏股份,收益质量,期间费用率,20230630,39.701788
002803,吉宏股份,收益质量,销售成本率,20230630,53.068585
002803,吉宏股份,收益质量,经营活动净现金/归属母公司的净利润,20230630,1.417136
002803,吉宏股份,收益质量,所得税/利润总额,20230630,14.259017
002803,吉宏股份,财务风险,流动比率,20230630,2.630085
002803,吉宏股份,财务风险,速动比率,20230630,2.133422
002803,吉宏股份,财务风险,保守速动比率,20230630,1.878271
002803,吉宏股份,财务风险,资产负债率,20230630,32.021161
002803,吉宏股份,财务风险,权益乘数,20230630,1.517732
002803,吉宏股份,财务风险,权益乘数(含少数股权的净资产),20230630,1.471046
002803,吉宏股份,财务风险,产权比率,20230630,47.690152
002803,吉宏股份,财务风险,现金比率,20230630,1.230574
002803,吉宏股份,营运能力,应收账款周转率,20230630,6.284983
002803,吉宏股份,营运能力,应收账款周转天数,20230630,28.639695
002803,吉宏股份,营运能力,存货周转率,20230630,3.753917
002803,吉宏股份,营运能力,存货周转天数,20230630,47.949912
002803,吉宏股份,营运能力,总资产周转率,20230630,0.965189
002803,吉宏股份,营运能力,总资产周转天数,20230630,186.491942
002803,吉宏股份,营运能力,流动资产周转率,20230630,1.466604
002803,吉宏股份,营运能力,流动资产周转天数,20230630,122.7325
002803,吉宏股份,营运能力,应付账款周转率,20230630,4.003627
002803,吉宏股份,常用指标,归母净利润,20230331,70430791.12
002803,吉宏股份,常用指标,营业总收入,20230331,1376008156.67
002803,吉宏股份,常用指标,营业成本,20230331,1291464244.5
002803,吉宏股份,常用指标,净利润,20230331,67182582.15
002803,吉宏股份,常用指标,扣非净利润,20230331,64873331.25
002803,吉宏股份,常用指标,股东权益合计(净资产),20230331,2111930677.09
002803,吉宏股份,常用指标,商誉,20230331,9585684.07
002803,吉宏股份,常用指标,经营现金流量净额,20230331,31569774.96
002803,吉宏股份,常用指标,基本每股收益,20230331,0.19
002803,吉宏股份,常用指标,每股净资产,20230331,5.478679
002803,吉宏股份,常用指标,每股现金流,20230331,0.083427
002803,吉宏股份,常用指标,净资产收益率(ROE),20230331,3.3
002803,吉宏股份,常用指标,总资产报酬率(ROA),20230331,2.742445
002803,吉宏股份,常用指标,毛利率,20230331,45.623337
002803,吉宏股份,常用指标,销售净利率,20230331,4.882426
002803,吉宏股份,常用指标,期间费用率,20230331,39.207039
002803,吉宏股份,常用指标,资产负债率,20230331,33.379653
002803,吉宏股份,每股指标,基本每股收益,20230331,0.19
002803,吉宏股份,每股指标,稀释每股收益,20230331,0.19
002803,吉宏股份,每股指标,摊薄每股收益_最新股数,20230331,0.153806
002803,吉宏股份,每股指标,摊薄每股净资产_期末股数,20230331,5.478679
002803,吉宏股份,每股指标,调整每股净资产_期末股数,20230331,5.071835
002803,吉宏股份,每股指标,每股净资产_最新股数,20230331,4.527423
002803,吉宏股份,每股指标,每股经营现金流,20230331,0.083427
002803,吉宏股份,每股指标,每股现金流量净额,20230331,-0.113243
002803,吉宏股份,每股指标,每股企业自由现金流量,20230331,
002803,吉宏股份,每股指标,每股股东自由现金流量,20230331,
002803,吉宏股份,每股指标,每股未分配利润,20230331,3.900337
002803,吉宏股份,每股指标,每股资本公积金,20230331,0.426466
002803,吉宏股份,每股指标,每股盈余公积金,20230331,0.184707
002803,吉宏股份,每股指标,每股留存收益,20230331,4.085044
002803,吉宏股份,每股指标,每股营业收入,20230331,3.636295
002803,吉宏股份,每股指标,每股营业总收入,20230331,3.636295
002803,吉宏股份,每股指标,每股息税前利润,20230331,0.232365
002803,吉宏股份,盈利能力,净资产收益率(ROE),20230331,3.3
002803,吉宏股份,盈利能力,摊薄净资产收益率,20230331,3.397229
002803,吉宏股份,盈利能力,净资产收益率_平均,20230331,3.379273
002803,吉宏股份,盈利能力,净资产收益率_平均_扣除非经常损益,20230331,3.112625
002803,吉宏股份,盈利能力,摊薄净资产收益率_扣除非经常损益,20230331,3.129165
002803,吉宏股份,盈利能力,息税前利润率,20230331,6.390183
002803,吉宏股份,盈利能力,总资产报酬率,20230331,2.742445
002803,吉宏股份,盈利能力,总资本回报率,20230331,3.519503
002803,吉宏股份,盈利能力,投入资本回报率,20230331,2.944034
002803,吉宏股份,盈利能力,息前税后总资产报酬率_平均,20230331,2.192723
002803,吉宏股份,盈利能力,毛利率,20230331,45.623337
002803,吉宏股份,盈利能力,销售净利率,20230331,4.882426
002803,吉宏股份,盈利能力,成本费用利润率,20230331,6.585907
002803,吉宏股份,盈利能力,营业利润率,20230331,6.138055
002803,吉宏股份,盈利能力,总资产净利率_平均,20230331,2.196677
002803,吉宏股份,盈利能力,总资产净利率_平均(含少数股东损益),20230331,2.095368
002803,吉宏股份,成长能力,归母净利润,20230331,70430791.12
002803,吉宏股份,成长能力,营业总收入,20230331,1376008156.67
002803,吉宏股份,成长能力,净利润,20230331,67182582.15
002803,吉宏股份,成长能力,扣非净利润,20230331,64873331.25
002803,吉宏股份,成长能力,营业总收入增长率,20230331,14.41182
002803,吉宏股份,成长能力,归属母公司净利润增长率,20230331,64.302274
002803,吉宏股份,收益质量,经营活动净现金/销售收入,20230331,0.022943
002803,吉宏股份,收益质量,经营性现金净流量/营业总收入,20230331,0.022943
002803,吉宏股份,收益质量,成本费用率,20230331,93.583701
002803,吉宏股份,收益质量,期间费用率,20230331,39.207039
002803,吉宏股份,收益质量,销售成本率,20230331,54.376662
002803,吉宏股份,收益质量,经营活动净现金/归属母公司的净利润,20230331,0.448238
002803,吉宏股份,收益质量,所得税/利润总额,20230331,20.782734
002803,吉宏股份,财务风险,流动比率,20230331,2.366385
002803,吉宏股份,财务风险,速动比率,20230331,1.881402
002803,吉宏股份,财务风险,保守速动比率,20230331,1.600786
002803,吉宏股份,财务风险,资产负债率,20230331,33.379653
002803,吉宏股份,财务风险,权益乘数,20230331,1.538356
002803,吉宏股份,财务风险,权益乘数(含少数股权的净资产),20230331,1.501042
002803,吉宏股份,财务风险,产权比率,20230331,51.040735
002803,吉宏股份,财务风险,现金比率,20230331,1.043565
002803,吉宏股份,营运能力,应收账款周转率,20230331,2.866627
002803,吉宏股份,营运能力,应收账款周转天数,20230331,31.395781
002803,吉宏股份,营运能力,存货周转率,20230331,1.647277
002803,吉宏股份,营运能力,存货周转天数,20230331,54.635605
002803,吉宏股份,营运能力,总资产周转率,20230331,0.429165
002803,吉宏股份,营运能力,总资产周转天数,20230331,209.709349
002803,吉宏股份,营运能力,流动资产周转率,20230331,0.653066
002803,吉宏股份,营运能力,流动资产周转天数,20230331,137.811286
002803,吉宏股份,营运能力,应付账款周转率,20230331,1.866133
002803,吉宏股份,常用指标,归母净利润,20221231,183979897.51
002803,吉宏股份,常用指标,营业总收入,20221231,5375883625.69
002803,吉宏股份,常用指标,营业成本,20221231,5087737527.32
002803,吉宏股份,常用指标,净利润,20221231,171578572.49
002803,吉宏股份,常用指标,扣非净利润,20221231,169317499.85
002803,吉宏股份,常用指标,股东权益合计(净资产),20221231,2137164582.02
002803,吉宏股份,常用指标,商誉,20221231,9585684.07
002803,吉宏股份,常用指标,经营现金流量净额,20221231,390955098.53
002803,吉宏股份,常用指标,基本每股收益,20221231,0.48
002803,吉宏股份,常用指标,每股净资产,20221231,5.536903
002803,吉宏股份,常用指标,每股现金流,20221231,0.985285
002803,吉宏股份,常用指标,净资产收益率(ROE),20221231,9.39
002803,吉宏股份,常用指标,总资产报酬率(ROA),20221231,7.61151
002803,吉宏股份,常用指标,毛利率,20221231,40.688266
002803,吉宏股份,常用指标,销售净利率,20221231,3.191634
002803,吉宏股份,常用指标,期间费用率,20221231,35.075154
002803,吉宏股份,常用指标,资产负债率,20221231,34.086656
002803,吉宏股份,每股指标,基本每股收益,20221231,0.48
002803,吉宏股份,每股指标,稀释每股收益,20221231,0.48
002803,吉宏股份,每股指标,摊薄每股收益_最新股数,20221231,0.401775
002803,吉宏股份,每股指标,摊薄每股净资产_期末股数,20221231,5.536903
002803,吉宏股份,每股指标,调整每股净资产_期末股数,20221231,5.123777
002803,吉宏股份,每股指标,每股净资产_最新股数,20221231,4.575538
002803,吉宏股份,每股指标,每股经营现金流,20221231,0.985285
002803,吉宏股份,每股指标,每股现金流量净额,20221231,0.489467
002803,吉宏股份,每股指标,每股企业自由现金流量,20221231,-0.016042
002803,吉宏股份,每股指标,每股股东自由现金流量,20221231,0.194986
002803,吉宏股份,每股指标,每股未分配利润,20221231,3.977214
002803,吉宏股份,每股指标,每股资本公积金,20221231,0.414074
002803,吉宏股份,每股指标,每股盈余公积金,20221231,0.184707
002803,吉宏股份,每股指标,每股留存收益,20221231,4.161921
002803,吉宏股份,每股指标,每股营业收入,20221231,14.206531
002803,吉宏股份,每股指标,每股营业总收入,20221231,14.206531
002803,吉宏股份,每股指标,每股息税前利润,20221231,0.622231
002803,吉宏股份,盈利能力,净资产收益率(ROE),20221231,9.39
002803,吉宏股份,盈利能力,摊薄净资产收益率,20221231,8.780952
002803,吉宏股份,盈利能力,净资产收益率_平均,20221231,9.287186
002803,吉宏股份,盈利能力,净资产收益率_平均_扣除非经常损益,20221231,8.547038
002803,吉宏股份,盈利能力,摊薄净资产收益率_扣除非经常损益,20221231,8.081148
002803,吉宏股份,盈利能力,息税前利润率,20221231,4.379894
002803,吉宏股份,盈利能力,总资产报酬率,20221231,7.61151
002803,吉宏股份,盈利能力,总资本回报率,20221231,10.118991
002803,吉宏股份,盈利能力,投入资本回报率,20221231,8.835117
002803,吉宏股份,盈利能力,息前税后总资产报酬率_平均,20221231,6.243758
002803,吉宏股份,盈利能力,毛利率,20221231,40.688266
002803,吉宏股份,盈利能力,销售净利率,20221231,3.191634
002803,吉宏股份,盈利能力,成本费用利润率,20221231,4.215289
002803,吉宏股份,盈利能力,营业利润率,20221231,3.988461
002803,吉宏股份,盈利能力,总资产净利率_平均,20221231,5.947407
002803,吉宏股份,盈利能力,总资产净利率_平均(含少数股东损益),20221231,5.546517
002803,吉宏股份,成长能力,归母净利润,20221231,183979897.51
002803,吉宏股份,成长能力,营业总收入,20221231,5375883625.69
002803,吉宏股份,成长能力,净利润,20221231,171578572.49
002803,吉宏股份,成长能力,扣非净利润,20221231,169317499.85
002803,吉宏股份,成长能力,营业总收入增长率,20221231,3.828497
002803,吉宏股份,成长能力,归属母公司净利润增长率,20221231,-19.050556
002803,吉宏股份,收益质量,经营活动净现金/销售收入,20221231,0.069354
002803,吉宏股份,收益质量,经营性现金净流量/营业总收入,20221231,0.069354
002803,吉宏股份,收益质量,成本费用率,20221231,94.386888
002803,吉宏股份,收益质量,期间费用率,20221231,35.075154
002803,吉宏股份,收益质量,销售成本率,20221231,59.311733
002803,吉宏股份,收益质量,经营活动净现金/归属母公司的净利润,20221231,2.026532
002803,吉宏股份,收益质量,所得税/利润总额,20221231,19.781584
002803,吉宏股份,财务风险,流动比率,20221231,2.151369
002803,吉宏股份,财务风险,速动比率,20221231,1.665446
002803,吉宏股份,财务风险,保守速动比率,20221231,1.461817
002803,吉宏股份,财务风险,资产负债率,20221231,34.086656
002803,吉宏股份,财务风险,权益乘数,20221231,1.561552
002803,吉宏股份,财务风险,权益乘数(含少数股权的净资产),20221231,1.517143
002803,吉宏股份,财务风险,产权比率,20221231,52.749732
002803,吉宏股份,财务风险,现金比率,20221231,0.987641
002803,吉宏股份,营运能力,应收账款周转率,20221231,11.977523
002803,吉宏股份,营运能力,应收账款周转天数,20221231,30.056296
002803,吉宏股份,营运能力,存货周转率,20221231,7.040927
002803,吉宏股份,营运能力,存货周转天数,20221231,51.129625
002803,吉宏股份,营运能力,总资产周转率,20221231,1.737829
002803,吉宏股份,营运能力,总资产周转天数,20221231,207.154956
002803,吉宏股份,营运能力,流动资产周转率,20221231,2.636361
002803,吉宏股份,营运能力,流动资产周转天数,20221231,136.551857
002803,吉宏股份,营运能力,应付账款周转率,20221231,9.132645
002803,吉宏股份,常用指标,归母净利润,20220930,198694830.18
002803,吉宏股份,常用指标,营业总收入,20220930,3936497092.18
002803,吉宏股份,常用指标,营业成本,20220930,3717094757.65
002803,吉宏股份,常用指标,净利润,20220930,191255898.02
002803,吉宏股份,常用指标,扣非净利润,20220930,180621194.48
002803,吉宏股份,常用指标,股东权益合计(净资产),20220930,2117318917.68
002803,吉宏股份,常用指标,商誉,20220930,1665318.16
002803,吉宏股份,常用指标,经营现金流量净额,20220930,261427420.02
002803,吉宏股份,常用指标,基本每股收益,20220930,0.53
002803,吉宏股份,常用指标,每股净资产,20220930,5.480774
002803,吉宏股份,常用指标,每股现金流,20220930,0.690858
002803,吉宏股份,常用指标,净资产收益率(ROE),20220930,10.1
002803,吉宏股份,常用指标,总资产报酬率(ROA),20220930,8.127328
002803,吉宏股份,常用指标,毛利率,20220930,40.597158
002803,吉宏股份,常用指标,销售净利率,20220930,4.85853
002803,吉宏股份,常用指标,期间费用率,20220930,34.773293
002803,吉宏股份,常用指标,资产负债率,20220930,32.172381
002803,吉宏股份,每股指标,基本每股收益,20220930,0.53
002803,吉宏股份,每股指标,稀释每股收益,20220930,0.53
002803,吉宏股份,每股指标,摊薄每股收益_最新股数,20220930,0.43391
002803,吉宏股份,每股指标,摊薄每股净资产_期末股数,20220930,5.480774
002803,吉宏股份,每股指标,调整每股净资产_期末股数,20220930,5.122496
002803,吉宏股份,每股指标,每股净资产_最新股数,20220930,4.529154
002803,吉宏股份,每股指标,每股经营现金流,20220930,0.690858
002803,吉宏股份,每股指标,每股现金流量净额,20220930,0.150802
002803,吉宏股份,每股指标,每股企业自由现金流量,20220930,
002803,吉宏股份,每股指标,每股股东自由现金流量,20220930,
002803,吉宏股份,每股指标,每股未分配利润,20220930,4.018391
002803,吉宏股份,每股指标,每股资本公积金,20220930,0.72986
002803,吉宏股份,每股指标,每股盈余公积金,20220930,0.184707
002803,吉宏股份,每股指标,每股留存收益,20220930,4.203098
002803,吉宏股份,每股指标,每股营业收入,20220930,10.402749
002803,吉宏股份,每股指标,每股营业总收入,20220930,10.402749
002803,吉宏股份,每股指标,每股息税前利润,20220930,0.651429
002803,吉宏股份,盈利能力,净资产收益率(ROE),20220930,10.1
002803,吉宏股份,盈利能力,摊薄净资产收益率,20220930,9.580382
002803,吉宏股份,盈利能力,净资产收益率_平均,20220930,10.084046
002803,吉宏股份,盈利能力,净资产收益率_平均_扣除非经常损益,20220930,9.166783
002803,吉宏股份,盈利能力,摊薄净资产收益率_扣除非经常损益,20220930,8.708933
002803,吉宏股份,盈利能力,息税前利润率,20220930,6.26209
002803,吉宏股份,盈利能力,总资产报酬率,20220930,8.127328
002803,吉宏股份,盈利能力,总资本回报率,20220930,10.852835
002803,吉宏股份,盈利能力,投入资本回报率,20220930,9.364792
002803,吉宏股份,盈利能力,息前税后总资产报酬率_平均,20220930,6.766498
002803,吉宏股份,盈利能力,毛利率,20220930,40.597158
002803,吉宏股份,盈利能力,销售净利率,20220930,4.85853
002803,吉宏股份,盈利能力,成本费用利润率,20220930,6.272339
002803,吉宏股份,盈利能力,营业利润率,20220930,5.908279
002803,吉宏股份,盈利能力,总资产净利率_平均,20220930,6.550962
002803,吉宏股份,盈利能力,总资产净利率_平均(含少数股东损益),20220930,6.3057
002803,吉宏股份,成长能力,归母净利润,20220930,198694830.18
002803,吉宏股份,成长能力,营业总收入,20220930,3936497092.18
002803,吉宏股份,成长能力,净利润,20220930,191255898.02
002803,吉宏股份,成长能力,扣非净利润,20220930,180621194.48
002803,吉宏股份,成长能力,营业总收入增长率,20220930,2.329038
002803,吉宏股份,成长能力,归属母公司净利润增长率,20220930,-19.817737
002803,吉宏股份,收益质量,经营活动净现金/销售收入,20220930,0.066411
002803,吉宏股份,收益质量,经营性现金净流量/营业总收入,20220930,0.066411
002803,吉宏股份,收益质量,成本费用率,20220930,94.176134
002803,吉宏股份,收益质量,期间费用率,20220930,34.773293
002803,吉宏股份,收益质量,销售成本率,20220930,59.402841
002803,吉宏股份,收益质量,经营活动净现金/归属母公司的净利润,20220930,1.315723
002803,吉宏股份,收益质量,所得税/利润总额,20220930,17.750272
002803,吉宏股份,财务风险,流动比率,20220930,2.199319
002803,吉宏股份,财务风险,速动比率,20220930,1.761421
002803,吉宏股份,财务风险,保守速动比率,20220930,1.462879
002803,吉宏股份,财务风险,资产负债率,20220930,32.172381
002803,吉宏股份,财务风险,权益乘数,20220930,1.539322
002803,吉宏股份,财务风险,权益乘数(含少数股权的净资产),20220930,1.474325
002803,吉宏股份,财务风险,产权比率,20220930,48.423836
002803,吉宏股份,财务风险,现金比率,20220930,0.975192
002803,吉宏股份,营运能力,应收账款周转率,20220930,8.997812
002803,吉宏股份,营运能力,应收账款周转天数,20220930,30.007292
002803,吉宏股份,营运能力,存货周转率,20220930,5.665543
002803,吉宏股份,营运能力,存货周转天数,20220930,47.656505
002803,吉宏股份,营运能力,总资产周转率,20220930,1.297861
002803,吉宏股份,营运能力,总资产周转天数,20220930,208.034466
002803,吉宏股份,营运能力,流动资产周转率,20220930,1.986577
002803,吉宏股份,营运能力,流动资产周转天数,20220930,135.912168
002803,吉宏股份,营运能力,应付账款周转率,20220930,7.697459
002803,吉宏股份,常用指标,归母净利润,20220630,115305609.48
002803,吉宏股份,常用指标,营业总收入,20220630,2621189624.9
002803,吉宏股份,常用指标,营业成本,20220630,2493422297.25
002803,吉宏股份,常用指标,净利润,20220630,111802205.54
002803,吉宏股份,常用指标,扣非净利润,20220630,102216931.07
002803,吉宏股份,常用指标,股东权益合计(净资产),20220630,2032975685.18
002803,吉宏股份,常用指标,商誉,20220630,1665318.16
002803,吉宏股份,常用指标,经营现金流量净额,20220630,213202318.4
002803,吉宏股份,常用指标,基本每股收益,20220630,0.31
002803,吉宏股份,常用指标,每股净资产,20220630,5.247605
002803,吉宏股份,常用指标,每股现金流,20220630,0.563417
002803,吉宏股份,常用指标,净资产收益率(ROE),20220630,5.99
002803,吉宏股份,常用指标,总资产报酬率(ROA),20220630,4.937314
002803,吉宏股份,常用指标,毛利率,20220630,40.181269
002803,吉宏股份,常用指标,销售净利率,20220630,4.265323
002803,吉宏股份,常用指标,期间费用率,20220630,35.039112
002803,吉宏股份,常用指标,资产负债率,20220630,34.966693
002803,吉宏股份,每股指标,基本每股收益,20220630,0.31
002803,吉宏股份,每股指标,稀释每股收益,20220630,0.31
002803,吉宏股份,每股指标,摊薄每股收益_最新股数,20220630,0.251804
002803,吉宏股份,每股指标,摊薄每股净资产_期末股数,20220630,5.247605
002803,吉宏股份,每股指标,调整每股净资产_期末股数,20220630,4.910443
002803,吉宏股份,每股指标,每股净资产_最新股数,20220630,4.33647
002803,吉宏股份,每股指标,每股经营现金流,20220630,0.563417
002803,吉宏股份,每股指标,每股现金流量净额,20220630,0.440536
002803,吉宏股份,每股指标,每股企业自由现金流量,20220630,0.007345
002803,吉宏股份,每股指标,每股股东自由现金流量,20220630,0.41827
002803,吉宏股份,每股指标,每股未分配利润,20220630,3.798023
002803,吉宏股份,每股指标,每股资本公积金,20220630,0.72986
002803,吉宏股份,每股指标,每股盈余公积金,20220630,0.184707
002803,吉宏股份,每股指标,每股留存收益,20220630,3.98273
002803,吉宏股份,每股指标,每股营业收入,20220630,6.926863
002803,吉宏股份,每股指标,每股营业总收入,20220630,6.926863
002803,吉宏股份,每股指标,每股息税前利润,20220630,0.396029
002803,吉宏股份,盈利能力,净资产收益率(ROE),20220630,5.99
002803,吉宏股份,盈利能力,摊薄净资产收益率,20220630,5.806674
002803,吉宏股份,盈利能力,净资产收益率_平均,20220630,5.985948
002803,吉宏股份,盈利能力,净资产收益率_平均_扣除非经常损益,20220630,5.306466
002803,吉宏股份,盈利能力,摊薄净资产收益率_扣除非经常损益,20220630,5.147541
002803,吉宏股份,盈利能力,息税前利润率,20220630,5.717303
002803,吉宏股份,盈利能力,总资产报酬率,20220630,4.937314
002803,吉宏股份,盈利能力,总资本回报率,20220630,6.553618
002803,吉宏股份,盈利能力,投入资本回报率,20220630,5.479572
002803,吉宏股份,盈利能力,息前税后总资产报酬率_平均,20220630,4.01202
002803,吉宏股份,盈利能力,毛利率,20220630,40.181269
002803,吉宏股份,盈利能力,销售净利率,20220630,4.265323
002803,吉宏股份,盈利能力,成本费用利润率,20220630,5.626096
002803,吉宏股份,盈利能力,营业利润率,20220630,5.321218
002803,吉宏股份,盈利能力,总资产净利率_平均,20220630,3.798844
002803,吉宏股份,盈利能力,总资产净利率_平均(含少数股东损益),20220630,3.683421
002803,吉宏股份,成长能力,归母净利润,20220630,115305609.48
002803,吉宏股份,成长能力,营业总收入,20220630,2621189624.9
002803,吉宏股份,成长能力,净利润,20220630,111802205.54
002803,吉宏股份,成长能力,扣非净利润,20220630,102216931.07
002803,吉宏股份,成长能力,营业总收入增长率,20220630,5.219109
002803,吉宏股份,成长能力,归属母公司净利润增长率,20220630,-36.478041
002803,吉宏股份,收益质量,经营活动净现金/销售收入,20220630,0.081337
002803,吉宏股份,收益质量,经营性现金净流量/营业总收入,20220630,0.081337
002803,吉宏股份,收益质量,成本费用率,20220630,94.857842
002803,吉宏股份,收益质量,期间费用率,20220630,35.039112
002803,吉宏股份,收益质量,销售成本率,20220630,59.81873
002803,吉宏股份,收益质量,经营活动净现金/归属母公司的净利润,20220630,1.849019
002803,吉宏股份,收益质量,所得税/利润总额,20220630,20.077043
002803,吉宏股份,财务风险,流动比率,20220630,2.060726
002803,吉宏股份,财务风险,速动比率,20220630,1.655698
002803,吉宏股份,财务风险,保守速动比率,20220630,1.377696
002803,吉宏股份,财务风险,资产负债率,20220630,34.966693
002803,吉宏股份,财务风险,权益乘数,20220630,1.575728
002803,吉宏股份,财务风险,权益乘数(含少数股权的净资产),20220630,1.537673
002803,吉宏股份,财务风险,产权比率,20220630,55.046276
002803,吉宏股份,财务风险,现金比率,20220630,0.939255
002803,吉宏股份,营运能力,应收账款周转率,20220630,6.013177
002803,吉宏股份,营运能力,应收账款周转天数,20220630,29.934258
002803,吉宏股份,营运能力,存货周转率,20220630,3.759312
002803,吉宏股份,营运能力,存货周转天数,20220630,47.881091
002803,吉宏股份,营运能力,总资产周转率,20220630,0.863573
002803,吉宏股份,营运能力,总资产周转天数,20220630,208.436109
002803,吉宏股份,营运能力,流动资产周转率,20220630,1.299634
002803,吉宏股份,营运能力,流动资产周转天数,20220630,138.500466
002803,吉宏股份,营运能力,应付账款周转率,20220630,4.766202
002803,吉宏股份,常用指标,归母净利润,20220331,42866595.21
002803,吉宏股份,常用指标,营业总收入,20220331,1202680069.19
002803,吉宏股份,常用指标,营业成本,20220331,1156550667.65
002803,吉宏股份,常用指标,净利润,20220331,40056877.47
002803,吉宏股份,常用指标,扣非净利润,20220331,39026720.35
002803,吉宏股份,常用指标,股东权益合计(净资产),20220331,1955261411.96
002803,吉宏股份,常用指标,商誉,20220331,1665318.16
002803,吉宏股份,常用指标,经营现金流量净额,20220331,16301795.3
002803,吉宏股份,常用指标,基本每股收益,20220331,0.11
002803,吉宏股份,常用指标,每股净资产,20220331,5.047386
002803,吉宏股份,常用指标,每股现金流,20220331,0.043079
002803,吉宏股份,常用指标,净资产收益率(ROE),20220331,2.27
002803,吉宏股份,常用指标,总资产报酬率(ROA),20220331,1.892515
002803,吉宏股份,常用指标,毛利率,20220331,39.48865
002803,吉宏股份,常用指标,销售净利率,20220331,3.330634
002803,吉宏股份,常用指标,期间费用率,20220331,35.371811
002803,吉宏股份,常用指标,资产负债率,20220331,33.457039
002803,吉宏股份,每股指标,基本每股收益,20220331,0.11
002803,吉宏股份,每股指标,稀释每股收益,20220331,0.11
002803,吉宏股份,每股指标,摊薄每股收益_最新股数,20220331,0.093612
002803,吉宏股份,每股指标,摊薄每股净资产_期末股数,20220331,5.047386
002803,吉宏股份,每股指标,调整每股净资产_期末股数,20220331,4.707317
002803,吉宏股份,每股指标,每股净资产_最新股数,20220331,4.171015
002803,吉宏股份,每股指标,每股经营现金流,20220331,0.043079
002803,吉宏股份,每股指标,每股现金流量净额,20220331,-0.11804
002803,吉宏股份,每股指标,每股企业自由现金流量,20220331,
002803,吉宏股份,每股指标,每股股东自由现金流量,20220331,
002803,吉宏股份,每股指标,每股未分配利润,20220331,3.606593
002803,吉宏股份,每股指标,每股资本公积金,20220331,0.72986
002803,吉宏股份,每股指标,每股盈余公积金,20220331,0.184707
002803,吉宏股份,每股指标,每股留存收益,20220331,3.7913
002803,吉宏股份,每股指标,每股营业收入,20220331,3.178251
002803,吉宏股份,每股指标,每股营业总收入,20220331,3.178251
002803,吉宏股份,每股指标,每股息税前利润,20220331,0.147107
002803,吉宏股份,盈利能力,净资产收益率(ROE),20220331,2.27
002803,吉宏股份,盈利能力,摊薄净资产收益率,20220331,2.24435
002803,吉宏股份,盈利能力,净资产收益率_平均,20220331,2.270008
002803,吉宏股份,盈利能力,净资产收益率_平均_扣除非经常损益,20220331,2.066667
002803,吉宏股份,盈利能力,摊薄净资产收益率_扣除非经常损益,20220331,2.043307
002803,吉宏股份,盈利能力,息税前利润率,20220331,4.628575
002803,吉宏股份,盈利能力,总资产报酬率,20220331,1.892515
002803,吉宏股份,盈利能力,总资本回报率,20220331,2.48084
002803,吉宏股份,盈利能力,投入资本回报率,20220331,2.168555
002803,吉宏股份,盈利能力,息前税后总资产报酬率_平均,20220331,1.558474
002803,吉宏股份,盈利能力,毛利率,20220331,39.48865
002803,吉宏股份,盈利能力,销售净利率,20220331,3.330634
002803,吉宏股份,盈利能力,成本费用利润率,20220331,4.32569
002803,吉宏股份,盈利能力,营业利润率,20220331,4.087578
002803,吉宏股份,盈利能力,总资产净利率_平均,20220331,1.45734
002803,吉宏股份,盈利能力,总资产净利率_平均(含少数股东损益),20220331,1.361818
002803,吉宏股份,成长能力,归母净利润,20220331,42866595.21
002803,吉宏股份,成长能力,营业总收入,20220331,1202680069.19
002803,吉宏股份,成长能力,净利润,20220331,40056877.47
002803,吉宏股份,成长能力,扣非净利润,20220331,39026720.35
002803,吉宏股份,成长能力,营业总收入增长率,20220331,2.080648
002803,吉宏股份,成长能力,归属母公司净利润增长率,20220331,-53.557046
002803,吉宏股份,收益质量,经营活动净现金/销售收入,20220331,0.013554
002803,吉宏股份,收益质量,经营性现金净流量/营业总收入,20220331,0.013554
002803,吉宏股份,收益质量,成本费用率,20220331,95.88316
002803,吉宏股份,收益质量,期间费用率,20220331,35.371811
002803,吉宏股份,收益质量,销售成本率,20220331,60.511349
002803,吉宏股份,收益质量,经营活动净现金/归属母公司的净利润,20220331,0.380291
002803,吉宏股份,收益质量,所得税/利润总额,20220331,19.69747
002803,吉宏股份,财务风险,流动比率,20220331,2.113539
002803,吉宏股份,财务风险,速动比率,20220331,1.673095
002803,吉宏股份,财务风险,保守速动比率,20220331,1.292378
002803,吉宏股份,财务风险,资产负债率,20220331,33.457039
002803,吉宏股份,财务风险,权益乘数,20220331,1.557638
002803,吉宏股份,财务风险,权益乘数(含少数股权的净资产),20220331,1.502788
002803,吉宏股份,财务风险,产权比率,20220331,51.470909
002803,吉宏股份,财务风险,现金比率,20220331,0.820237
002803,吉宏股份,营运能力,应收账款周转率,20220331,2.821464
002803,吉宏股份,营运能力,应收账款周转天数,20220331,31.898333
002803,吉宏股份,营运能力,存货周转率,20220331,1.774533
002803,吉宏股份,营运能力,存货周转天数,20220331,50.717563
002803,吉宏股份,营运能力,总资产周转率,20220331,0.408876
002803,吉宏股份,营运能力,总资产周转天数,20220331,220.115394
002803,吉宏股份,营运能力,流动资产周转率,20220331,0.625157
002803,吉宏股份,营运能力,流动资产周转天数,20220331,143.963644
002803,吉宏股份,营运能力,应付账款周转率,20220331,2.384285
002803,吉宏股份,常用指标,归母净利润,20211231,227277532.35
002803,吉宏股份,常用指标,营业总收入,20211231,5177657129.4
002803,吉宏股份,常用指标,营业成本,20211231,4946292566.27
002803,吉宏股份,常用指标,净利润,20211231,208885932.67
002803,吉宏股份,常用指标,扣非净利润,20211231,201175097.67
002803,吉宏股份,常用指标,股东权益合计(净资产),20211231,1914613448.11
002803,吉宏股份,常用指标,商誉,20211231,1665318.16
002803,吉宏股份,常用指标,经营现金流量净额,20211231,235058261.5
002803,吉宏股份,常用指标,基本每股收益,20211231,0.6
002803,吉宏股份,常用指标,每股净资产,20211231,4.819839
002803,吉宏股份,常用指标,每股现金流,20211231,0.606633
002803,吉宏股份,常用指标,净资产收益率(ROE),20211231,12.5
002803,吉宏股份,常用指标,总资产报酬率(ROA),20211231,9.369275
002803,吉宏股份,常用指标,毛利率,20211231,38.38937
002803,吉宏股份,常用指标,销售净利率,20211231,4.034371
002803,吉宏股份,常用指标,期间费用率,20211231,33.64923
002803,吉宏股份,常用指标,资产负债率,20211231,34.922891
002803,吉宏股份,每股指标,基本每股收益,20211231,0.6
002803,吉宏股份,每股指标,稀释每股收益,20211231,0.6
002803,吉宏股份,每股指标,摊薄每股收益_最新股数,20211231,0.496329
002803,吉宏股份,每股指标,摊薄每股净资产_期末股数,20211231,4.819839
002803,吉宏股份,每股指标,调整每股净资产_期末股数,20211231,4.482501
002803,吉宏股份,每股指标,每股净资产_最新股数,20211231,4.078452
002803,吉宏股份,每股指标,每股经营现金流,20211231,0.606633
002803,吉宏股份,每股指标,每股现金流量净额,20211231,-0.316573
002803,吉宏股份,每股指标,每股企业自由现金流量,20211231,0.381806
002803,吉宏股份,每股指标,每股股东自由现金流量,20211231,-0.060318
002803,吉宏股份,每股指标,每股未分配利润,20211231,3.411534
002803,吉宏股份,每股指标,每股资本公积金,20211231,0.992755
002803,吉宏股份,每股指标,每股盈余公积金,20211231,0.180383
002803,吉宏股份,每股指标,每股留存收益,20211231,3.591918
002803,吉宏股份,每股指标,每股营业收入,20211231,13.362382
002803,吉宏股份,每股指标,每股营业总收入,20211231,13.362382
002803,吉宏股份,每股指标,每股息税前利润,20211231,0.695662
002803,吉宏股份,盈利能力,净资产收益率(ROE),20211231,12.5
002803,吉宏股份,盈利能力,摊薄净资产收益率,20211231,12.16955
002803,吉宏股份,盈利能力,净资产收益率_平均,20211231,12.598292
002803,吉宏股份,盈利能力,净资产收益率_平均_扣除非经常损益,20211231,11.1514
002803,吉宏股份,盈利能力,摊薄净资产收益率_扣除非经常损益,20211231,10.771898
002803,吉宏股份,盈利能力,息税前利润率,20211231,5.206126
002803,吉宏股份,盈利能力,总资产报酬率,20211231,9.369275
002803,吉宏股份,盈利能力,总资本回报率,20211231,12.448701
002803,吉宏股份,盈利能力,投入资本回报率,20211231,11.528368
002803,吉宏股份,盈利能力,息前税后总资产报酬率_平均,20211231,8.037344
002803,吉宏股份,盈利能力,毛利率,20211231,38.38937
002803,吉宏股份,盈利能力,销售净利率,20211231,4.034371
002803,吉宏股份,盈利能力,成本费用利润率,20211231,5.012049
002803,吉宏股份,盈利能力,营业利润率,20211231,4.799582
002803,吉宏股份,盈利能力,总资产净利率_平均,20211231,7.899771
002803,吉宏股份,盈利能力,总资产净利率_平均(含少数股东损益),20211231,7.260511
002803,吉宏股份,成长能力,归母净利润,20211231,227277532.35
002803,吉宏股份,成长能力,营业总收入,20211231,5177657129.4
002803,吉宏股份,成长能力,净利润,20211231,208885932.67
002803,吉宏股份,成长能力,扣非净利润,20211231,201175097.67
002803,吉宏股份,成长能力,营业总收入增长率,20211231,17.401508
002803,吉宏股份,成长能力,归属母公司净利润增长率,20211231,-59.320806
002803,吉宏股份,收益质量,经营活动净现金/销售收入,20211231,0.045398
002803,吉宏股份,收益质量,经营性现金净流量/营业总收入,20211231,0.045398
002803,吉宏股份,收益质量,成本费用率,20211231,95.25986
002803,吉宏股份,收益质量,期间费用率,20211231,33.64923
002803,吉宏股份,收益质量,销售成本率,20211231,61.610629
002803,吉宏股份,收益质量,经营活动净现金/归属母公司的净利润,20211231,1.034234
002803,吉宏股份,收益质量,所得税/利润总额,20211231,15.501186
002803,吉宏股份,财务风险,流动比率,20211231,2.037253
002803,吉宏股份,财务风险,速动比率,20211231,1.593336
002803,吉宏股份,财务风险,保守速动比率,20211231,1.242428
002803,吉宏股份,财务风险,资产负债率,20211231,34.922891
002803,吉宏股份,财务风险,权益乘数,20211231,1.594766
002803,吉宏股份,财务风险,权益乘数(含少数股权的净资产),20211231,1.536638
002803,吉宏股份,财务风险,产权比率,20211231,55.03775
002803,吉宏股份,财务风险,现金比率,20211231,0.79468
002803,吉宏股份,营运能力,应收账款周转率,20211231,11.476718
002803,吉宏股份,营运能力,应收账款周转天数,20211231,31.36785
002803,吉宏股份,营运能力,存货周转率,20211231,8.952486
002803,吉宏股份,营运能力,存货周转天数,20211231,40.212291
002803,吉宏股份,营运能力,总资产周转率,20211231,1.799663
002803,吉宏股份,营运能力,总资产周转天数,20211231,200.037385
002803,吉宏股份,营运能力,流动资产周转率,20211231,2.635234
002803,吉宏股份,营运能力,流动资产周转天数,20211231,136.610228
002803,吉宏股份,营运能力,应付账款周转率,20211231,10.010692
002803,吉宏股份,常用指标,归母净利润,20210930,247803969.51
002803,吉宏股份,常用指标,营业总收入,20210930,3846901269.58
002803,吉宏股份,常用指标,营业成本,20210930,3563570366.79
002803,吉宏股份,常用指标,净利润,20210930,242230982.03
002803,吉宏股份,常用指标,扣非净利润,20210930,234997314.85
002803,吉宏股份,常用指标,股东权益合计(净资产),20210930,1954226015.08
002803,吉宏股份,常用指标,商誉,20210930,1665318.16
002803,吉宏股份,常用指标,经营现金流量净额,20210930,201380408.99
002803,吉宏股份,常用指标,基本每股收益,20210930,0.66
002803,吉宏股份,常用指标,每股净资产,20210930,4.878174
002803,吉宏股份,常用指标,每股现金流,20210930,0.519718
002803,吉宏股份,常用指标,净资产收益率(ROE),20210930,13.41
002803,吉宏股份,常用指标,总资产报酬率(ROA),20210930,10.587418
002803,吉宏股份,常用指标,毛利率,20210930,40.047427
002803,吉宏股份,常用指标,销售净利率,20210930,6.296781
002803,吉宏股份,常用指标,期间费用率,20210930,32.425662
002803,吉宏股份,常用指标,资产负债率,20210930,33.694772
002803,吉宏股份,每股指标,基本每股收益,20210930,0.66
002803,吉宏股份,每股指标,稀释每股收益,20210930,0.66
002803,吉宏股份,每股指标,摊薄每股收益_最新股数,20210930,0.541155
002803,吉宏股份,每股指标,摊薄每股净资产_期末股数,20210930,4.878174
002803,吉宏股份,每股指标,调整每股净资产_期末股数,20210930,4.538859
002803,吉宏股份,每股指标,每股净资产_最新股数,20210930,4.127814
002803,吉宏股份,每股指标,每股经营现金流,20210930,0.519718
002803,吉宏股份,每股指标,每股现金流量净额,20210930,-0.546705
002803,吉宏股份,每股指标,每股企业自由现金流量,20210930,
002803,吉宏股份,每股指标,每股股东自由现金流量,20210930,
002803,吉宏股份,每股指标,每股未分配利润,20210930,3.481332
002803,吉宏股份,每股指标,每股资本公积金,20210930,0.992755
002803,吉宏股份,每股指标,每股盈余公积金,20210930,0.168802
002803,吉宏股份,每股指标,每股留存收益,20210930,3.650134
002803,吉宏股份,每股指标,每股营业收入,20210930,9.927997
002803,吉宏股份,每股指标,每股营业总收入,20210930,9.927997
002803,吉宏股份,每股指标,每股息税前利润,20210930,0.786659
002803,吉宏股份,盈利能力,净资产收益率(ROE),20210930,13.41
002803,吉宏股份,盈利能力,摊薄净资产收益率,20210930,13.109964
002803,吉宏股份,盈利能力,净资产收益率_平均,20210930,13.650582
002803,吉宏股份,盈利能力,净资产收益率_平均_扣除非经常损益,20210930,12.945112
002803,吉宏股份,盈利能力,摊薄净资产收益率_扣除非经常损益,20210930,12.432433
002803,吉宏股份,盈利能力,息税前利润率,20210930,7.923649
002803,吉宏股份,盈利能力,总资产报酬率,20210930,10.587418
002803,吉宏股份,盈利能力,总资本回报率,20210930,13.856042
002803,吉宏股份,盈利能力,投入资本回报率,20210930,11.9495
002803,吉宏股份,盈利能力,息前税后总资产报酬率_平均,20210930,8.937055
002803,吉宏股份,盈利能力,毛利率,20210930,40.047427
002803,吉宏股份,盈利能力,销售净利率,20210930,6.296781
002803,吉宏股份,盈利能力,成本费用利润率,20210930,8.153346
002803,吉宏股份,盈利能力,营业利润率,20210930,7.525986
002803,吉宏股份,盈利能力,总资产净利率_平均,20210930,8.607203
002803,吉宏股份,盈利能力,总资产净利率_平均(含少数股东损益),20210930,8.413631
002803,吉宏股份,成长能力,归母净利润,20210930,247803969.51
002803,吉宏股份,成长能力,营业总收入,20210930,3846901269.58
002803,吉宏股份,成长能力,净利润,20210930,242230982.03
002803,吉宏股份,成长能力,扣非净利润,20210930,234997314.85
002803,吉宏股份,成长能力,营业总收入增长率,20210930,19.606192
002803,吉宏股份,成长能力,归属母公司净利润增长率,20210930,-42.7557
002803,吉宏股份,收益质量,经营活动净现金/销售收入,20210930,0.052348
002803,吉宏股份,收益质量,经营性现金净流量/营业总收入,20210930,0.052348
002803,吉宏股份,收益质量,成本费用率,20210930,92.378235
002803,吉宏股份,收益质量,期间费用率,20210930,32.425662
002803,吉宏股份,收益质量,销售成本率,20210930,59.952572
002803,吉宏股份,收益质量,经营活动净现金/归属母公司的净利润,20210930,0.81266
002803,吉宏股份,收益质量,所得税/利润总额,20210930,16.398686
002803,吉宏股份,财务风险,流动比率,20210930,2.169669
002803,吉宏股份,财务风险,速动比率,20210930,1.769195
002803,吉宏股份,财务风险,保守速动比率,20210930,1.380458
002803,吉宏股份,财务风险,资产负债率,20210930,33.694772
002803,吉宏股份,财务风险,权益乘数,20210930,1.585948
002803,吉宏股份,财务风险,权益乘数(含少数股权的净资产),20210930,1.508176
002803,吉宏股份,财务风险,产权比率,20210930,52.539122
002803,吉宏股份,财务风险,现金比率,20210930,0.764765
002803,吉宏股份,营运能力,应收账款周转率,20210930,7.502936
002803,吉宏股份,营运能力,应收账款周转天数,20210930,35.985908
002803,吉宏股份,营运能力,存货周转率,20210930,7.122753
002803,吉宏股份,营运能力,存货周转天数,20210930,37.906686
002803,吉宏股份,营运能力,总资产周转率,20210930,1.336179
002803,吉宏股份,营运能力,总资产周转天数,20210930,202.068637
002803,吉宏股份,营运能力,流动资产周转率,20210930,1.959327
002803,吉宏股份,营运能力,流动资产周转天数,20210930,137.802412
002803,吉宏股份,营运能力,应付账款周转率,20210930,8.001943
002803,吉宏股份,常用指标,归母净利润,20210630,181520866.71
002803,吉宏股份,常用指标,营业总收入,20210630,2491172605.97
002803,吉宏股份,常用指标,营业成本,20210630,2282331701.54
002803,吉宏股份,常用指标,净利润,20210630,178165707.05
002803,吉宏股份,常用指标,扣非净利润,20210630,173168200.73
002803,吉宏股份,常用指标,股东权益合计(净资产),20210630,1971553802.06
002803,吉宏股份,常用指标,商誉,20210630,1665318.16
002803,吉宏股份,常用指标,经营现金流量净额,20210630,192534965.13
002803,吉宏股份,常用指标,基本每股收益,20210630,0.48
002803,吉宏股份,常用指标,每股净资产,20210630,5.074578
002803,吉宏股份,常用指标,每股现金流,20210630,0.5088
002803,吉宏股份,常用指标,净资产收益率(ROE),20210630,9.91
002803,吉宏股份,常用指标,总资产报酬率(ROA),20210630,7.763053
002803,吉宏股份,常用指标,毛利率,20210630,39.843915
002803,吉宏股份,常用指标,销售净利率,20210630,7.151881
002803,吉宏股份,常用指标,期间费用率,20210630,31.187342
002803,吉宏股份,常用指标,资产负债率,20210630,32.764597
002803,吉宏股份,每股指标,基本每股收益,20210630,0.48
002803,吉宏股份,每股指标,稀释每股收益,20210630,0.48
002803,吉宏股份,每股指标,摊薄每股收益_最新股数,20210630,0.396405
002803,吉宏股份,每股指标,摊薄每股净资产_期末股数,20210630,5.074578
002803,吉宏股份,每股指标,调整每股净资产_期末股数,20210630,4.793628
002803,吉宏股份,每股指标,每股净资产_最新股数,20210630,4.193486
002803,吉宏股份,每股指标,每股经营现金流,20210630,0.5088
002803,吉宏股份,每股指标,每股现金流量净额,20210630,-0.12656
002803,吉宏股份,每股指标,每股企业自由现金流量,20210630,-0.050855
002803,吉宏股份,每股指标,每股股东自由现金流量,20210630,-0.301628
002803,吉宏股份,每股指标,每股未分配利润,20210630,3.483478
002803,吉宏股份,每股指标,每股资本公积金,20210630,0.72986
002803,吉宏股份,每股指标,每股盈余公积金,20210630,0.172849
002803,吉宏股份,每股指标,每股留存收益,20210630,3.656328
002803,吉宏股份,每股指标,每股营业收入,20210630,6.583275
002803,吉宏股份,每股指标,每股营业总收入,20210630,6.583275
002803,吉宏股份,每股指标,每股息税前利润,20210630,0.589093
002803,吉宏股份,盈利能力,净资产收益率(ROE),20210630,9.91
002803,吉宏股份,盈利能力,摊薄净资产收益率,20210630,9.452893
002803,吉宏股份,盈利能力,净资产收益率_平均,20210630,9.917155
002803,吉宏股份,盈利能力,净资产收益率_平均_扣除非经常损益,20210630,9.460818
002803,吉宏股份,盈利能力,摊薄净资产收益率_扣除非经常损益,20210630,9.017919
002803,吉宏股份,盈利能力,息税前利润率,20210630,8.948327
002803,吉宏股份,盈利能力,总资产报酬率,20210630,7.763053
002803,吉宏股份,盈利能力,总资本回报率,20210630,9.95758
002803,吉宏股份,盈利能力,投入资本回报率,20210630,8.536755
002803,吉宏股份,盈利能力,息前税后总资产报酬率_平均,20210630,6.538519
002803,吉宏股份,盈利能力,毛利率,20210630,39.843915
002803,吉宏股份,盈利能力,销售净利率,20210630,7.151881
002803,吉宏股份,盈利能力,成本费用利润率,20210630,9.374927
002803,吉宏股份,盈利能力,营业利润率,20210630,8.599992
002803,吉宏股份,盈利能力,总资产净利率_平均,20210630,6.321402
002803,吉宏股份,盈利能力,总资产净利率_平均(含少数股东损益),20210630,6.20456
002803,吉宏股份,成长能力,归母净利润,20210630,181520866.71
002803,吉宏股份,成长能力,营业总收入,20210630,2491172605.97
002803,吉宏股份,成长能力,净利润,20210630,178165707.05
002803,吉宏股份,成长能力,扣非净利润,20210630,173168200.73
002803,吉宏股份,成长能力,营业总收入增长率,20210630,29.974022
002803,吉宏股份,成长能力,归属母公司净利润增长率,20210630,-29.659467
002803,吉宏股份,收益质量,经营活动净现金/销售收入,20210630,0.077286
002803,吉宏股份,收益质量,经营性现金净流量/营业总收入,20210630,0.077286
002803,吉宏股份,收益质量,成本费用率,20210630,91.343427
002803,吉宏股份,收益质量,期间费用率,20210630,31.187342
002803,吉宏股份,收益质量,销售成本率,20210630,60.156084
002803,吉宏股份,收益质量,经营活动净现金/归属母公司的净利润,20210630,1.060676
002803,吉宏股份,收益质量,所得税/利润总额,20210630,16.482959
002803,吉宏股份,财务风险,流动比率,20210630,2.360948
002803,吉宏股份,财务风险,速动比率,20210630,1.948931
002803,吉宏股份,财务风险,保守速动比率,20210630,1.584342
002803,吉宏股份,财务风险,资产负债率,20210630,32.764597
002803,吉宏股份,财务风险,权益乘数,20210630,1.568822
002803,吉宏股份,财务风险,权益乘数(含少数股权的净资产),20210630,1.487311
002803,吉宏股份,财务风险,产权比率,20210630,50.032669
002803,吉宏股份,财务风险,现金比率,20210630,1.030678
002803,吉宏股份,营运能力,应收账款周转率,20210630,5.29788
002803,吉宏股份,营运能力,应收账款周转天数,20210630,33.975853
002803,吉宏股份,营运能力,存货周转率,20210630,4.714215
002803,吉宏股份,营运能力,存货周转天数,20210630,38.182383
002803,吉宏股份,营运能力,总资产周转率,20210630,0.867542
002803,吉宏股份,营运能力,总资产周转天数,20210630,207.482657
002803,吉宏股份,营运能力,流动资产周转率,20210630,1.254809
002803,吉宏股份,营运能力,流动资产周转天数,20210630,143.448065
002803,吉宏股份,营运能力,应付账款周转率,20210630,4.770285
002803,吉宏股份,常用指标,归母净利润,20210331,92299460.14
002803,吉宏股份,常用指标,营业总收入,20210331,1178166568.21
002803,吉宏股份,常用指标,营业成本,20210331,1073477795.39
002803,吉宏股份,常用指标,净利润,20210331,91572881.54
002803,吉宏股份,常用指标,扣非净利润,20210331,90687356.71
002803,吉宏股份,常用指标,股东权益合计(净资产),20210331,1883343576.09
002803,吉宏股份,常用指标,商誉,20210331,1665318.16
002803,吉宏股份,常用指标,经营现金流量净额,20210331,63577676.45
002803,吉宏股份,常用指标,基本每股收益,20210331,0.25
002803,吉宏股份,常用指标,每股净资产,20210331,4.837848
002803,吉宏股份,常用指标,每股现金流,20210331,0.168012
002803,吉宏股份,常用指标,净资产收益率(ROE),20210331,5.17
002803,吉宏股份,常用指标,总资产报酬率(ROA),20210331,3.994964
002803,吉宏股份,常用指标,毛利率,20210331,39.912696
002803,吉宏股份,常用指标,销售净利率,20210331,7.77249
002803,吉宏股份,常用指标,期间费用率,20210331,30.75358
002803,吉宏股份,常用指标,资产负债率,20210331,34.873332
002803,吉宏股份,每股指标,基本每股收益,20210331,0.25
002803,吉宏股份,每股指标,稀释每股收益,20210331,0.25
002803,吉宏股份,每股指标,摊薄每股收益_最新股数,20210331,0.201563
002803,吉宏股份,每股指标,摊薄每股净资产_期末股数,20210331,4.837848
002803,吉宏股份,每股指标,调整每股净资产_期末股数,20210331,4.566398
002803,吉宏股份,每股指标,每股净资产_最新股数,20210331,3.997858
002803,吉宏股份,每股指标,每股经营现金流,20210331,0.168012
002803,吉宏股份,每股指标,每股现金流量净额,20210331,0.120796
002803,吉宏股份,每股指标,每股企业自由现金流量,20210331,
002803,吉宏股份,每股指标,每股股东自由现金流量,20210331,
002803,吉宏股份,每股指标,每股未分配利润,20210331,3.247285
002803,吉宏股份,每股指标,每股资本公积金,20210331,0.728208
002803,吉宏股份,每股指标,每股盈余公积金,20210331,0.172849
002803,吉宏股份,每股指标,每股留存收益,20210331,3.420134
002803,吉宏股份,每股指标,每股营业收入,20210331,3.113471
002803,吉宏股份,每股指标,每股营业总收入,20210331,3.113471
002803,吉宏股份,每股指标,每股息税前利润,20210331,0.301016
002803,吉宏股份,盈利能力,净资产收益率(ROE),20210331,5.17
002803,吉宏股份,盈利能力,摊薄净资产收益率,20210331,5.041794
002803,吉宏股份,盈利能力,净资产收益率_平均,20210331,5.169153
002803,吉宏股份,盈利能力,净资产收益率_平均_扣除非经常损益,20210331,5.078868
002803,吉宏股份,盈利能力,摊薄净资产收益率_扣除非经常损益,20210331,4.953734
002803,吉宏股份,盈利能力,息税前利润率,20210331,9.668207
002803,吉宏股份,盈利能力,总资产报酬率,20210331,3.994964
002803,吉宏股份,盈利能力,总资本回报率,20210331,5.133359
002803,吉宏股份,盈利能力,投入资本回报率,20210331,4.402452
002803,吉宏股份,盈利能力,息前税后总资产报酬率_平均,20210331,3.400664
002803,吉宏股份,盈利能力,毛利率,20210331,39.912696
002803,吉宏股份,盈利能力,销售净利率,20210331,7.77249
002803,吉宏股份,盈利能力,成本费用利润率,20210331,10.139438
002803,吉宏股份,盈利能力,营业利润率,20210331,9.2309
002803,吉宏股份,盈利能力,总资产净利率_平均,20210331,3.237124
002803,吉宏股份,盈利能力,总资产净利率_平均(含少数股东损益),20210331,3.211642
002803,吉宏股份,成长能力,归母净利润,20210331,92299460.14
002803,吉宏股份,成长能力,营业总收入,20210331,1178166568.21
002803,吉宏股份,成长能力,净利润,20210331,91572881.54
002803,吉宏股份,成长能力,扣非净利润,20210331,90687356.71
002803,吉宏股份,成长能力,营业总收入增长率,20210331,81.475754
002803,吉宏股份,成长能力,归属母公司净利润增长率,20210331,24.586074
002803,吉宏股份,收益质量,经营活动净现金/销售收入,20210331,0.053963
002803,吉宏股份,收益质量,经营性现金净流量/营业总收入,20210331,0.053963
002803,吉宏股份,收益质量,成本费用率,20210331,90.840884
002803,吉宏股份,收益质量,期间费用率,20210331,30.75358
002803,吉宏股份,收益质量,销售成本率,20210331,60.087303
002803,吉宏股份,收益质量,经营活动净现金/归属母公司的净利润,20210331,0.688819
002803,吉宏股份,收益质量,所得税/利润总额,20210331,15.61506
002803,吉宏股份,财务风险,流动比率,20210331,2.188629
002803,吉宏股份,财务风险,速动比率,20210331,1.826072
002803,吉宏股份,财务风险,保守速动比率,20210331,1.495795
002803,吉宏股份,财务风险,资产负债率,20210331,34.873332
002803,吉宏股份,财务风险,权益乘数,20210331,1.596834
002803,吉宏股份,财务风险,权益乘数(含少数股权的净资产),20210331,1.535469
002803,吉宏股份,财务风险,产权比率,20210331,55.087127
002803,吉宏股份,财务风险,现金比率,20210331,0.967168
002803,吉宏股份,营运能力,应收账款周转率,20210331,2.450264
002803,吉宏股份,营运能力,应收账款周转天数,20210331,36.730728
002803,吉宏股份,营运能力,存货周转率,20210331,2.271614
002803,吉宏股份,营运能力,存货周转天数,20210331,39.619393
002803,吉宏股份,营运能力,总资产周转率,20210331,0.413206
002803,吉宏股份,营运能力,总资产周转天数,20210331,217.808856
002803,吉宏股份,营运能力,流动资产周转率,20210331,0.588943
002803,吉宏股份,营运能力,流动资产周转天数,20210331,152.81614
002803,吉宏股份,营运能力,应付账款周转率,20210331,2.470414
002803,吉宏股份,常用指标,归母净利润,20201231,558707074.7
002803,吉宏股份,常用指标,营业总收入,20201231,4410213459.25
002803,吉宏股份,常用指标,营业成本,20201231,3812931966.87
002803,吉宏股份,常用指标,净利润,20201231,576827653.31
002803,吉宏股份,常用指标,扣非净利润,20201231,529726932.59
002803,吉宏股份,常用指标,股东权益合计(净资产),20201231,1769568135.01
002803,吉宏股份,常用指标,商誉,20201231,1665318.16
002803,吉宏股份,常用指标,经营现金流量净额,20201231,539361382.38
002803,吉宏股份,常用指标,基本每股收益,20201231,1.48
002803,吉宏股份,常用指标,每股净资产,20201231,4.599456
002803,吉宏股份,常用指标,每股现金流,20201231,1.425338
002803,吉宏股份,常用指标,净资产收益率(ROE),20201231,34.4
002803,吉宏股份,常用指标,总资产报酬率(ROA),20201231,25.729527
002803,吉宏股份,常用指标,毛利率,20201231,43.120268
002803,吉宏股份,常用指标,销售净利率,20201231,13.079359
002803,吉宏股份,常用指标,期间费用率,20201231,29.282432
002803,吉宏股份,常用指标,资产负债率,20201231,37.042664
002803,吉宏股份,每股指标,基本每股收益,20201231,1.48
002803,吉宏股份,每股指标,稀释每股收益,20201231,1.48
002803,吉宏股份,每股指标,摊薄每股收益_最新股数,20201231,1.220106
002803,吉宏股份,每股指标,摊薄每股净资产_期末股数,20201231,4.599456
002803,吉宏股份,每股指标,调整每股净资产_期末股数,20201231,4.31061
002803,吉宏股份,每股指标,每股净资产_最新股数,20201231,3.800858
002803,吉宏股份,每股指标,每股经营现金流,20201231,1.425338
002803,吉宏股份,每股指标,每股现金流量净额,20201231,1.164399
002803,吉宏股份,每股指标,每股企业自由现金流量,20201231,0.490053
002803,吉宏股份,每股指标,每股股东自由现金流量,20201231,0.529732
002803,吉宏股份,每股指标,每股未分配利润,20201231,3.009152
002803,吉宏股份,每股指标,每股资本公积金,20201231,0.728377
002803,吉宏股份,每股指标,每股盈余公积金,20201231,0.172849
002803,吉宏股份,每股指标,每股留存收益,20201231,3.182001
002803,吉宏股份,每股指标,每股营业收入,20201231,11.654612
002803,吉宏股份,每股指标,每股营业总收入,20201231,11.654612
002803,吉宏股份,每股指标,每股息税前利润,20201231,1.784839
002803,吉宏股份,盈利能力,净资产收益率(ROE),20201231,34.4
002803,吉宏股份,盈利能力,摊薄净资产收益率,20201231,32.100802
002803,吉宏股份,盈利能力,净资产收益率_平均,20201231,35.503236
002803,吉宏股份,盈利能力,净资产收益率_平均_扣除非经常损益,20201231,33.661683
002803,吉宏股份,盈利能力,摊薄净资产收益率_扣除非经常损益,20201231,30.435733
002803,吉宏股份,盈利能力,息税前利润率,20201231,15.314449
002803,吉宏股份,盈利能力,总资产报酬率,20201231,25.729527
002803,吉宏股份,盈利能力,总资本回报率,20201231,33.708027
002803,吉宏股份,盈利能力,投入资本回报率,20201231,29.012882
002803,吉宏股份,盈利能力,息前税后总资产报酬率_平均,20201231,22.836005
002803,吉宏股份,盈利能力,毛利率,20201231,43.120268
002803,吉宏股份,盈利能力,销售净利率,20201231,13.079359
002803,吉宏股份,盈利能力,成本费用利润率,20201231,17.178781
002803,吉宏股份,盈利能力,营业利润率,20201231,14.817134
002803,吉宏股份,盈利能力,总资产净利率_平均,20201231,21.284085
002803,吉宏股份,盈利能力,总资产净利率_平均(含少数股东损益),20201231,21.974393
002803,吉宏股份,成长能力,归母净利润,20201231,558707074.7
002803,吉宏股份,成长能力,营业总收入,20201231,4410213459.25
002803,吉宏股份,成长能力,净利润,20201231,576827653.31
002803,吉宏股份,成长能力,扣非净利润,20201231,529726932.59
002803,吉宏股份,成长能力,营业总收入增长率,20201231,46.555103
002803,吉宏股份,成长能力,归属母公司净利润增长率,20201231,71.247523
002803,吉宏股份,收益质量,经营活动净现金/销售收入,20201231,0.122298
002803,吉宏股份,收益质量,经营性现金净流量/营业总收入,20201231,0.122298
002803,吉宏股份,收益质量,成本费用率,20201231,86.162164
002803,吉宏股份,收益质量,期间费用率,20201231,29.282432
002803,吉宏股份,收益质量,销售成本率,20201231,56.879731
002803,吉宏股份,收益质量,经营活动净现金/归属母公司的净利润,20201231,0.965374
002803,吉宏股份,收益质量,所得税/利润总额,20201231,11.635564
002803,吉宏股份,财务风险,流动比率,20201231,2.048287
002803,吉宏股份,财务风险,速动比率,20201231,1.749575
002803,吉宏股份,财务风险,保守速动比率,20201231,1.483527
002803,吉宏股份,财务风险,资产负债率,20201231,37.042664
002803,吉宏股份,财务风险,权益乘数,20201231,1.668064
002803,吉宏股份,财务风险,权益乘数(含少数股权的净资产),20201231,1.588377
002803,吉宏股份,财务风险,产权比率,20201231,59.821169
002803,吉宏股份,财务风险,现金比率,20201231,0.993626
002803,吉宏股份,营运能力,应收账款周转率,20201231,9.450264
002803,吉宏股份,营运能力,应收账款周转天数,20201231,38.094171
002803,吉宏股份,营运能力,存货周转率,20201231,9.380473
002803,吉宏股份,营运能力,存货周转天数,20201231,38.377595
002803,吉宏股份,营运能力,总资产周转率,20201231,1.680081
002803,吉宏股份,营运能力,总资产周转天数,20201231,214.275279
002803,吉宏股份,营运能力,流动资产周转率,20201231,2.459383
002803,吉宏股份,营运能力,流动资产周转天数,20201231,146.378142
002803,吉宏股份,营运能力,应付账款周转率,20201231,7.989771
002803,吉宏股份,常用指标,归母净利润,20200930,432888464.06
002803,吉宏股份,常用指标,营业总收入,20200930,3216306098.36
002803,吉宏股份,常用指标,营业成本,20200930,2729008985.26
002803,吉宏股份,常用指标,净利润,20200930,452374866.63
002803,吉宏股份,常用指标,扣非净利润,20200930,416501256.22
002803,吉宏股份,常用指标,股东权益合计(净资产),20200930,1807793786.94
002803,吉宏股份,常用指标,商誉,20200930,144880622.88
002803,吉宏股份,常用指标,经营现金流量净额,20200930,319176352.73
002803,吉宏股份,常用指标,基本每股收益,20200930,1.144
002803,吉宏股份,常用指标,每股净资产,20200930,4.565022
002803,吉宏股份,常用指标,每股现金流,20200930,0.843468
002803,吉宏股份,常用指标,净资产收益率(ROE),20200930,27.31
002803,吉宏股份,常用指标,总资产报酬率(ROA),20200930,20.286149
002803,吉宏股份,常用指标,毛利率,20200930,55.88781
002803,吉宏股份,常用指标,销售净利率,20200930,14.065043
002803,吉宏股份,常用指标,期间费用率,20200930,40.125419
002803,吉宏股份,常用指标,资产负债率,20200930,37.806497
002803,吉宏股份,每股指标,基本每股收益,20200930,1.144
002803,吉宏股份,每股指标,稀释每股收益,20200930,1.144
002803,吉宏股份,每股指标,摊薄每股收益_最新股数,20200930,0.945343
002803,吉宏股份,每股指标,摊薄每股净资产_期末股数,20200930,4.565022
002803,吉宏股份,每股指标,调整每股净资产_期末股数,20200930,3.898873
002803,吉宏股份,每股指标,每股净资产_最新股数,20200930,3.772403
002803,吉宏股份,每股指标,每股经营现金流,20200930,0.843468
002803,吉宏股份,每股指标,每股现金流量净额,20200930,0.796262
002803,吉宏股份,每股指标,每股企业自由现金流量,20200930,
002803,吉宏股份,每股指标,每股股东自由现金流量,20200930,
002803,吉宏股份,每股指标,每股未分配利润,20200930,2.728424
002803,吉宏股份,每股指标,每股资本公积金,20200930,0.725898
002803,吉宏股份,每股指标,每股盈余公积金,20200930,0.121198
002803,吉宏股份,每股指标,每股留存收益,20200930,2.849623
002803,吉宏股份,每股指标,每股营业收入,20200930,8.499543
002803,吉宏股份,每股指标,每股营业总收入,20200930,8.499543
002803,吉宏股份,每股指标,每股息税前利润,20200930,1.432963
002803,吉宏股份,盈利能力,净资产收益率(ROE),20200930,27.31
002803,吉宏股份,盈利能力,摊薄净资产收益率,20200930,25.059436
002803,吉宏股份,盈利能力,净资产收益率_平均,20200930,27.622405
002803,吉宏股份,盈利能力,净资产收益率_平均_扣除非经常损益,20200930,26.576745
002803,吉宏股份,盈利能力,摊薄净资产收益率_扣除非经常损益,20200930,24.110798
002803,吉宏股份,盈利能力,息税前利润率,20200930,16.859305
002803,吉宏股份,盈利能力,总资产报酬率,20200930,20.286149
002803,吉宏股份,盈利能力,总资本回报率,20200930,26.732666
002803,吉宏股份,盈利能力,投入资本回报率,20200930,22.150766
002803,吉宏股份,盈利能力,息前税后总资产报酬率_平均,20200930,17.538174
002803,吉宏股份,盈利能力,毛利率,20200930,55.88781
002803,吉宏股份,盈利能力,销售净利率,20200930,14.065043
002803,吉宏股份,盈利能力,成本费用利润率,20200930,19.407977
002803,吉宏股份,盈利能力,营业利润率,20200930,16.161031
002803,吉宏股份,盈利能力,总资产净利率_平均,20200930,16.194911
002803,吉宏股份,盈利能力,总资产净利率_平均(含少数股东损益),20200930,16.923922
002803,吉宏股份,成长能力,归母净利润,20200930,432888464.06
002803,吉宏股份,成长能力,营业总收入,20200930,3216306098.36
002803,吉宏股份,成长能力,净利润,20200930,452374866.63
002803,吉宏股份,成长能力,扣非净利润,20200930,416501256.22
002803,吉宏股份,成长能力,营业总收入增长率,20200930,48.747033
002803,吉宏股份,成长能力,归属母公司净利润增长率,20200930,86.9508
002803,吉宏股份,收益质量,经营活动净现金/销售收入,20200930,0.099236
002803,吉宏股份,收益质量,经营性现金净流量/营业总收入,20200930,0.099236
002803,吉宏股份,收益质量,成本费用率,20200930,84.237608
002803,吉宏股份,收益质量,期间费用率,20200930,40.125419
002803,吉宏股份,收益质量,销售成本率,20200930,44.112189
002803,吉宏股份,收益质量,经营活动净现金/归属母公司的净利润,20200930,0.737317
002803,吉宏股份,收益质量,所得税/利润总额,20200930,13.969036
002803,吉宏股份,财务风险,流动比率,20200930,1.878887
002803,吉宏股份,财务风险,速动比率,20200930,1.613525
002803,吉宏股份,财务风险,保守速动比率,20200930,1.409938
002803,吉宏股份,财务风险,资产负债率,20200930,37.806497
002803,吉宏股份,财务风险,权益乘数,20200930,1.705622
002803,吉宏股份,财务风险,权益乘数(含少数股权的净资产),20200930,1.607885
002803,吉宏股份,财务风险,产权比率,20200930,63.61589
002803,吉宏股份,财务风险,现金比率,20200930,0.852725
002803,吉宏股份,营运能力,应收账款周转率,20200930,6.17181
002803,吉宏股份,营运能力,应收账款周转天数,20200930,43.747293
002803,吉宏股份,营运能力,存货周转率,20200930,5.424815
002803,吉宏股份,营运能力,存货周转天数,20200930,49.771275
002803,吉宏股份,营运能力,总资产周转率,20200930,1.203261
002803,吉宏股份,营运能力,总资产周转天数,20200930,224.390166
002803,吉宏股份,营运能力,流动资产周转率,20200930,1.802839
002803,吉宏股份,营运能力,流动资产周转天数,20200930,149.763718
002803,吉宏股份,营运能力,应付账款周转率,20200930,4.513716
002803,吉宏股份,常用指标,归母净利润,20200630,258060125.16
002803,吉宏股份,常用指标,营业总收入,20200630,1916669620.98
002803,吉宏股份,常用指标,营业成本,20200630,1625553960.32
002803,吉宏股份,常用指标,净利润,20200630,274523810.19
002803,吉宏股份,常用指标,扣非净利润,20200630,250989897.13
002803,吉宏股份,常用指标,股东权益合计(净资产),20200630,1639561125.52
002803,吉宏股份,常用指标,商誉,20200630,144880622.88
002803,吉宏股份,常用指标,经营现金流量净额,20200630,199781449.35
002803,吉宏股份,常用指标,基本每股收益,20200630,0.68
002803,吉宏股份,常用指标,每股净资产,20200630,4.11578
002803,吉宏股份,常用指标,每股现金流,20200630,0.52795
002803,吉宏股份,常用指标,净资产收益率(ROE),20200630,16.8
002803,吉宏股份,常用指标,总资产报酬率(ROA),20200630,12.56487
002803,吉宏股份,常用指标,毛利率,20200630,54.679538
002803,吉宏股份,常用指标,销售净利率,20200630,14.322959
002803,吉宏股份,常用指标,期间费用率,20200630,38.615271
002803,吉宏股份,常用指标,资产负债率,20200630,40.570173
002803,吉宏股份,每股指标,基本每股收益,20200630,0.68
002803,吉宏股份,每股指标,稀释每股收益,20200630,0.68
002803,吉宏股份,每股指标,摊薄每股收益_最新股数,20200630,0.563552
002803,吉宏股份,每股指标,摊薄每股净资产_期末股数,20200630,4.11578
002803,吉宏股份,每股指标,调整每股净资产_期末股数,20200630,3.424065
002803,吉宏股份,每股指标,每股净资产_最新股数,20200630,3.401163
002803,吉宏股份,每股指标,每股经营现金流,20200630,0.52795
002803,吉宏股份,每股指标,每股现金流量净额,20200630,0.65582
002803,吉宏股份,每股指标,每股企业自由现金流量,20200630,0.383814
002803,吉宏股份,每股指标,每股股东自由现金流量,20200630,0.400442
002803,吉宏股份,每股指标,每股未分配利润,20200630,2.2663
002803,吉宏股份,每股指标,每股资本公积金,20200630,0.723419
002803,吉宏股份,每股指标,每股盈余公积金,20200630,0.121198
002803,吉宏股份,每股指标,每股留存收益,20200630,2.387499
002803,吉宏股份,每股指标,每股营业收入,20200630,5.06507
002803,吉宏股份,每股指标,每股营业总收入,20200630,5.06507
002803,吉宏股份,每股指标,每股息税前利润,20200630,0.862996
002803,吉宏股份,盈利能力,净资产收益率(ROE),20200630,16.8
002803,吉宏股份,盈利能力,摊薄净资产收益率,20200630,16.569403
002803,吉宏股份,盈利能力,净资产收益率_平均,20200630,17.411017
002803,吉宏股份,盈利能力,净资产收益率_平均_扣除非经常损益,20200630,16.933997
002803,吉宏股份,盈利能力,摊薄净资产收益率_扣除非经常损益,20200630,16.115441
002803,吉宏股份,盈利能力,息税前利润率,20200630,17.038185
002803,吉宏股份,盈利能力,总资产报酬率,20200630,12.56487
002803,吉宏股份,盈利能力,总资本回报率,20200630,17.04695
002803,吉宏股份,盈利能力,投入资本回报率,20200630,14.07227
002803,吉宏股份,盈利能力,息前税后总资产报酬率_平均,20200630,11.005762
002803,吉宏股份,盈利能力,毛利率,20200630,54.679538
002803,吉宏股份,盈利能力,销售净利率,20200630,14.322959
002803,吉宏股份,盈利能力,成本费用利润率,20200630,19.583002
002803,吉宏股份,盈利能力,营业利润率,20200630,16.420482
002803,吉宏股份,盈利能力,总资产净利率_平均,20200630,9.929064
002803,吉宏股份,盈利能力,总资产净利率_平均(含少数股东损益),20200630,10.562517
002803,吉宏股份,成长能力,归母净利润,20200630,258060125.16
002803,吉宏股份,成长能力,营业总收入,20200630,1916669620.98
002803,吉宏股份,成长能力,净利润,20200630,274523810.19
002803,吉宏股份,成长能力,扣非净利润,20200630,250989897.13
002803,吉宏股份,成长能力,营业总收入增长率,20200630,37.419221
002803,吉宏股份,成长能力,归属母公司净利润增长率,20200630,74.331568
002803,吉宏股份,收益质量,经营活动净现金/销售收入,20200630,0.104233
002803,吉宏股份,收益质量,经营性现金净流量/营业总收入,20200630,0.104233
002803,吉宏股份,收益质量,成本费用率,20200630,83.935733
002803,吉宏股份,收益质量,期间费用率,20200630,38.615271
002803,吉宏股份,收益质量,销售成本率,20200630,45.320461
002803,吉宏股份,收益质量,经营活动净现金/归属母公司的净利润,20200630,0.774166
002803,吉宏股份,收益质量,所得税/利润总额,20200630,12.8622
002803,吉宏股份,财务风险,流动比率,20200630,1.740184
002803,吉宏股份,财务风险,速动比率,20200630,1.493855
002803,吉宏股份,财务风险,保守速动比率,20200630,1.311101
002803,吉宏股份,财务风险,资产负债率,20200630,40.570173
002803,吉宏股份,财务风险,权益乘数,20200630,1.75354
002803,吉宏股份,财务风险,权益乘数(含少数股权的净资产),20200630,1.682656
002803,吉宏股份,财务风险,产权比率,20200630,71.864758
002803,吉宏股份,财务风险,现金比率,20200630,0.785013
002803,吉宏股份,营运能力,应收账款周转率,20200630,3.761669
002803,吉宏股份,营运能力,应收账款周转天数,20200630,47.851095
002803,吉宏股份,营运能力,存货周转率,20200630,3.423091
002803,吉宏股份,营运能力,存货周转天数,20200630,52.584042
002803,吉宏股份,营运能力,总资产周转率,20200630,0.737453
002803,吉宏股份,营运能力,总资产周转天数,20200630,244.083158
002803,吉宏股份,营运能力,流动资产周转率,20200630,1.109913
002803,吉宏股份,营运能力,流动资产周转天数,20200630,162.174781
002803,吉宏股份,营运能力,应付账款周转率,20200630,2.572454
002803,吉宏股份,常用指标,归母净利润,20200331,74084893.06
002803,吉宏股份,常用指标,营业总收入,20200331,649214311.4
002803,吉宏股份,常用指标,营业成本,20200331,568820912.31
002803,吉宏股份,常用指标,净利润,20200331,79213578.16
002803,吉宏股份,常用指标,扣非净利润,20200331,70254725.33
002803,吉宏股份,常用指标,股东权益合计(净资产),20200331,1566563252.07
002803,吉宏股份,常用指标,商誉,20200331,144884677.88
002803,吉宏股份,常用指标,经营现金流量净额,20200331,-43272121.97
002803,吉宏股份,常用指标,基本每股收益,20200331,0.33
002803,吉宏股份,常用指标,每股净资产,20200331,6.596154
002803,吉宏股份,常用指标,每股现金流,20200331,-0.194399
002803,吉宏股份,常用指标,净资产收益率(ROE),20200331,5.13
002803,吉宏股份,常用指标,总资产报酬率(ROA),20200331,3.74154
002803,吉宏股份,常用指标,毛利率,20200331,47.461176
002803,吉宏股份,常用指标,销售净利率,20200331,12.201452
002803,吉宏股份,常用指标,期间费用率,20200331,34.716444
002803,吉宏股份,常用指标,资产负债率,20200331,37.637057
002803,吉宏股份,每股指标,基本每股收益,20200331,0.33
002803,吉宏股份,每股指标,稀释每股收益,20200331,0.33
002803,吉宏股份,每股指标,摊薄每股收益_最新股数,20200331,0.161786
002803,吉宏股份,每股指标,摊薄每股净资产_期末股数,20200331,6.596154
002803,吉宏股份,每股指标,调整每股净资产_期末股数,20200331,5.438915
002803,吉宏股份,每股指标,每股净资产_最新股数,20200331,3.206395
002803,吉宏股份,每股指标,每股经营现金流,20200331,-0.194399
002803,吉宏股份,每股指标,每股现金流量净额,20200331,0.29071
002803,吉宏股份,每股指标,每股企业自由现金流量,20200331,
002803,吉宏股份,每股指标,每股股东自由现金流量,20200331,
002803,吉宏股份,每股指标,每股未分配利润,20200331,3.126204
002803,吉宏股份,每股指标,每股资本公积金,20200331,2.343647
002803,吉宏股份,每股指标,每股盈余公积金,20200331,0.206038
002803,吉宏股份,每股指标,每股留存收益,20200331,3.332242
002803,吉宏股份,每股指标,每股营业收入,20200331,2.916588
002803,吉宏股份,每股指标,每股营业总收入,20200331,2.916588
002803,吉宏股份,每股指标,每股息税前利润,20200331,0.416125
002803,吉宏股份,盈利能力,净资产收益率(ROE),20200331,5.13
002803,吉宏股份,盈利能力,摊薄净资产收益率,20200331,5.045752
002803,吉宏股份,盈利能力,净资产收益率_平均,20200331,5.153473
002803,吉宏股份,盈利能力,净资产收益率_平均_扣除非经常损益,20200331,4.88704
002803,吉宏股份,盈利能力,摊薄净资产收益率_扣除非经常损益,20200331,4.784888
002803,吉宏股份,盈利能力,息税前利润率,20200331,14.267525
002803,吉宏股份,盈利能力,总资产报酬率,20200331,3.74154
002803,吉宏股份,盈利能力,总资本回报率,20200331,4.955362
002803,吉宏股份,盈利能力,投入资本回报率,20200331,4.300884
002803,吉宏股份,盈利能力,息前税后总资产报酬率_平均,20200331,3.454544
002803,吉宏股份,盈利能力,毛利率,20200331,47.461176
002803,吉宏股份,盈利能力,销售净利率,20200331,12.201452
002803,吉宏股份,盈利能力,成本费用利润率,20200331,15.237873
002803,吉宏股份,盈利能力,营业利润率,20200331,12.944801
002803,吉宏股份,盈利能力,总资产净利率_平均,20200331,2.992563
002803,吉宏股份,盈利能力,总资产净利率_平均(含少数股东损益),20200331,3.199729
002803,吉宏股份,成长能力,归母净利润,20200331,74084893.06
002803,吉宏股份,成长能力,营业总收入,20200331,649214311.4
002803,吉宏股份,成长能力,净利润,20200331,79213578.16
002803,吉宏股份,成长能力,扣非净利润,20200331,70254725.33
002803,吉宏股份,成长能力,营业总收入增长率,20200331,-3.315831
002803,吉宏股份,成长能力,归属母公司净利润增长率,20200331,1.745025
002803,吉宏股份,收益质量,经营活动净现金/销售收入,20200331,-0.066653
002803,吉宏股份,收益质量,经营性现金净流量/营业总收入,20200331,-0.066653
002803,吉宏股份,收益质量,成本费用率,20200331,87.255268
002803,吉宏股份,收益质量,期间费用率,20200331,34.716444
002803,吉宏股份,收益质量,销售成本率,20200331,52.538823
002803,吉宏股份,收益质量,经营活动净现金/归属母公司的净利润,20200331,-0.584088
002803,吉宏股份,收益质量,所得税/利润总额,20200331,8.231102
002803,吉宏股份,财务风险,流动比率,20200331,1.861191
002803,吉宏股份,财务风险,速动比率,20200331,1.560413
002803,吉宏股份,财务风险,保守速动比率,20200331,1.266513
002803,吉宏股份,财务风险,资产负债率,20200331,37.637057
002803,吉宏股份,财务风险,权益乘数,20200331,1.722093
002803,吉宏股份,财务风险,权益乘数(含少数股权的净资产),20200331,1.603516
002803,吉宏股份,财务风险,产权比率,20200331,64.392204
002803,吉宏股份,财务风险,现金比率,20200331,0.749525
002803,吉宏股份,营运能力,应收账款周转率,20200331,1.420171
002803,吉宏股份,营运能力,应收账款周转天数,20200331,63.372613
002803,吉宏股份,营运能力,存货周转率,20200331,1.336507
002803,吉宏股份,营运能力,存货周转天数,20200331,67.339693
002803,吉宏股份,营运能力,总资产周转率,20200331,0.262241
002803,吉宏股份,营运能力,总资产周转天数,20200331,343.194826
002803,吉宏股份,营运能力,流动资产周转率,20200331,0.400641
002803,吉宏股份,营运能力,流动资产周转天数,20200331,224.639988
002803,吉宏股份,营运能力,应付账款周转率,20200331,1.253743
002803,吉宏股份,常用指标,归母净利润,20191231,326257025.14
002803,吉宏股份,常用指标,营业总收入,20191231,3009252726.74
002803,吉宏股份,常用指标,营业成本,20191231,2633511033.94
002803,吉宏股份,常用指标,净利润,20191231,346301077.8
002803,吉宏股份,常用指标,扣非净利润,20191231,314348015.51
002803,吉宏股份,常用指标,股东权益合计(净资产),20191231,1451032856.99
002803,吉宏股份,常用指标,商誉,20191231,144884677.88
002803,吉宏股份,常用指标,经营现金流量净额,20191231,317172141.24
002803,吉宏股份,常用指标,基本每股收益,20191231,1.52
002803,吉宏股份,常用指标,每股净资产,20191231,6.320401
002803,吉宏股份,常用指标,每股现金流,20191231,1.424892
002803,吉宏股份,常用指标,净资产收益率(ROE),20191231,28.63
002803,吉宏股份,常用指标,总资产报酬率(ROA),20191231,20.076577
002803,吉宏股份,常用指标,毛利率,20191231,43.417619
002803,吉宏股份,常用指标,销售净利率,20191231,11.507876
002803,吉宏股份,常用指标,期间费用率,20191231,30.551058
002803,吉宏股份,常用指标,资产负债率,20191231,40.513317
002803,吉宏股份,每股指标,基本每股收益,20191231,1.52
002803,吉宏股份,每股指标,稀释每股收益,20191231,1.52
002803,吉宏股份,每股指标,摊薄每股收益_最新股数,20191231,0.712481
002803,吉宏股份,每股指标,摊薄每股净资产_期末股数,20191231,6.320401
002803,吉宏股份,每股指标,调整每股净资产_期末股数,20191231,5.1458
002803,吉宏股份,每股指标,每股净资产_最新股数,20191231,3.072352
002803,吉宏股份,每股指标,每股经营现金流,20191231,1.424892
002803,吉宏股份,每股指标,每股现金流量净额,20191231,0.392932
002803,吉宏股份,每股指标,每股企业自由现金流量,20191231,-1.486387
002803,吉宏股份,每股指标,每股股东自由现金流量,20191231,-1.166426
002803,吉宏股份,每股指标,每股未分配利润,20191231,2.793378
002803,吉宏股份,每股指标,每股资本公积金,20191231,2.343647
002803,吉宏股份,每股指标,每股盈余公积金,20191231,0.206038
002803,吉宏股份,每股指标,每股留存收益,20191231,2.999416
002803,吉宏股份,每股指标,每股营业收入,20191231,13.519038
002803,吉宏股份,每股指标,每股营业总收入,20191231,13.519038
002803,吉宏股份,每股指标,每股息税前利润,20191231,1.81635
002803,吉宏股份,盈利能力,净资产收益率(ROE),20191231,28.63
002803,吉宏股份,盈利能力,摊薄净资产收益率,20191231,23.190083
002803,吉宏股份,盈利能力,净资产收益率_平均,20191231,31.151365
002803,吉宏股份,盈利能力,净资产收益率_平均_扣除非经常损益,20191231,30.01428
002803,吉宏股份,盈利能力,摊薄净资产收益率_扣除非经常损益,20191231,22.343601
002803,吉宏股份,盈利能力,息税前利润率,20191231,13.435503
002803,吉宏股份,盈利能力,总资产报酬率,20191231,20.076577
002803,吉宏股份,盈利能力,总资本回报率,20191231,28.267871
002803,吉宏股份,盈利能力,投入资本回报率,20191231,24.404199
002803,吉宏股份,盈利能力,息前税后总资产报酬率_平均,20191231,18.327816
002803,吉宏股份,盈利能力,毛利率,20191231,43.417619
002803,吉宏股份,盈利能力,销售净利率,20191231,11.507876
002803,吉宏股份,盈利能力,成本费用利润率,20191231,14.550291
002803,吉宏股份,盈利能力,营业利润率,20191231,12.604658
002803,吉宏股份,盈利能力,总资产净利率_平均,20191231,16.200817
002803,吉宏股份,盈利能力,总资产净利率_平均(含少数股东损益),20191231,17.196136
002803,吉宏股份,成长能力,归母净利润,20191231,326257025.14
002803,吉宏股份,成长能力,营业总收入,20191231,3009252726.74
002803,吉宏股份,成长能力,净利润,20191231,346301077.8
002803,吉宏股份,成长能力,扣非净利润,20191231,314348015.51
002803,吉宏股份,成长能力,营业总收入增长率,20191231,32.621966
002803,吉宏股份,成长能力,归属母公司净利润增长率,20191231,53.050342
002803,吉宏股份,收益质量,经营活动净现金/销售收入,20191231,0.105398
002803,吉宏股份,收益质量,经营性现金净流量/营业总收入,20191231,0.105398
002803,吉宏股份,收益质量,成本费用率,20191231,87.133439
002803,吉宏股份,收益质量,期间费用率,20191231,30.551058
002803,吉宏股份,收益质量,销售成本率,20191231,56.58238
002803,吉宏股份,收益质量,经营活动净现金/归属母公司的净利润,20191231,0.972154
002803,吉宏股份,收益质量,所得税/利润总额,20191231,9.230774
002803,吉宏股份,财务风险,流动比率,20191231,1.732116
002803,吉宏股份,财务风险,速动比率,20191231,1.466678
002803,吉宏股份,财务风险,保守速动比率,20191231,1.332984
002803,吉宏股份,财务风险,资产负债率,20191231,40.513317
002803,吉宏股份,财务风险,权益乘数,20191231,1.922826
002803,吉宏股份,财务风险,权益乘数(含少数股权的净资产),20191231,1.681048
002803,吉宏股份,财务风险,产权比率,20191231,70.242143
002803,吉宏股份,财务风险,现金比率,20191231,0.83658
002803,吉宏股份,营运能力,应收账款周转率,20191231,7.517101
002803,吉宏股份,营运能力,应收账款周转天数,20191231,47.8908
002803,吉宏股份,营运能力,存货周转率,20191231,7.559629
002803,吉宏股份,营运能力,存货周转天数,20191231,47.621379
002803,吉宏股份,营运能力,总资产周转率,20191231,1.494292
002803,吉宏股份,营运能力,总资产周转天数,20191231,240.916633
002803,吉宏股份,营运能力,流动资产周转率,20191231,2.39218
002803,吉宏股份,营运能力,流动资产周转天数,20191231,150.4903
002803,吉宏股份,营运能力,应付账款周转率,20191231,5.778906
002803,吉宏股份,常用指标,归母净利润,20190930,231552078.64
002803,吉宏股份,常用指标,营业总收入,20190930,2162265711.04
002803,吉宏股份,常用指标,营业成本,20190930,1889729774.59
002803,吉宏股份,常用指标,净利润,20190930,247257538.43
002803,吉宏股份,常用指标,扣非净利润,20190930,234752941.82
002803,吉宏股份,常用指标,股东权益合计(净资产),20190930,1372656676.73
002803,吉宏股份,常用指标,商誉,20190930,144884677.88
002803,吉宏股份,常用指标,经营现金流量净额,20190930,161817038.6
002803,吉宏股份,常用指标,基本每股收益,20190930,1.0958
002803,吉宏股份,常用指标,每股净资产,20190930,5.976546
002803,吉宏股份,常用指标,每股现金流,20190930,0.726961
002803,吉宏股份,常用指标,净资产收益率(ROE),20190930,21.85
002803,吉宏股份,常用指标,总资产报酬率(ROA),20190930,15.057705
002803,吉宏股份,常用指标,毛利率,20190930,44.178121
002803,吉宏股份,常用指标,销售净利率,20190930,11.435113
002803,吉宏股份,常用指标,期间费用率,20190930,31.20753
002803,吉宏股份,常用指标,资产负债率,20190930,42.09276
002803,吉宏股份,每股指标,基本每股收益,20190930,1.0958
002803,吉宏股份,每股指标,稀释每股收益,20190930,1.0958
002803,吉宏股份,每股指标,摊薄每股收益_最新股数,20190930,0.505664
002803,吉宏股份,每股指标,摊薄每股净资产_期末股数,20190930,5.976546
002803,吉宏股份,每股指标,调整每股净资产_期末股数,20190930,4.749964
002803,吉宏股份,每股指标,每股净资产_最新股数,20190930,2.905204
002803,吉宏股份,每股指标,每股经营现金流,20190930,0.726961
002803,吉宏股份,每股指标,每股现金流量净额,20190930,0.096428
002803,吉宏股份,每股指标,每股企业自由现金流量,20190930,
002803,吉宏股份,每股指标,每股股东自由现金流量,20190930,
002803,吉宏股份,每股指标,每股未分配利润,20190930,2.432459
002803,吉宏股份,每股指标,每股资本公积金,20190930,2.395197
002803,吉宏股份,每股指标,每股盈余公积金,20190930,0.141496
002803,吉宏股份,每股指标,每股留存收益,20190930,2.573955
002803,吉宏股份,每股指标,每股营业收入,20190930,9.713957
002803,吉宏股份,每股指标,每股营业总收入,20190930,9.713957
002803,吉宏股份,每股指标,每股息税前利润,20190930,1.339011
002803,吉宏股份,盈利能力,净资产收益率(ROE),20190930,21.85
002803,吉宏股份,盈利能力,摊薄净资产收益率,20190930,17.405459
002803,吉宏股份,盈利能力,净资产收益率_平均,20190930,22.947346
002803,吉宏股份,盈利能力,净资产收益率_平均_扣除非经常损益,20190930,23.264558
002803,吉宏股份,盈利能力,摊薄净资产收益率_扣除非经常损益,20190930,17.646063
002803,吉宏股份,盈利能力,息税前利润率,20190930,13.784412
002803,吉宏股份,盈利能力,总资产报酬率,20190930,15.057705
002803,吉宏股份,盈利能力,总资本回报率,20190930,22.207672
002803,吉宏股份,盈利能力,投入资本回报率,20190930,18.595556
002803,吉宏股份,盈利能力,息前税后总资产报酬率_平均,20190930,13.40198
002803,吉宏股份,盈利能力,毛利率,20190930,44.178121
002803,吉宏股份,盈利能力,销售净利率,20190930,11.435113
002803,吉宏股份,盈利能力,成本费用利润率,20190930,14.88098
002803,吉宏股份,盈利能力,营业利润率,20190930,12.741906
002803,吉宏股份,盈利能力,总资产净利率_平均,20190930,11.69796
002803,吉宏股份,盈利能力,总资产净利率_平均(含少数股东损益),20190930,12.491397
002803,吉宏股份,成长能力,归母净利润,20190930,231552078.64
002803,吉宏股份,成长能力,营业总收入,20190930,2162265711.04
002803,吉宏股份,成长能力,净利润,20190930,247257538.43
002803,吉宏股份,成长能力,扣非净利润,20190930,234752941.82
002803,吉宏股份,成长能力,营业总收入增长率,20190930,33.614333
002803,吉宏股份,成长能力,归属母公司净利润增长率,20190930,76.285339
002803,吉宏股份,收益质量,经营活动净现金/销售收入,20190930,0.074836
002803,吉宏股份,收益质量,经营性现金净流量/营业总收入,20190930,0.074836
002803,吉宏股份,收益质量,成本费用率,20190930,87.029409
002803,吉宏股份,收益质量,期间费用率,20190930,31.20753
002803,吉宏股份,收益质量,销售成本率,20190930,55.821878
002803,吉宏股份,收益质量,经营活动净现金/归属母公司的净利润,20190930,0.698836
002803,吉宏股份,收益质量,所得税/利润总额,20190930,11.703617
002803,吉宏股份,财务风险,流动比率,20190930,1.645563
002803,吉宏股份,财务风险,速动比率,20190930,1.405579
002803,吉宏股份,财务风险,保守速动比率,20190930,1.235445
002803,吉宏股份,财务风险,资产负债率,20190930,42.09276
002803,吉宏股份,财务风险,权益乘数,20190930,1.961653
002803,吉宏股份,财务风险,权益乘数(含少数股权的净资产),20190930,1.726899
002803,吉宏股份,财务风险,产权比率,20190930,75.002073
002803,吉宏股份,财务风险,现金比率,20190930,0.732447
002803,吉宏股份,营运能力,应收账款周转率,20190930,5.285369
002803,吉宏股份,营运能力,应收账款周转天数,20190930,51.084414
002803,吉宏股份,营运能力,存货周转率,20190930,5.568016
002803,吉宏股份,营运能力,存货周转天数,20190930,48.491238
002803,吉宏股份,营运能力,总资产周转率,20190930,1.092371
002803,吉宏股份,营运能力,总资产周转天数,20190930,247.168558
002803,吉宏股份,营运能力,流动资产周转率,20190930,1.74317
002803,吉宏股份,营运能力,流动资产周转天数,20190930,154.890198
002803,吉宏股份,营运能力,应付账款周转率,20190930,4.384895
002803,吉宏股份,常用指标,归母净利润,20190630,148028338.7
002803,吉宏股份,常用指标,营业总收入,20190630,1394760940.7
002803,吉宏股份,常用指标,营业成本,20190630,1225656273.76
002803,吉宏股份,常用指标,净利润,20190630,156755968.71
002803,吉宏股份,常用指标,扣非净利润,20190630,142531795.69
002803,吉宏股份,常用指标,股东权益合计(净资产),20190630,1277264448.45
002803,吉宏股份,常用指标,商誉,20190630,144884677.88
002803,吉宏股份,常用指标,经营现金流量净额,20190630,127616318.77
002803,吉宏股份,常用指标,基本每股收益,20190630,0.72
002803,吉宏股份,常用指标,每股净资产,20190630,5.579736
002803,吉宏股份,常用指标,每股现金流,20190630,0.573315
002803,吉宏股份,常用指标,净资产收益率(ROE),20190630,15.89
002803,吉宏股份,常用指标,总资产报酬率(ROA),20190630,9.604519
002803,吉宏股份,常用指标,毛利率,20190630,42.912125
002803,吉宏股份,常用指标,销售净利率,20190630,11.238913
002803,吉宏股份,常用指标,期间费用率,20190630,30.396635
002803,吉宏股份,常用指标,资产负债率,20190630,45.232729
002803,吉宏股份,每股指标,基本每股收益,20190630,0.72
002803,吉宏股份,每股指标,稀释每股收益,20190630,0.72
002803,吉宏股份,每股指标,摊薄每股收益_最新股数,20190630,0.323264
002803,吉宏股份,每股指标,摊薄每股净资产_期末股数,20190630,5.579736
002803,吉宏股份,每股指标,调整每股净资产_期末股数,20190630,4.347609
002803,吉宏股份,每股指标,每股净资产_最新股数,20190630,2.712314
002803,吉宏股份,每股指标,每股经营现金流,20190630,0.573315
002803,吉宏股份,每股指标,每股现金流量净额,20190630,0.27937
002803,吉宏股份,每股指标,每股企业自由现金流量,20190630,-1.587797
002803,吉宏股份,每股指标,每股股东自由现金流量,20190630,-1.70723
002803,吉宏股份,每股指标,每股未分配利润,20190630,2.057229
002803,吉宏股份,每股指标,每股资本公积金,20190630,2.378014
002803,吉宏股份,每股指标,每股盈余公积金,20190630,0.141496
002803,吉宏股份,每股指标,每股留存收益,20190630,2.198725
002803,吉宏股份,每股指标,每股营业收入,20190630,6.265949
002803,吉宏股份,每股指标,每股营业总收入,20190630,6.265949
002803,吉宏股份,每股指标,每股息税前利润,20190630,0.845828
002803,吉宏股份,盈利能力,净资产收益率(ROE),20190630,15.89
002803,吉宏股份,盈利能力,摊薄净资产收益率,20190630,11.91841
002803,吉宏股份,盈利能力,净资产收益率_平均,20190630,15.341402
002803,吉宏股份,盈利能力,净资产收益率_平均_扣除非经常损益,20190630,14.77175
002803,吉宏股份,盈利能力,摊薄净资产收益率_扣除非经常损益,20190630,11.475859
002803,吉宏股份,盈利能力,息税前利润率,20190630,13.498804
002803,吉宏股份,盈利能力,总资产报酬率,20190630,9.604519
002803,吉宏股份,盈利能力,总资本回报率,20190630,14.430222
002803,吉宏股份,盈利能力,投入资本回报率,20190630,12.17702
002803,吉宏股份,盈利能力,息前税后总资产报酬率_平均,20190630,8.550046
002803,吉宏股份,盈利能力,毛利率,20190630,42.912125
002803,吉宏股份,盈利能力,销售净利率,20190630,11.238913
002803,吉宏股份,盈利能力,成本费用利润率,20190630,14.540786
002803,吉宏股份,盈利能力,营业利润率,20190630,12.414736
002803,吉宏股份,盈利能力,总资产净利率_平均,20190630,7.551364
002803,吉宏股份,盈利能力,总资产净利率_平均(含少数股东损益),20190630,7.996586
002803,吉宏股份,成长能力,归母净利润,20190630,148028338.7
002803,吉宏股份,成长能力,营业总收入,20190630,1394760940.7
002803,吉宏股份,成长能力,净利润,20190630,156755968.71
002803,吉宏股份,成长能力,扣非净利润,20190630,142531795.69
002803,吉宏股份,成长能力,营业总收入增长率,20190630,45.419507
002803,吉宏股份,成长能力,归属母公司净利润增长率,20190630,82.451294
002803,吉宏股份,收益质量,经营活动净现金/销售收入,20190630,0.091496
002803,吉宏股份,收益质量,经营性现金净流量/营业总收入,20190630,0.091496
002803,吉宏股份,收益质量,成本费用率,20190630,87.484509
002803,吉宏股份,收益质量,期间费用率,20190630,30.396635
002803,吉宏股份,收益质量,销售成本率,20190630,57.087874
002803,吉宏股份,收益质量,经营活动净现金/归属母公司的净利润,20190630,0.862107
002803,吉宏股份,收益质量,所得税/利润总额,20190630,11.650264
002803,吉宏股份,财务风险,流动比率,20190630,1.59553
002803,吉宏股份,财务风险,速动比率,20190630,1.358693
002803,吉宏股份,财务风险,保守速动比率,20190630,1.209155
002803,吉宏股份,财务风险,资产负债率,20190630,45.232729
002803,吉宏股份,财务风险,权益乘数,20190630,2.031606
002803,吉宏股份,财务风险,权益乘数(含少数股权的净资产),20190630,1.825908
002803,吉宏股份,财务风险,产权比率,20190630,84.934862
002803,吉宏股份,财务风险,现金比率,20190630,0.787192
002803,吉宏股份,营运能力,应收账款周转率,20190630,3.670902
002803,吉宏股份,营运能力,应收账款周转天数,20190630,49.03426
002803,吉宏股份,营运能力,存货周转率,20190630,3.614504
002803,吉宏股份,营运能力,存货周转天数,20190630,49.799354
002803,吉宏股份,营运能力,总资产周转率,20190630,0.711508
002803,吉宏股份,营运能力,总资产周转天数,20190630,252.983489
002803,吉宏股份,营运能力,流动资产周转率,20190630,1.115421
002803,吉宏股份,营运能力,流动资产周转天数,20190630,161.373971
002803,吉宏股份,营运能力,应付账款周转率,20190630,2.751459
002803,吉宏股份,常用指标,归母净利润,20190331,72814265.76
002803,吉宏股份,常用指标,营业总收入,20190331,671479438.02
002803,吉宏股份,常用指标,营业成本,20190331,589610560.75
002803,吉宏股份,常用指标,净利润,20190331,76452756.07
002803,吉宏股份,常用指标,扣非净利润,20190331,71493564.06
002803,吉宏股份,常用指标,股东权益合计(净资产),20190331,797485066.79
002803,吉宏股份,常用指标,商誉,20190331,144880622.88
002803,吉宏股份,常用指标,经营现金流量净额,20190331,73040657.73
002803,吉宏股份,常用指标,基本每股收益,20190331,0.3692
002803,吉宏股份,常用指标,每股净资产,20190331,3.876208
002803,吉宏股份,常用指标,每股现金流,20190331,0.370388
002803,吉宏股份,常用指标,净资产收益率(ROE),20190331,10.05
002803,吉宏股份,常用指标,总资产报酬率(ROA),20190331,5.685735
002803,吉宏股份,常用指标,毛利率,20190331,41.860825
002803,吉宏股份,常用指标,销售净利率,20190331,11.385718
002803,吉宏股份,常用指标,期间费用率,20190331,29.305516
002803,吉宏股份,常用指标,资产负债率,20190331,49.820269
002803,吉宏股份,每股指标,基本每股收益,20190331,0.3692
002803,吉宏股份,每股指标,稀释每股收益,20190331,0.3692
002803,吉宏股份,每股指标,摊薄每股收益_最新股数,20190331,0.159012
002803,吉宏股份,每股指标,摊薄每股净资产_期末股数,20190331,3.876208
002803,吉宏股份,每股指标,调整每股净资产_期末股数,20190331,2.642634
002803,吉宏股份,每股指标,每股净资产_最新股数,20190331,1.669273
002803,吉宏股份,每股指标,每股经营现金流,20190331,0.370388
002803,吉宏股份,每股指标,每股现金流量净额,20190331,0.077853
002803,吉宏股份,每股指标,每股企业自由现金流量,20190331,
002803,吉宏股份,每股指标,每股股东自由现金流量,20190331,
002803,吉宏股份,每股指标,每股未分配利润,20190331,2.440731
002803,吉宏股份,每股指标,每股资本公积金,20190331,0.272954
002803,吉宏股份,每股指标,每股盈余公积金,20190331,0.159717
002803,吉宏股份,每股指标,每股留存收益,20190331,2.600448
002803,吉宏股份,每股指标,每股营业收入,20190331,3.405068
002803,吉宏股份,每股指标,每股营业总收入,20190331,3.405068
002803,吉宏股份,每股指标,每股息税前利润,20190331,0.458097
002803,吉宏股份,盈利能力,净资产收益率(ROE),20190331,10.05
002803,吉宏股份,盈利能力,摊薄净资产收益率,20190331,9.52582
002803,吉宏股份,盈利能力,净资产收益率_平均,20190331,10.028386
002803,吉宏股份,盈利能力,净资产收益率_平均_扣除非经常损益,20190331,9.846492
002803,吉宏股份,盈利能力,摊薄净资产收益率_扣除非经常损益,20190331,9.353042
002803,吉宏股份,盈利能力,息税前利润率,20190331,13.453387
002803,吉宏股份,盈利能力,总资产报酬率,20190331,5.685735
002803,吉宏股份,盈利能力,总资本回报率,20190331,8.700901
002803,吉宏股份,盈利能力,投入资本回报率,20190331,7.437
002803,吉宏股份,盈利能力,息前税后总资产报酬率_平均,20190331,5.088824
002803,吉宏股份,盈利能力,毛利率,20190331,41.860825
002803,吉宏股份,盈利能力,销售净利率,20190331,11.385718
002803,吉宏股份,盈利能力,成本费用利润率,20190331,14.635659
002803,吉宏股份,盈利能力,营业利润率,20190331,12.611635
002803,吉宏股份,盈利能力,总资产净利率_平均,20190331,4.582882
002803,吉宏股份,盈利能力,总资产净利率_平均(含少数股东损益),20190331,4.811887
002803,吉宏股份,成长能力,归母净利润,20190331,72814265.76
002803,吉宏股份,成长能力,营业总收入,20190331,671479438.02
002803,吉宏股份,成长能力,净利润,20190331,76452756.07
002803,吉宏股份,成长能力,扣非净利润,20190331,71493564.06
002803,吉宏股份,成长能力,营业总收入增长率,20190331,58.956992
002803,吉宏股份,成长能力,归属母公司净利润增长率,20190331,284.889551
002803,吉宏股份,收益质量,经营活动净现金/销售收入,20190331,0.108775
002803,吉宏股份,收益质量,经营性现金净流量/营业总收入,20190331,0.108775
002803,吉宏股份,收益质量,成本费用率,20190331,87.44469
002803,吉宏股份,收益质量,期间费用率,20190331,29.305516
002803,吉宏股份,收益质量,销售成本率,20190331,58.139174
002803,吉宏股份,收益质量,经营活动净现金/归属母公司的净利润,20190331,1.003109
002803,吉宏股份,收益质量,所得税/利润总额,20190331,11.035924
002803,吉宏股份,财务风险,流动比率,20190331,1.252009
002803,吉宏股份,财务风险,速动比率,20190331,0.994617
002803,吉宏股份,财务风险,保守速动比率,20190331,0.820928
002803,吉宏股份,财务风险,资产负债率,20190331,49.820269
002803,吉宏股份,财务风险,权益乘数,20190331,2.188226
002803,吉宏股份,财务风险,权益乘数(含少数股权的净资产),20190331,1.992836
002803,吉宏股份,财务风险,产权比率,20190331,103.582464
002803,吉宏股份,财务风险,现金比率,20190331,0.398366
002803,吉宏股份,营运能力,应收账款周转率,20190331,2.056534
002803,吉宏股份,营运能力,应收账款周转天数,20190331,43.762946
002803,吉宏股份,营运能力,存货周转率,20190331,1.971185
002803,吉宏股份,营运能力,存货周转天数,20190331,45.65781
002803,吉宏股份,营运能力,总资产周转率,20190331,0.422624
002803,吉宏股份,营运能力,总资产周转天数,20190331,212.954832
002803,吉宏股份,营运能力,流动资产周转率,20190331,0.727623
002803,吉宏股份,营运能力,流动资产周转天数,20190331,123.6903
002803,吉宏股份,营运能力,应付账款周转率,20190331,
002803,吉宏股份,常用指标,归母净利润,20181231,213169745.48
002803,吉宏股份,常用指标,营业总收入,20181231,2269045472.46
002803,吉宏股份,常用指标,营业成本,20181231,2017655793.64
002803,吉宏股份,常用指标,净利润,20181231,228352034.95
002803,吉宏股份,常用指标,扣非净利润,20181231,201623384.73
002803,吉宏股份,常用指标,股东权益合计(净资产),20181231,717233133.42
002803,吉宏股份,常用指标,商誉,20181231,144880622.88
002803,吉宏股份,常用指标,经营现金流量净额,20181231,256986153.81
002803,吉宏股份,常用指标,基本每股收益,20181231,1.08
002803,吉宏股份,常用指标,每股净资产,20181231,3.487701
002803,吉宏股份,常用指标,每股现金流,20181231,1.303175
002803,吉宏股份,常用指标,净资产收益率(ROE),20181231,35.43
002803,吉宏股份,常用指标,总资产报酬率(ROA),20181231,20.949262
002803,吉宏股份,常用指标,毛利率,20181231,43.05799
002803,吉宏股份,常用指标,销售净利率,20181231,10.063792
002803,吉宏股份,常用指标,期间费用率,20181231,31.567174
002803,吉宏股份,常用指标,资产负债率,20181231,54.845691
002803,吉宏股份,每股指标,基本每股收益,20181231,1.08
002803,吉宏股份,每股指标,稀释每股收益,20181231,1.08
002803,吉宏股份,每股指标,摊薄每股收益_最新股数,20181231,0.46552
002803,吉宏股份,每股指标,摊薄每股净资产_期末股数,20181231,3.487701
002803,吉宏股份,每股指标,调整每股净资产_期末股数,20181231,2.239367
002803,吉宏股份,每股指标,每股净资产_最新股数,20181231,1.501964
002803,吉宏股份,每股指标,每股经营现金流,20181231,1.303175
002803,吉宏股份,每股指标,每股现金流量净额,20181231,0.714059
002803,吉宏股份,每股指标,每股企业自由现金流量,20181231,1.129381
002803,吉宏股份,每股指标,每股股东自由现金流量,20181231,0.844746
002803,吉宏股份,每股指标,每股未分配利润,20181231,2.07149
002803,吉宏股份,每股指标,每股资本公积金,20181231,0.253557
002803,吉宏股份,每股指标,每股盈余公积金,20181231,0.159717
002803,吉宏股份,每股指标,每股留存收益,20181231,2.231207
002803,吉宏股份,每股指标,每股营业收入,20181231,11.506315
002803,吉宏股份,每股指标,每股营业总收入,20181231,11.506315
002803,吉宏股份,每股指标,每股息税前利润,20181231,1.453666
002803,吉宏股份,盈利能力,净资产收益率(ROE),20181231,35.43
002803,吉宏股份,盈利能力,摊薄净资产收益率,20181231,30.994123
002803,吉宏股份,盈利能力,净资产收益率_平均,20181231,35.819849
002803,吉宏股份,盈利能力,净资产收益率_平均_扣除非经常损益,20181231,33.879663
002803,吉宏股份,盈利能力,摊薄净资产收益率_扣除非经常损益,20181231,29.315323
002803,吉宏股份,盈利能力,息税前利润率,20181231,12.63364
002803,吉宏股份,盈利能力,总资产报酬率,20181231,20.949262
002803,吉宏股份,盈利能力,总资本回报率,20181231,31.175629
002803,吉宏股份,盈利能力,投入资本回报率,20181231,26.364397
002803,吉宏股份,盈利能力,息前税后总资产报酬率_平均,20181231,18.825749
002803,吉宏股份,盈利能力,毛利率,20181231,43.05799
002803,吉宏股份,盈利能力,销售净利率,20181231,10.063792
002803,吉宏股份,盈利能力,成本费用利润率,20181231,12.817196
002803,吉宏股份,盈利能力,营业利润率,20181231,11.147615
002803,吉宏股份,盈利能力,总资产净利率_平均,20181231,15.57839
002803,吉宏股份,盈利能力,总资产净利率_平均(含少数股东损益),20181231,16.687908
002803,吉宏股份,成长能力,归母净利润,20181231,213169745.48
002803,吉宏股份,成长能力,营业总收入,20181231,2269045472.46
002803,吉宏股份,成长能力,净利润,20181231,228352034.95
002803,吉宏股份,成长能力,扣非净利润,20181231,201623384.73
002803,吉宏股份,成长能力,营业总收入增长率,20181231,100.337181
002803,吉宏股份,成长能力,归属母公司净利润增长率,20181231,166.347872
002803,吉宏股份,收益质量,经营活动净现金/销售收入,20181231,0.113257
002803,吉宏股份,收益质量,经营性现金净流量/营业总收入,20181231,0.113257
002803,吉宏股份,收益质量,成本费用率,20181231,88.509183
002803,吉宏股份,收益质量,期间费用率,20181231,31.567174
002803,吉宏股份,收益质量,销售成本率,20181231,56.942009
002803,吉宏股份,收益质量,经营活动净现金/归属母公司的净利润,20181231,1.205547
002803,吉宏股份,收益质量,所得税/利润总额,20181231,11.288422
002803,吉宏股份,财务风险,流动比率,20181231,1.13322
002803,吉宏股份,财务风险,速动比率,20181231,0.879777
002803,吉宏股份,财务风险,保守速动比率,20181231,0.769821
002803,吉宏股份,财务风险,资产负债率,20181231,54.845691
002803,吉宏股份,财务风险,权益乘数,20181231,2.299329
002803,吉宏股份,财务风险,权益乘数(含少数股权的净资产),20181231,2.214628
002803,吉宏股份,财务风险,产权比率,20181231,126.665242
002803,吉宏股份,财务风险,现金比率,20181231,0.344908
002803,吉宏股份,营运能力,应收账款周转率,20181231,8.40333
002803,吉宏股份,营运能力,应收账款周转天数,20181231,42.840158
002803,吉宏股份,营运能力,存货周转率,20181231,6.825858
002803,吉宏股份,营运能力,存货周转天数,20181231,52.740618
002803,吉宏股份,营运能力,总资产周转率,20181231,1.658212
002803,吉宏股份,营运能力,总资产周转天数,20181231,217.101222
002803,吉宏股份,营运能力,流动资产周转率,20181231,2.829316
002803,吉宏股份,营运能力,流动资产周转天数,20181231,127.239208
002803,吉宏股份,营运能力,应付账款周转率,20181231,5.561676
002803,吉宏股份,常用指标,归母净利润,20180930,131350729.05
002803,吉宏股份,常用指标,营业总收入,20180930,1618288736.41
002803,吉宏股份,常用指标,营业成本,20180930,1461502846.29
002803,吉宏股份,常用指标,净利润,20180930,142659772.46
002803,吉宏股份,常用指标,扣非净利润,20180930,129285813.98
002803,吉宏股份,常用指标,股东权益合计(净资产),20180930,565907855.49
002803,吉宏股份,常用指标,商誉,20180930,143215304.72
002803,吉宏股份,常用指标,经营现金流量净额,20180930,116145991.11
002803,吉宏股份,常用指标,基本每股收益,20180930,1.15
002803,吉宏股份,常用指标,每股净资产,20180930,4.620163
002803,吉宏股份,常用指标,每股现金流,20180930,1.001258
002803,吉宏股份,常用指标,净资产收益率(ROE),20180930,20.9
002803,吉宏股份,常用指标,总资产报酬率(ROA),20180930,14.428339
002803,吉宏股份,常用指标,毛利率,20180930,39.864962
002803,吉宏股份,常用指标,销售净利率,20180930,8.81547
002803,吉宏股份,常用指标,期间费用率,20180930,29.780012
002803,吉宏股份,常用指标,资产负债率,20180930,58.341933
002803,吉宏股份,每股指标,基本每股收益,20180930,1.15
002803,吉宏股份,每股指标,稀释每股收益,20180930,1.15
002803,吉宏股份,每股指标,摊薄每股收益_最新股数,20180930,0.286844
002803,吉宏股份,每股指标,摊薄每股净资产_期末股数,20180930,4.620163
002803,吉宏股份,每股指标,调整每股净资产_期末股数,20180930,2.676201
002803,吉宏股份,每股指标,每股净资产_最新股数,20180930,1.170385
002803,吉宏股份,每股指标,每股经营现金流,20180930,1.001258
002803,吉宏股份,每股指标,每股现金流量净额,20180930,0.447627
002803,吉宏股份,每股指标,每股企业自由现金流量,20180930,
002803,吉宏股份,每股指标,每股股东自由现金流量,20180930,
002803,吉宏股份,每股指标,每股未分配利润,20180930,2.910769
002803,吉宏股份,每股指标,每股资本公积金,20180930,1.251949
002803,吉宏股份,每股指标,每股盈余公积金,20180930,0.176947
002803,吉宏股份,每股指标,每股留存收益,20180930,3.087717
002803,吉宏股份,每股指标,每股营业收入,20180930,13.950764
002803,吉宏股份,每股指标,每股营业总收入,20180930,13.950764
002803,吉宏股份,每股指标,每股息税前利润,20180930,1.559001
002803,吉宏股份,盈利能力,净资产收益率(ROE),20180930,20.9
002803,吉宏股份,盈利能力,摊薄净资产收益率,20180930,24.508523
002803,吉宏股份,盈利能力,净资产收益率_平均,20180930,25.298755
002803,吉宏股份,盈利能力,净资产收益率_平均_扣除非经常损益,20180930,24.901043
002803,吉宏股份,盈利能力,摊薄净资产收益率_扣除非经常损益,20180930,24.123234
002803,吉宏股份,盈利能力,息税前利润率,20180930,11.175023
002803,吉宏股份,盈利能力,总资产报酬率,20180930,14.428339
002803,吉宏股份,盈利能力,总资本回报率,20180930,21.04676
002803,吉宏股份,盈利能力,投入资本回报率,20180930,17.495799
002803,吉宏股份,盈利能力,息前税后总资产报酬率_平均,20180930,12.896295
002803,吉宏股份,盈利能力,毛利率,20180930,39.864962
002803,吉宏股份,盈利能力,销售净利率,20180930,8.81547
002803,吉宏股份,盈利能力,成本费用利润率,20180930,11.123908
002803,吉宏股份,盈利能力,营业利润率,20180930,9.89822
002803,吉宏股份,盈利能力,总资产净利率_平均,20180930,10.479591
002803,吉宏股份,盈利能力,总资产净利率_平均(含少数股东损益),20180930,11.381864
002803,吉宏股份,成长能力,归母净利润,20180930,131350729.05
002803,吉宏股份,成长能力,营业总收入,20180930,1618288736.41
002803,吉宏股份,成长能力,净利润,20180930,142659772.46
002803,吉宏股份,成长能力,扣非净利润,20180930,129285813.98
002803,吉宏股份,成长能力,营业总收入增长率,20180930,131.926435
002803,吉宏股份,成长能力,归属母公司净利润增长率,20180930,242.16983
002803,吉宏股份,收益质量,经营活动净现金/销售收入,20180930,0.07177
002803,吉宏股份,收益质量,经营性现金净流量/营业总收入,20180930,0.07177
002803,吉宏股份,收益质量,成本费用率,20180930,89.915049
002803,吉宏股份,收益质量,期间费用率,20180930,29.780012
002803,吉宏股份,收益质量,销售成本率,20180930,60.135037
002803,吉宏股份,收益质量,经营活动净现金/归属母公司的净利润,20180930,0.884243
002803,吉宏股份,收益质量,所得税/利润总额,20180930,11.863519
002803,吉宏股份,财务风险,流动比率,20180930,1.005756
002803,吉宏股份,财务风险,速动比率,20180930,0.777685
002803,吉宏股份,财务风险,保守速动比率,20180930,0.684863
002803,吉宏股份,财务风险,资产负债率,20180930,58.341933
002803,吉宏股份,财务风险,权益乘数,20180930,2.414097
002803,吉宏股份,财务风险,权益乘数(含少数股权的净资产),20180930,2.400495
002803,吉宏股份,财务风险,产权比率,20180930,147.8809
002803,吉宏股份,财务风险,现金比率,20180930,0.248699
002803,吉宏股份,营运能力,应收账款周转率,20180930,6.089571
002803,吉宏股份,营运能力,应收账款周转天数,20180930,44.338091
002803,吉宏股份,营运能力,存货周转率,20180930,5.5633
002803,吉宏股份,营运能力,存货周转天数,20180930,48.532338
002803,吉宏股份,营运能力,总资产周转率,20180930,1.291123
002803,吉宏股份,营运能力,总资产周转天数,20180930,209.120146
002803,吉宏股份,营运能力,流动资产周转率,20180930,2.209848
002803,吉宏股份,营运能力,流动资产周转天数,20180930,122.180338
002803,吉宏股份,营运能力,应付账款周转率,20180930,
002803,吉宏股份,常用指标,归母净利润,20180630,81133071.09
002803,吉宏股份,常用指标,营业总收入,20180630,959129184.64
002803,吉宏股份,常用指标,营业成本,20180630,867057136.38
002803,吉宏股份,常用指标,净利润,20180630,86580096.11
002803,吉宏股份,常用指标,扣非净利润,20180630,80179220.58
002803,吉宏股份,常用指标,股东权益合计(净资产),20180630,506921419.53
002803,吉宏股份,常用指标,商誉,20180630,143215304.72
002803,吉宏股份,常用指标,经营现金流量净额,20180630,62285856.94
002803,吉宏股份,常用指标,基本每股收益,20180630,0.69
002803,吉宏股份,常用指标,每股净资产,20180630,4.179984
002803,吉宏股份,常用指标,每股现金流,20180630,0.536947
002803,吉宏股份,常用指标,净资产收益率(ROE),20180630,13.88
002803,吉宏股份,常用指标,总资产报酬率(ROA),20180630,8.983082
002803,吉宏股份,常用指标,毛利率,20180630,38.324387
002803,吉宏股份,常用指标,销售净利率,20180630,9.026948
002803,吉宏股份,常用指标,期间费用率,20180630,28.276593
002803,吉宏股份,常用指标,资产负债率,20180630,61.35814
002803,吉宏股份,每股指标,基本每股收益,20180630,0.69
002803,吉宏股份,每股指标,稀释每股收益,20180630,0.69
002803,吉宏股份,每股指标,摊薄每股收益_最新股数,20180630,0.177178
002803,吉宏股份,每股指标,摊薄每股净资产_期末股数,20180630,4.179984
002803,吉宏股份,每股指标,调整每股净资产_期末股数,20180630,2.259789
002803,吉宏股份,每股指标,每股净资产_最新股数,20180630,1.058878
002803,吉宏股份,每股指标,每股经营现金流,20180630,0.536947
002803,吉宏股份,每股指标,每股现金流量净额,20180630,0.195387
002803,吉宏股份,每股指标,每股企业自由现金流量,20180630,1.800363
002803,吉宏股份,每股指标,每股股东自由现金流量,20180630,2.178553
002803,吉宏股份,每股指标,每股未分配利润,20180630,2.477858
002803,吉宏股份,每股指标,每股资本公积金,20180630,1.251949
002803,吉宏股份,每股指标,每股盈余公积金,20180630,0.176947
002803,吉宏股份,每股指标,每股留存收益,20180630,2.654806
002803,吉宏股份,每股指标,每股营业收入,20180630,8.268355
002803,吉宏股份,每股指标,每股营业总收入,20180630,8.268355
002803,吉宏股份,每股指标,每股息税前利润,20180630,0.952585
002803,吉宏股份,盈利能力,净资产收益率(ROE),20180630,13.88
002803,吉宏股份,盈利能力,摊薄净资产收益率,20180630,16.73267
002803,吉宏股份,盈利能力,净资产收益率_平均,20180630,16.434744
002803,吉宏股份,盈利能力,净资产收益率_平均_扣除非经常损益,20180630,16.241527
002803,吉宏股份,盈利能力,摊薄净资产收益率_扣除非经常损益,20180630,16.535951
002803,吉宏股份,盈利能力,息税前利润率,20180630,11.520853
002803,吉宏股份,盈利能力,总资产报酬率,20180630,8.983082
002803,吉宏股份,盈利能力,总资本回报率,20180630,13.238148
002803,吉宏股份,盈利能力,投入资本回报率,20180630,11.239693
002803,吉宏股份,盈利能力,息前税后总资产报酬率_平均,20180630,8.069796
002803,吉宏股份,盈利能力,毛利率,20180630,38.324387
002803,吉宏股份,盈利能力,销售净利率,20180630,9.026948
002803,吉宏股份,盈利能力,成本费用利润率,20180630,11.337402
002803,吉宏股份,盈利能力,营业利润率,20180630,10.104381
002803,吉宏股份,盈利能力,总资产净利率_平均,20180630,6.59571
002803,吉宏股份,盈利能力,总资产净利率_平均(含少数股东损益),20180630,7.038525
002803,吉宏股份,成长能力,归母净利润,20180630,81133071.09
002803,吉宏股份,成长能力,营业总收入,20180630,959129184.64
002803,吉宏股份,成长能力,净利润,20180630,86580096.11
002803,吉宏股份,成长能力,扣非净利润,20180630,80179220.58
002803,吉宏股份,成长能力,营业总收入增长率,20180630,147.235469
002803,吉宏股份,成长能力,归属母公司净利润增长率,20180630,312.127194
002803,吉宏股份,收益质量,经营活动净现金/销售收入,20180630,0.06494
002803,吉宏股份,收益质量,经营性现金净流量/营业总收入,20180630,0.06494
002803,吉宏股份,收益质量,成本费用率,20180630,89.952205
002803,吉宏股份,收益质量,期间费用率,20180630,28.276593
002803,吉宏股份,收益质量,销售成本率,20180630,61.675612
002803,吉宏股份,收益质量,经营活动净现金/归属母公司的净利润,20180630,0.767699
002803,吉宏股份,收益质量,所得税/利润总额,20180630,11.485261
002803,吉宏股份,财务风险,流动比率,20180630,0.944421
002803,吉宏股份,财务风险,速动比率,20180630,0.739628
002803,吉宏股份,财务风险,保守速动比率,20180630,0.592442
002803,吉宏股份,财务风险,资产负债率,20180630,61.35814
002803,吉宏股份,财务风险,权益乘数,20180630,2.491732
002803,吉宏股份,财务风险,权益乘数(含少数股权的净资产),20180630,2.587867
002803,吉宏股份,财务风险,产权比率,20180630,166.005378
002803,吉宏股份,财务风险,现金比率,20180630,0.203862
002803,吉宏股份,营运能力,应收账款周转率,20180630,3.828627
002803,吉宏股份,营运能力,应收账款周转天数,20180630,47.014239
002803,吉宏股份,营运能力,存货周转率,20180630,3.540559
002803,吉宏股份,营运能力,存货周转天数,20180630,50.839426
002803,吉宏股份,营运能力,总资产周转率,20180630,0.779723
002803,吉宏股份,营运能力,总资产周转天数,20180630,230.850998
002803,吉宏股份,营运能力,流动资产周转率,20180630,1.343264
002803,吉宏股份,营运能力,流动资产周转天数,20180630,134.001918
002803,吉宏股份,营运能力,应付账款周转率,20180630,2.881598
002803,吉宏股份,常用指标,归母净利润,20180331,18918223.55
002803,吉宏股份,常用指标,营业总收入,20180331,422428373.45
002803,吉宏股份,常用指标,营业成本,20180331,395364532.64
002803,吉宏股份,常用指标,净利润,20180331,21881486.69
002803,吉宏股份,常用指标,扣非净利润,20180331,18888819.16
002803,吉宏股份,常用指标,股东权益合计(净资产),20180331,456027735.54
002803,吉宏股份,常用指标,商誉,20180331,
002803,吉宏股份,常用指标,经营现金流量净额,20180331,46292287.19
002803,吉宏股份,常用指标,基本每股收益,20180331,0.16
002803,吉宏股份,常用指标,每股净资产,20180331,3.773346
002803,吉宏股份,常用指标,每股现金流,20180331,0.399071
002803,吉宏股份,常用指标,净资产收益率(ROE),20180331,3.91
002803,吉宏股份,常用指标,总资产报酬率(ROA),20180331,2.978104
002803,吉宏股份,常用指标,毛利率,20180331,33.234294
002803,吉宏股份,常用指标,销售净利率,20180331,5.179928
002803,吉宏股份,常用指标,期间费用率,20180331,26.111361
002803,吉宏股份,常用指标,资产负债率,20180331,58.061825
002803,吉宏股份,每股指标,基本每股收益,20180331,0.16
002803,吉宏股份,每股指标,稀释每股收益,20180331,0.16
002803,吉宏股份,每股指标,摊薄每股收益_最新股数,20180331,0.041313
002803,吉宏股份,每股指标,摊薄每股净资产_期末股数,20180331,3.773346
002803,吉宏股份,每股指标,调整每股净资产_期末股数,20180331,3.310155
002803,吉宏股份,每股指标,每股净资产_最新股数,20180331,0.955868
002803,吉宏股份,每股指标,每股经营现金流,20180331,0.399071
002803,吉宏股份,每股指标,每股现金流量净额,20180331,0.415288
002803,吉宏股份,每股指标,每股企业自由现金流量,20180331,
002803,吉宏股份,每股指标,每股股东自由现金流量,20180331,
002803,吉宏股份,每股指标,每股未分配利润,20180331,2.069314
002803,吉宏股份,每股指标,每股资本公积金,20180331,1.251949
002803,吉宏股份,每股指标,每股盈余公积金,20180331,0.176947
002803,吉宏股份,每股指标,每股留存收益,20180331,2.246261
002803,吉宏股份,每股指标,每股营业收入,20180331,3.641623
002803,吉宏股份,每股指标,每股营业总收入,20180331,3.641623
002803,吉宏股份,每股指标,每股息税前利润,20180331,0.28699
002803,吉宏股份,盈利能力,净资产收益率(ROE),20180331,3.91
002803,吉宏股份,盈利能力,摊薄净资产收益率,20180331,4.322108
002803,吉宏股份,盈利能力,净资产收益率_平均,20180331,4.024443
002803,吉宏股份,盈利能力,净资产收益率_平均_扣除非经常损益,20180331,4.018188
002803,吉宏股份,盈利能力,摊薄净资产收益率_扣除非经常损益,20180331,4.31539
002803,吉宏股份,盈利能力,息税前利润率,20180331,7.880844
002803,吉宏股份,盈利能力,总资产报酬率,20180331,2.978104
002803,吉宏股份,盈利能力,总资本回报率,20180331,4.148725
002803,吉宏股份,盈利能力,投入资本回报率,20180331,3.024326
002803,吉宏股份,盈利能力,息前税后总资产报酬率_平均,20180331,1.95745
002803,吉宏股份,盈利能力,毛利率,20180331,33.234294
002803,吉宏股份,盈利能力,销售净利率,20180331,5.179928
002803,吉宏股份,盈利能力,成本费用利润率,20180331,7.1216
002803,吉宏股份,盈利能力,营业利润率,20180331,6.655844
002803,吉宏股份,盈利能力,总资产净利率_平均,20180331,1.692366
002803,吉宏股份,盈利能力,总资产净利率_平均(含少数股东损益),20180331,1.95745
002803,吉宏股份,成长能力,归母净利润,20180331,18918223.55
002803,吉宏股份,成长能力,营业总收入,20180331,422428373.45
002803,吉宏股份,成长能力,净利润,20180331,21881486.69
002803,吉宏股份,成长能力,扣非净利润,20180331,18888819.16
002803,吉宏股份,成长能力,营业总收入增长率,20180331,126.527187
002803,吉宏股份,成长能力,归属母公司净利润增长率,20180331,109.491853
002803,吉宏股份,收益质量,经营活动净现金/销售收入,20180331,0.109586
002803,吉宏股份,收益质量,经营性现金净流量/营业总收入,20180331,0.109586
002803,吉宏股份,收益质量,成本费用率,20180331,92.877066
002803,吉宏股份,收益质量,期间费用率,20180331,26.111361
002803,吉宏股份,收益质量,销售成本率,20180331,66.765705
002803,吉宏股份,收益质量,经营活动净现金/归属母公司的净利润,20180331,2.446967
002803,吉宏股份,收益质量,所得税/利润总额,20180331,21.686319
002803,吉宏股份,财务风险,流动比率,20180331,1.010999
002803,吉宏股份,财务风险,速动比率,20180331,0.785913
002803,吉宏股份,财务风险,保守速动比率,20180331,0.662302
002803,吉宏股份,财务风险,资产负债率,20180331,58.061825
002803,吉宏股份,财务风险,权益乘数,20180331,2.377997
002803,吉宏股份,财务风险,权益乘数(含少数股权的净资产),20180331,2.384462
002803,吉宏股份,财务风险,产权比率,20180331,144.240664
002803,吉宏股份,财务风险,现金比率,20180331,0.30651
002803,吉宏股份,营运能力,应收账款周转率,20180331,2.04395
002803,吉宏股份,营运能力,应收账款周转天数,20180331,44.032366
002803,吉宏股份,营运能力,存货周转率,20180331,1.807523
002803,吉宏股份,营运能力,存货周转天数,20180331,49.791887
002803,吉宏股份,营运能力,总资产周转率,20180331,0.377891
002803,吉宏股份,营运能力,总资产周转天数,20180331,238.16362
002803,吉宏股份,营运能力,流动资产周转率,20180331,0.645203
002803,吉宏股份,营运能力,流动资产周转天数,20180331,139.490903
002803,吉宏股份,营运能力,应付账款周转率,20180331,1.399097
002803,吉宏股份,常用指标,归母净利润,20171231,80034333.83
002803,吉宏股份,常用指标,营业总收入,20171231,1132613257.78
002803,吉宏股份,常用指标,营业成本,20171231,1045920296.9
002803,吉宏股份,常用指标,净利润,20171231,82064710.44
002803,吉宏股份,常用指标,扣非净利润,20171231,76885839.21
002803,吉宏股份,常用指标,股东权益合计(净资产),20171231,517883584.95
002803,吉宏股份,常用指标,商誉,20171231,
002803,吉宏股份,常用指标,经营现金流量净额,20171231,-62984295.02
002803,吉宏股份,常用指标,基本每股收益,20171231,0.69
002803,吉宏股份,常用指标,每股净资产,20171231,4.331532
002803,吉宏股份,常用指标,每股现金流,20171231,-0.542968
002803,吉宏股份,常用指标,净资产收益率(ROE),20171231,17.04
002803,吉宏股份,常用指标,总资产报酬率(ROA),20171231,11.439021
002803,吉宏股份,常用指标,毛利率,20171231,27.45344
002803,吉宏股份,常用指标,销售净利率,20171231,7.245607
002803,吉宏股份,常用指标,期间费用率,20171231,18.865768
002803,吉宏股份,常用指标,资产负债率,20171231,54.90122
002803,吉宏股份,每股指标,基本每股收益,20171231,0.69
002803,吉宏股份,每股指标,稀释每股收益,20171231,0.69
002803,吉宏股份,每股指标,摊薄每股收益_最新股数,20171231,0.174779
002803,吉宏股份,每股指标,摊薄每股净资产_期末股数,20171231,4.331532
002803,吉宏股份,每股指标,调整每股净资产_期末股数,20171231,3.870513
002803,吉宏股份,每股指标,每股净资产_最新股数,20171231,1.097268
002803,吉宏股份,每股指标,每股经营现金流,20171231,-0.542968
002803,吉宏股份,每股指标,每股现金流量净额,20171231,0.441272
002803,吉宏股份,每股指标,每股企业自由现金流量,20171231,0.670883
002803,吉宏股份,每股指标,每股股东自由现金流量,20171231,3.216321
002803,吉宏股份,每股指标,每股未分配利润,20171231,1.906225
002803,吉宏股份,每股指标,每股资本公积金,20171231,1.251949
002803,吉宏股份,每股指标,每股盈余公积金,20171231,0.176947
002803,吉宏股份,每股指标,每股留存收益,20171231,2.083173
002803,吉宏股份,每股指标,每股营业收入,20171231,9.763907
002803,吉宏股份,每股指标,每股营业总收入,20171231,9.763907
002803,吉宏股份,每股指标,每股息税前利润,20171231,0.93712
002803,吉宏股份,盈利能力,净资产收益率(ROE),20171231,17.04
002803,吉宏股份,盈利能力,摊薄净资产收益率,20171231,15.928568
002803,吉宏股份,盈利能力,净资产收益率_平均,20171231,17.04282
002803,吉宏股份,盈利能力,净资产收益率_平均_扣除非经常损益,20171231,16.372367
002803,吉宏股份,盈利能力,摊薄净资产收益率_扣除非经常损益,20171231,15.301949
002803,吉宏股份,盈利能力,息税前利润率,20171231,9.597804
002803,吉宏股份,盈利能力,总资产报酬率,20171231,11.439021
002803,吉宏股份,盈利能力,总资本回报率,20171231,15.628388
002803,吉宏股份,盈利能力,投入资本回报率,20171231,13.041656
002803,吉宏股份,盈利能力,息前税后总资产报酬率_平均,20171231,9.759347
002803,吉宏股份,盈利能力,毛利率,20171231,27.45344
002803,吉宏股份,盈利能力,销售净利率,20171231,7.245607
002803,吉宏股份,盈利能力,成本费用利润率,20171231,9.468003
002803,吉宏股份,盈利能力,营业利润率,20171231,8.266294
002803,吉宏股份,盈利能力,总资产净利率_平均,20171231,8.42193
002803,吉宏股份,盈利能力,总资产净利率_平均(含少数股东损益),20171231,8.635585
002803,吉宏股份,成长能力,归母净利润,20171231,80034333.83
002803,吉宏股份,成长能力,营业总收入,20171231,1132613257.78
002803,吉宏股份,成长能力,净利润,20171231,82064710.44
002803,吉宏股份,成长能力,扣非净利润,20171231,76885839.21
002803,吉宏股份,成长能力,营业总收入增长率,20171231,98.738375
002803,吉宏股份,成长能力,归属母公司净利润增长率,20171231,86.143115
002803,吉宏股份,收益质量,经营活动净现金/销售收入,20171231,-0.055609
002803,吉宏股份,收益质量,经营性现金净流量/营业总收入,20171231,-0.055609
002803,吉宏股份,收益质量,成本费用率,20171231,91.412328
002803,吉宏股份,收益质量,期间费用率,20171231,18.865768
002803,吉宏股份,收益质量,销售成本率,20171231,72.546559
002803,吉宏股份,收益质量,经营活动净现金/归属母公司的净利润,20171231,-0.786965
002803,吉宏股份,收益质量,所得税/利润总额,20171231,16.283394
002803,吉宏股份,财务风险,流动比率,20171231,1.103485
002803,吉宏股份,财务风险,速动比率,20171231,0.824564
002803,吉宏股份,财务风险,保守速动比率,20171231,0.574876
002803,吉宏股份,财务风险,资产负债率,20171231,54.90122
002803,吉宏股份,财务风险,权益乘数,20171231,2.023623
002803,吉宏股份,财务风险,权益乘数(含少数股权的净资产),20171231,2.217354
002803,吉宏股份,财务风险,产权比率,20171231,125.472854
002803,吉宏股份,财务风险,现金比率,20171231,0.243991
002803,吉宏股份,营运能力,应收账款周转率,20171231,7.230727
002803,吉宏股份,营运能力,应收账款周转天数,20171231,49.787524
002803,吉宏股份,营运能力,存货周转率,20171231,6.52492
002803,吉宏股份,营运能力,存货周转天数,20171231,55.173085
002803,吉宏股份,营运能力,总资产周转率,20171231,1.191837
002803,吉宏股份,营运能力,总资产周转天数,20171231,302.054648
002803,吉宏股份,营运能力,流动资产周转率,20171231,2.197585
002803,吉宏股份,营运能力,流动资产周转天数,20171231,163.816158
002803,吉宏股份,营运能力,应付账款周转率,20171231,6.531564
002803,吉宏股份,常用指标,归母净利润,20170930,38387583.42
002803,吉宏股份,常用指标,营业总收入,20170930,697759501.02
002803,吉宏股份,常用指标,营业成本,20170930,650204827.07
002803,吉宏股份,常用指标,净利润,20170930,43505152.15
002803,吉宏股份,常用指标,扣非净利润,20170930,37653146.74
002803,吉宏股份,常用指标,股东权益合计(净资产),20170930,476509295.32
002803,吉宏股份,常用指标,商誉,20170930,
002803,吉宏股份,常用指标,经营现金流量净额,20170930,-74690501.26
002803,吉宏股份,常用指标,基本每股收益,20170930,0.33
002803,吉宏股份,常用指标,每股净资产,20170930,3.976345
002803,吉宏股份,常用指标,每股现金流,20170930,-0.643883
002803,吉宏股份,常用指标,净资产收益率(ROE),20170930,8.51
002803,吉宏股份,常用指标,总资产报酬率(ROA),20170930,7.174536
002803,吉宏股份,常用指标,毛利率,20170930,21.117198
002803,吉宏股份,常用指标,销售净利率,20170930,6.234978
002803,吉宏股份,常用指标,期间费用率,20170930,13.393856
002803,吉宏股份,常用指标,资产负债率,20170930,48.07553
002803,吉宏股份,每股指标,基本每股收益,20170930,0.33
002803,吉宏股份,每股指标,稀释每股收益,20170930,0.33
002803,吉宏股份,每股指标,摊薄每股收益_最新股数,20170930,0.08383
002803,吉宏股份,每股指标,摊薄每股净资产_期末股数,20170930,3.976345
002803,吉宏股份,每股指标,调整每股净资产_期末股数,20170930,3.519231
002803,吉宏股份,每股指标,每股净资产_最新股数,20170930,1.007292
002803,吉宏股份,每股指标,每股经营现金流,20170930,-0.643883
002803,吉宏股份,每股指标,每股现金流量净额,20170930,-0.214507
002803,吉宏股份,每股指标,每股企业自由现金流量,20170930,
002803,吉宏股份,每股指标,每股股东自由现金流量,20170930,
002803,吉宏股份,每股指标,每股未分配利润,20170930,1.608015
002803,吉宏股份,每股指标,每股资本公积金,20170930,1.251949
002803,吉宏股份,每股指标,每股盈余公积金,20170930,0.116134
002803,吉宏股份,每股指标,每股留存收益,20170930,1.724149
002803,吉宏股份,每股指标,每股营业收入,20170930,6.015168
002803,吉宏股份,每股指标,每股营业总收入,20170930,6.015168
002803,吉宏股份,每股指标,每股息税前利润,20170930,0.516437
002803,吉宏股份,盈利能力,净资产收益率(ROE),20170930,8.51
002803,吉宏股份,盈利能力,摊薄净资产收益率,20170930,8.3224
002803,吉宏股份,盈利能力,净资产收益率_平均,20170930,8.549449
002803,吉宏股份,盈利能力,净资产收益率_平均_扣除非经常损益,20170930,8.385879
002803,吉宏股份,盈利能力,摊薄净资产收益率_扣除非经常损益,20170930,8.163175
002803,吉宏股份,盈利能力,息税前利润率,20170930,8.585587
002803,吉宏股份,盈利能力,总资产报酬率,20170930,7.174536
002803,吉宏股份,盈利能力,总资本回报率,20170930,10.02062
002803,吉宏股份,盈利能力,投入资本回报率,20170930,7.548172
002803,吉宏股份,盈利能力,息前税后总资产报酬率_平均,20170930,5.210252
002803,吉宏股份,盈利能力,毛利率,20170930,21.117198
002803,吉宏股份,盈利能力,销售净利率,20170930,6.234978
002803,吉宏股份,盈利能力,成本费用利润率,20170930,8.257692
002803,吉宏股份,盈利能力,营业利润率,20170930,7.525003
002803,吉宏股份,盈利能力,总资产净利率_平均,20170930,4.597363
002803,吉宏股份,盈利能力,总资产净利率_平均(含少数股东损益),20170930,5.210252
002803,吉宏股份,成长能力,归母净利润,20170930,38387583.42
002803,吉宏股份,成长能力,营业总收入,20170930,697759501.02
002803,吉宏股份,成长能力,净利润,20170930,43505152.15
002803,吉宏股份,成长能力,扣非净利润,20170930,37653146.74
002803,吉宏股份,成长能力,营业总收入增长率,20170930,68.465291
002803,吉宏股份,成长能力,归属母公司净利润增长率,20170930,29.075543
002803,吉宏股份,收益质量,经营活动净现金/销售收入,20170930,-0.107043
002803,吉宏股份,收益质量,经营性现金净流量/营业总收入,20170930,-0.107043
002803,吉宏股份,收益质量,成本费用率,20170930,92.276658
002803,吉宏股份,收益质量,期间费用率,20170930,13.393856
002803,吉宏股份,收益质量,销售成本率,20170930,78.882801
002803,吉宏股份,收益质量,经营活动净现金/归属母公司的净利润,20170930,-1.945694
002803,吉宏股份,收益质量,所得税/利润总额,20170930,18.175307
002803,吉宏股份,财务风险,流动比率,20170930,1.159159
002803,吉宏股份,财务风险,速动比率,20170930,0.826633
002803,吉宏股份,财务风险,保守速动比率,20170930,0.691035
002803,吉宏股份,财务风险,资产负债率,20170930,48.07553
002803,吉宏股份,财务风险,权益乘数,20170930,1.859641
002803,吉宏股份,财务风险,权益乘数(含少数股权的净资产),20170930,1.925874
002803,吉宏股份,财务风险,产权比率,20170930,95.649177
002803,吉宏股份,财务风险,现金比率,20170930,0.162873
002803,吉宏股份,营运能力,应收账款周转率,20170930,4.342584
002803,吉宏股份,营运能力,应收账款周转天数,20170930,62.174954
002803,吉宏股份,营运能力,存货周转率,20170930,5.025743
002803,吉宏股份,营运能力,存货周转天数,20170930,53.723394
002803,吉宏股份,营运能力,总资产周转率,20170930,0.835648
002803,吉宏股份,营运能力,总资产周转天数,20170930,323.10221
002803,吉宏股份,营运能力,流动资产周转率,20170930,1.670646
002803,吉宏股份,营运能力,流动资产周转天数,20170930,161.614122
002803,吉宏股份,营运能力,应付账款周转率,20170930,4.472185
002803,吉宏股份,常用指标,归母净利润,20170630,19686415.31
002803,吉宏股份,常用指标,营业总收入,20170630,387941579.21
002803,吉宏股份,常用指标,营业成本,20170630,367709515.38
002803,吉宏股份,常用指标,净利润,20170630,19501899.68
002803,吉宏股份,常用指标,扣非净利润,20170630,19813938.29
002803,吉宏股份,常用指标,股东权益合计(净资产),20170630,452460130.32
002803,吉宏股份,常用指标,商誉,20170630,
002803,吉宏股份,常用指标,经营现金流量净额,20170630,-66639055.57
002803,吉宏股份,常用指标,基本每股收益,20170630,0.17
002803,吉宏股份,常用指标,每股净资产,20170630,3.814868
002803,吉宏股份,常用指标,每股现金流,20170630,-0.574474
002803,吉宏股份,常用指标,净资产收益率(ROE),20170630,4.41
002803,吉宏股份,常用指标,总资产报酬率(ROA),20170630,3.41222
002803,吉宏股份,常用指标,毛利率,20170630,16.615927
002803,吉宏股份,常用指标,销售净利率,20170630,5.027019
002803,吉宏股份,常用指标,期间费用率,20170630,10.365505
002803,吉宏股份,常用指标,资产负债率,20170630,43.808521
002803,吉宏股份,每股指标,基本每股收益,20170630,0.17
002803,吉宏股份,每股指标,稀释每股收益,20170630,0.17
002803,吉宏股份,每股指标,摊薄每股收益_最新股数,20170630,0.042991
002803,吉宏股份,每股指标,摊薄每股净资产_期末股数,20170630,3.814868
002803,吉宏股份,每股指标,调整每股净资产_期末股数,20170630,3.36317
002803,吉宏股份,每股指标,每股净资产_最新股数,20170630,0.966386
002803,吉宏股份,每股指标,每股经营现金流,20170630,-0.574474
002803,吉宏股份,每股指标,每股现金流量净额,20170630,-0.24378
002803,吉宏股份,每股指标,每股企业自由现金流量,20170630,0.214608
002803,吉宏股份,每股指标,每股股东自由现金流量,20170630,1.082314
002803,吉宏股份,每股指标,每股未分配利润,20170630,1.446798
002803,吉宏股份,每股指标,每股资本公积金,20170630,1.251949
002803,吉宏股份,每股指标,每股盈余公积金,20170630,0.116134
002803,吉宏股份,每股指标,每股留存收益,20170630,1.562932
002803,吉宏股份,每股指标,每股营业收入,20170630,3.344323
002803,吉宏股份,每股指标,每股营业总收入,20170630,3.344323
002803,吉宏股份,每股指标,每股息税前利润,20170630,0.229074
002803,吉宏股份,盈利能力,净资产收益率(ROE),20170630,4.41
002803,吉宏股份,盈利能力,摊薄净资产收益率,20170630,4.448658
002803,吉宏股份,盈利能力,净资产收益率_平均,20170630,4.47784
002803,吉宏股份,盈利能力,净资产收益率_平均_扣除非经常损益,20170630,4.506846
002803,吉宏股份,盈利能力,摊薄净资产收益率_扣除非经常损益,20170630,4.477475
002803,吉宏股份,盈利能力,息税前利润率,20170630,6.849642
002803,吉宏股份,盈利能力,总资产报酬率,20170630,3.41222
002803,吉宏股份,盈利能力,总资本回报率,20170630,4.620357
002803,吉宏股份,盈利能力,投入资本回报率,20170630,3.940698
002803,吉宏股份,盈利能力,息前税后总资产报酬率_平均,20170630,2.886585
002803,吉宏股份,盈利能力,毛利率,20170630,16.615927
002803,吉宏股份,盈利能力,销售净利率,20170630,5.027019
002803,吉宏股份,盈利能力,成本费用利润率,20170630,6.487678
002803,吉宏股份,盈利能力,营业利润率,20170630,6.173323
002803,吉宏股份,盈利能力,总资产净利率_平均,20170630,2.527955
002803,吉宏股份,盈利能力,总资产净利率_平均(含少数股东损益),20170630,2.504261
002803,吉宏股份,成长能力,归母净利润,20170630,19686415.31
002803,吉宏股份,成长能力,营业总收入,20170630,387941579.21
002803,吉宏股份,成长能力,净利润,20170630,19501899.68
002803,吉宏股份,成长能力,扣非净利润,20170630,19813938.29
002803,吉宏股份,成长能力,营业总收入增长率,20170630,42.641965
002803,吉宏股份,成长能力,归属母公司净利润增长率,20170630,8.710495
002803,吉宏股份,收益质量,经营活动净现金/销售收入,20170630,-0.171776
002803,吉宏股份,收益质量,经营性现金净流量/营业总收入,20170630,-0.171776
002803,吉宏股份,收益质量,成本费用率,20170630,93.749577
002803,吉宏股份,收益质量,期间费用率,20170630,10.365505
002803,吉宏股份,收益质量,销售成本率,20170630,83.384072
002803,吉宏股份,收益质量,经营活动净现金/归属母公司的净利润,20170630,-3.385027
002803,吉宏股份,收益质量,所得税/利润总额,20170630,17.348271
002803,吉宏股份,财务风险,流动比率,20170630,1.129321
002803,吉宏股份,财务风险,速动比率,20170630,0.785525
002803,吉宏股份,财务风险,保守速动比率,20170630,0.686043
002803,吉宏股份,财务风险,资产负债率,20170630,43.808521
002803,吉宏股份,财务风险,权益乘数,20170630,1.771328
002803,吉宏股份,财务风险,权益乘数(含少数股权的净资产),20170630,1.779629
002803,吉宏股份,财务风险,产权比率,20170630,79.713314
002803,吉宏股份,财务风险,现金比率,20170630,0.199864
002803,吉宏股份,营运能力,应收账款周转率,20170630,2.906824
002803,吉宏股份,营运能力,应收账款周转天数,20170630,61.923233
002803,吉宏股份,营运能力,存货周转率,20170630,3.357763
002803,吉宏股份,营运能力,存货周转天数,20170630,53.607118
002803,吉宏股份,营运能力,总资产周转率,20170630,0.49816
002803,吉宏股份,营运能力,总资产周转天数,20170630,361.329434
002803,吉宏股份,营运能力,流动资产周转率,20170630,1.076604
002803,吉宏股份,营运能力,流动资产周转天数,20170630,167.192362
002803,吉宏股份,营运能力,应付账款周转率,20170630,3.211177
002803,吉宏股份,常用指标,归母净利润,20170331,9030529.48
002803,吉宏股份,常用指标,营业总收入,20170331,186480209.26
002803,吉宏股份,常用指标,营业成本,20170331,176035437.95
002803,吉宏股份,常用指标,净利润,20170331,8884033.52
002803,吉宏股份,常用指标,扣非净利润,20170331,9231548.27
002803,吉宏股份,常用指标,股东权益合计(净资产),20170331,455761172.33
002803,吉宏股份,常用指标,商誉,20170331,
002803,吉宏股份,常用指标,经营现金流量净额,20170331,-12081878.63
002803,吉宏股份,常用指标,基本每股收益,20170331,0.08
002803,吉宏股份,常用指标,每股净资产,20170331,3.842998
002803,吉宏股份,常用指标,每股现金流,20170331,-0.104154
002803,吉宏股份,常用指标,净资产收益率(ROE),20170331,2.05
002803,吉宏股份,常用指标,总资产报酬率(ROA),20170331,1.621755
002803,吉宏股份,常用指标,毛利率,20170331,17.383658
002803,吉宏股份,常用指标,销售净利率,20170331,4.764062
002803,吉宏股份,常用指标,期间费用率,20170331,10.222996
002803,吉宏股份,常用指标,资产负债率,20170331,41.600991
002803,吉宏股份,每股指标,基本每股收益,20170331,0.08
002803,吉宏股份,每股指标,稀释每股收益,20170331,0.08
002803,吉宏股份,每股指标,摊薄每股收益_最新股数,20170331,0.01972
002803,吉宏股份,每股指标,摊薄每股净资产_期末股数,20170331,3.842998
002803,吉宏股份,每股指标,调整每股净资产_期末股数,20170331,3.404984
002803,吉宏股份,每股指标,每股净资产_最新股数,20170331,0.973512
002803,吉宏股份,每股指标,每股经营现金流,20170331,-0.104154
002803,吉宏股份,每股指标,每股现金流量净额,20170331,-0.197212
002803,吉宏股份,每股指标,每股企业自由现金流量,20170331,
002803,吉宏股份,每股指标,每股股东自由现金流量,20170331,
002803,吉宏股份,每股指标,每股未分配利润,20170331,1.474937
002803,吉宏股份,每股指标,每股资本公积金,20170331,1.251949
002803,吉宏股份,每股指标,每股盈余公积金,20170331,0.116134
002803,吉宏股份,每股指标,每股留存收益,20170331,1.591071
002803,吉宏股份,每股指标,每股营业收入,20170331,1.607588
002803,吉宏股份,每股指标,每股营业总收入,20170331,1.607588
002803,吉宏股份,每股指标,每股息税前利润,20170331,0.107141
002803,吉宏股份,盈利能力,净资产收益率(ROE),20170331,2.05
002803,吉宏股份,盈利能力,摊薄净资产收益率,20170331,2.025746
002803,吉宏股份,盈利能力,净资产收益率_平均,20170331,2.046475
002803,吉宏股份,盈利能力,净资产收益率_平均_扣除非经常损益,20170331,2.092029
002803,吉宏股份,盈利能力,摊薄净资产收益率_扣除非经常损益,20170331,2.070839
002803,吉宏股份,盈利能力,息税前利润率,20170331,6.664736
002803,吉宏股份,盈利能力,总资产报酬率,20170331,1.621755
002803,吉宏股份,盈利能力,总资本回报率,20170331,2.127072
002803,吉宏股份,盈利能力,投入资本回报率,20170331,1.782484
002803,吉宏股份,盈利能力,息前税后总资产报酬率_平均,20170331,1.159256
002803,吉宏股份,盈利能力,毛利率,20170331,17.383658
002803,吉宏股份,盈利能力,销售净利率,20170331,4.764062
002803,吉宏股份,盈利能力,成本费用利润率,20170331,6.379099
002803,吉宏股份,盈利能力,营业利润率,20170331,6.146511
002803,吉宏股份,盈利能力,总资产净利率_平均,20170331,1.178372
002803,吉宏股份,盈利能力,总资产净利率_平均(含少数股东损益),20170331,1.159256
002803,吉宏股份,成长能力,归母净利润,20170331,9030529.48
002803,吉宏股份,成长能力,营业总收入,20170331,186480209.26
002803,吉宏股份,成长能力,净利润,20170331,8884033.52
002803,吉宏股份,成长能力,扣非净利润,20170331,9231548.27
002803,吉宏股份,成长能力,营业总收入增长率,20170331,37.332549
002803,吉宏股份,成长能力,归属母公司净利润增长率,20170331,41.186755
002803,吉宏股份,收益质量,经营活动净现金/销售收入,20170331,-0.064789
002803,吉宏股份,收益质量,经营性现金净流量/营业总收入,20170331,-0.064789
002803,吉宏股份,收益质量,成本费用率,20170331,92.839337
002803,吉宏股份,收益质量,期间费用率,20170331,10.222996
002803,吉宏股份,收益质量,销售成本率,20170331,82.616341
002803,吉宏股份,收益质量,经营活动净现金/归属母公司的净利润,20170331,-1.337892
002803,吉宏股份,收益质量,所得税/利润总额,20170331,19.557415
002803,吉宏股份,财务风险,流动比率,20170331,1.195324
002803,吉宏股份,财务风险,速动比率,20170331,0.862724
002803,吉宏股份,财务风险,保守速动比率,20170331,0.745529
002803,吉宏股份,财务风险,资产负债率,20170331,41.600991
002803,吉宏股份,财务风险,权益乘数,20170331,1.736695
002803,吉宏股份,财务风险,权益乘数(含少数股权的净资产),20170331,1.712357
002803,吉宏股份,财务风险,产权比率,20170331,72.829503
002803,吉宏股份,财务风险,现金比率,20170331,0.215264
002803,吉宏股份,营运能力,应收账款周转率,20170331,1.404024
002803,吉宏股份,营运能力,应收账款周转天数,20170331,64.101451
002803,吉宏股份,营运能力,存货周转率,20170331,1.727223
002803,吉宏股份,营运能力,存货周转天数,20170331,52.106757
002803,吉宏股份,营运能力,总资产周转率,20170331,0.243333
002803,吉宏股份,营运能力,总资产周转天数,20170331,369.86245
002803,吉宏股份,营运能力,流动资产周转率,20170331,0.529538
002803,吉宏股份,营运能力,流动资产周转天数,20170331,169.959237
002803,吉宏股份,营运能力,应付账款周转率,20170331,1.791548
002803,吉宏股份,常用指标,归母净利润,20161231,42996128.95
002803,吉宏股份,常用指标,营业总收入,20161231,569901638.12
002803,吉宏股份,常用指标,营业成本,20161231,528847223.64
002803,吉宏股份,常用指标,净利润,20161231,41948210.84
002803,吉宏股份,常用指标,扣非净利润,20161231,34403832.57
002803,吉宏股份,常用指标,股东权益合计(净资产),20161231,446876769.55
002803,吉宏股份,常用指标,商誉,20161231,
002803,吉宏股份,常用指标,经营现金流量净额,20161231,-7893874.0
002803,吉宏股份,常用指标,基本每股收益,20161231,0.43
002803,吉宏股份,常用指标,每股净资产,20161231,3.765145
002803,吉宏股份,常用指标,每股现金流,20161231,-0.06805
002803,吉宏股份,常用指标,净资产收益率(ROE),20161231,12.85
002803,吉宏股份,常用指标,总资产报酬率(ROA),20161231,8.555659
002803,吉宏股份,常用指标,毛利率,20161231,19.785861
002803,吉宏股份,常用指标,销售净利率,20161231,7.360605
002803,吉宏股份,常用指标,期间费用率,20161231,12.027337
002803,吉宏股份,常用指标,资产负债率,20161231,40.59745
002803,吉宏股份,每股指标,基本每股收益,20161231,0.43
002803,吉宏股份,每股指标,稀释每股收益,20161231,0.43
002803,吉宏股份,每股指标,摊薄每股收益_最新股数,20161231,0.093895
002803,吉宏股份,每股指标,摊薄每股净资产_期末股数,20161231,3.765145
002803,吉宏股份,每股指标,调整每股净资产_期末股数,20161231,3.32437
002803,吉宏股份,每股指标,每股净资产_最新股数,20161231,0.95379
002803,吉宏股份,每股指标,每股经营现金流,20161231,-0.06805
002803,吉宏股份,每股指标,每股现金流量净额,20161231,0.324994
002803,吉宏股份,每股指标,每股企业自由现金流量,20161231,-0.714687
002803,吉宏股份,每股指标,每股股东自由现金流量,20161231,-0.444575
002803,吉宏股份,每股指标,每股未分配利润,20161231,1.397087
002803,吉宏股份,每股指标,每股资本公积金,20161231,1.251949
002803,吉宏股份,每股指标,每股盈余公积金,20161231,0.116134
002803,吉宏股份,每股指标,每股留存收益,20161231,1.513222
002803,吉宏股份,每股指标,每股营业收入,20161231,4.912945
002803,吉宏股份,每股指标,每股营业总收入,20161231,4.912945
002803,吉宏股份,每股指标,每股息税前利润,20161231,0.503403
002803,吉宏股份,盈利能力,净资产收益率(ROE),20161231,12.85
002803,吉宏股份,盈利能力,摊薄净资产收益率,20161231,9.844407
002803,吉宏股份,盈利能力,净资产收益率_平均,20161231,12.421979
002803,吉宏股份,盈利能力,净资产收益率_平均_扣除非经常损益,20161231,9.939585
002803,吉宏股份,盈利能力,摊薄净资产收益率_扣除非经常损益,20161231,7.877112
002803,吉宏股份,盈利能力,息税前利润率,20161231,10.246464
002803,吉宏股份,盈利能力,总资产报酬率,20161231,8.555659
002803,吉宏股份,盈利能力,总资本回报率,20161231,11.588642
002803,吉宏股份,盈利能力,投入资本回报率,20161231,9.927303
002803,吉宏股份,盈利能力,息前税后总资产报酬率_平均,20161231,7.175592
002803,吉宏股份,盈利能力,毛利率,20161231,19.785861
002803,吉宏股份,盈利能力,销售净利率,20161231,7.360605
002803,吉宏股份,盈利能力,成本费用利润率,20161231,9.771534
002803,吉宏股份,盈利能力,营业利润率,20161231,7.203771
002803,吉宏股份,盈利能力,总资产净利率_平均,20161231,6.29954
002803,吉宏股份,盈利能力,总资产净利率_平均(含少数股东损益),20161231,6.146006
002803,吉宏股份,成长能力,归母净利润,20161231,42996128.95
002803,吉宏股份,成长能力,营业总收入,20161231,569901638.12
002803,吉宏股份,成长能力,净利润,20161231,41948210.84
002803,吉宏股份,成长能力,扣非净利润,20161231,34403832.57
002803,吉宏股份,成长能力,营业总收入增长率,20161231,9.204738
002803,吉宏股份,成长能力,归属母公司净利润增长率,20161231,15.010787
002803,吉宏股份,收益质量,经营活动净现金/销售收入,20161231,-0.013851
002803,吉宏股份,收益质量,经营性现金净流量/营业总收入,20161231,-0.013851
002803,吉宏股份,收益质量,成本费用率,20161231,92.241476
002803,吉宏股份,收益质量,期间费用率,20161231,12.027337
002803,吉宏股份,收益质量,销售成本率,20161231,80.214138
002803,吉宏股份,收益质量,经营活动净现金/归属母公司的净利润,20161231,-0.183594
002803,吉宏股份,收益质量,所得税/利润总额,20161231,18.337149
002803,吉宏股份,财务风险,流动比率,20161231,1.267825
002803,吉宏股份,财务风险,速动比率,20161231,0.978924
002803,吉宏股份,财务风险,保守速动比率,20161231,0.873082
002803,吉宏股份,财务风险,资产负债率,20161231,40.59745
002803,吉宏股份,财务风险,权益乘数,20161231,1.971886
002803,吉宏股份,财务风险,权益乘数(含少数股权的净资产),20161231,1.683429
002803,吉宏股份,财务风险,产权比率,20161231,69.926482
002803,吉宏股份,财务风险,现金比率,20161231,0.377237
002803,吉宏股份,营运能力,应收账款周转率,20161231,4.365793
002803,吉宏股份,营运能力,应收账款周转天数,20161231,82.459242
002803,吉宏股份,营运能力,存货周转率,20161231,6.366665
002803,吉宏股份,营运能力,存货周转天数,20161231,56.544508
002803,吉宏股份,营运能力,总资产周转率,20161231,0.834986
002803,吉宏股份,营运能力,总资产周转天数,20161231,431.144697
002803,吉宏股份,营运能力,流动资产周转率,20161231,1.753182
002803,吉宏股份,营运能力,流动资产周转天数,20161231,205.340846
002803,吉宏股份,营运能力,应付账款周转率,20161231,5.224357
002803,吉宏股份,常用指标,归母净利润,20160930,29740400.48
002803,吉宏股份,常用指标,营业总收入,20160930,414185909.31
002803,吉宏股份,常用指标,营业成本,20160930,381921690.36
002803,吉宏股份,常用指标,净利润,20160930,28460117.44
002803,吉宏股份,常用指标,扣非净利润,20160930,27208274.05
002803,吉宏股份,常用指标,股东权益合计(净资产),20160930,431210706.83
002803,吉宏股份,常用指标,商誉,20160930,
002803,吉宏股份,常用指标,经营现金流量净额,20160930,-23183637.75
002803,吉宏股份,常用指标,基本每股收益,20160930,0.32
002803,吉宏股份,常用指标,每股净资产,20160930,3.632096
002803,吉宏股份,常用指标,每股现金流,20160930,-0.199858
002803,吉宏股份,常用指标,净资产收益率(ROE),20160930,9.89
002803,吉宏股份,常用指标,总资产报酬率(ROA),20160930,6.685389
002803,吉宏股份,常用指标,毛利率,20160930,20.802354
002803,吉宏股份,常用指标,销售净利率,20160930,6.871338
002803,吉宏股份,常用指标,期间费用率,20160930,12.360051
002803,吉宏股份,常用指标,资产负债率,20160930,36.696225
002803,吉宏股份,每股指标,基本每股收益,20160930,0.32
002803,吉宏股份,每股指标,稀释每股收益,20160930,0.32
002803,吉宏股份,每股指标,摊薄每股收益_最新股数,20160930,0.064947
002803,吉宏股份,每股指标,摊薄每股净资产_期末股数,20160930,3.632096
002803,吉宏股份,每股指标,调整每股净资产_期末股数,20160930,3.182533
002803,吉宏股份,每股指标,每股净资产_最新股数,20160930,0.920086
002803,吉宏股份,每股指标,每股经营现金流,20160930,-0.199858
002803,吉宏股份,每股指标,每股现金流量净额,20160930,0.373103
002803,吉宏股份,每股指标,每股企业自由现金流量,20160930,
002803,吉宏股份,每股指标,每股股东自由现金流量,20160930,
002803,吉宏股份,每股指标,每股未分配利润,20160930,1.308421
002803,吉宏股份,每股指标,每股资本公积金,20160930,1.233163
002803,吉宏股份,每股指标,每股盈余公积金,20160930,0.090527
002803,吉宏股份,每股指标,每股留存收益,20160930,1.398948
002803,吉宏股份,每股指标,每股营业收入,20160930,3.570568
002803,吉宏股份,每股指标,每股营业总收入,20160930,3.570568
002803,吉宏股份,每股指标,每股息税前利润,20160930,0.372868
002803,吉宏股份,盈利能力,净资产收益率(ROE),20160930,9.89
002803,吉宏股份,盈利能力,摊薄净资产收益率,20160930,7.058809
002803,吉宏股份,盈利能力,净资产收益率_平均,20160930,8.788207
002803,吉宏股份,盈利能力,净资产收益率_平均_扣除非经常损益,20160930,8.03997
002803,吉宏股份,盈利能力,摊薄净资产收益率_扣除非经常损益,20160930,6.457815
002803,吉宏股份,盈利能力,息税前利润率,20160930,10.442825
002803,吉宏股份,盈利能力,总资产报酬率,20160930,6.685389
002803,吉宏股份,盈利能力,总资本回报率,20160930,8.909914
002803,吉宏股份,盈利能力,投入资本回报率,20160930,7.76636
002803,吉宏股份,盈利能力,息前税后总资产报酬率_平均,20160930,4.39896
002803,吉宏股份,盈利能力,毛利率,20160930,20.802354
002803,吉宏股份,盈利能力,销售净利率,20160930,6.871338
002803,吉宏股份,盈利能力,成本费用利润率,20160930,9.30642
002803,吉宏股份,盈利能力,营业利润率,20160930,7.789791
002803,吉宏股份,盈利能力,总资产净利率_平均,20160930,4.596848
002803,吉宏股份,盈利能力,总资产净利率_平均(含少数股东损益),20160930,4.39896
002803,吉宏股份,成长能力,归母净利润,20160930,29740400.48
002803,吉宏股份,成长能力,营业总收入,20160930,414185909.31
002803,吉宏股份,成长能力,净利润,20160930,28460117.44
002803,吉宏股份,成长能力,扣非净利润,20160930,27208274.05
002803,吉宏股份,成长能力,营业总收入增长率,20160930,7.840607
002803,吉宏股份,成长能力,归属母公司净利润增长率,20160930,14.098924
002803,吉宏股份,收益质量,经营活动净现金/销售收入,20160930,-0.055973
002803,吉宏股份,收益质量,经营性现金净流量/营业总收入,20160930,-0.055973
002803,吉宏股份,收益质量,成本费用率,20160930,91.557697
002803,吉宏股份,收益质量,期间费用率,20160930,12.360051
002803,吉宏股份,收益质量,销售成本率,20160930,79.197645
002803,吉宏股份,收益质量,经营活动净现金/归属母公司的净利润,20160930,-0.779533
002803,吉宏股份,收益质量,所得税/利润总额,20160930,19.357531
002803,吉宏股份,财务风险,流动比率,20160930,1.629926
002803,吉宏股份,财务风险,速动比率,20160930,1.370244
002803,吉宏股份,财务风险,保守速动比率,20160930,1.282061
002803,吉宏股份,财务风险,资产负债率,20160930,36.696225
002803,吉宏股份,财务风险,权益乘数,20160930,1.911789
002803,吉宏股份,财务风险,权益乘数(含少数股权的净资产),20160930,1.579684
002803,吉宏股份,财务风险,产权比率,20160930,59.328852
002803,吉宏股份,财务风险,现金比率,20160930,0.468152
002803,吉宏股份,营运能力,应收账款周转率,20160930,2.807668
002803,吉宏股份,营运能力,应收账款周转天数,20160930,96.165208
002803,吉宏股份,营运能力,存货周转率,20160930,5.486891
002803,吉宏股份,营运能力,存货周转天数,20160930,49.208194
002803,吉宏股份,营运能力,总资产周转率,20160930,0.640189
002803,吉宏股份,营运能力,总资产周转天数,20160930,421.749967
002803,吉宏股份,营运能力,流动资产周转率,20160930,1.275569
002803,吉宏股份,营运能力,流动资产周转天数,20160930,211.67014
002803,吉宏股份,营运能力,应付账款周转率,20160930,4.349597
002803,吉宏股份,常用指标,归母净利润,20160630,18109029.18
002803,吉宏股份,常用指标,营业总收入,20160630,271968755.55
002803,吉宏股份,常用指标,营业成本,20160630,251421559.51
002803,吉宏股份,常用指标,净利润,20160630,17019033.67
002803,吉宏股份,常用指标,扣非净利润,20160630,17507999.89
002803,吉宏股份,常用指标,股东权益合计(净资产),20160630,283688202.26
002803,吉宏股份,常用指标,商誉,20160630,
002803,吉宏股份,常用指标,经营现金流量净额,20160630,-21984472.92
002803,吉宏股份,常用指标,基本每股收益,20160630,0.21
002803,吉宏股份,常用指标,每股净资产,20160630,3.144947
002803,吉宏股份,常用指标,每股现金流,20160630,-0.252695
002803,吉宏股份,常用指标,净资产收益率(ROE),20160630,6.85
002803,吉宏股份,常用指标,总资产报酬率(ROA),20160630,4.113548
002803,吉宏股份,常用指标,毛利率,20160630,20.779285
002803,吉宏股份,常用指标,销售净利率,20160630,6.257716
002803,吉宏股份,常用指标,期间费用率,20160630,12.60958
002803,吉宏股份,常用指标,资产负债率,20160630,56.239612
002803,吉宏股份,每股指标,基本每股收益,20160630,0.21
002803,吉宏股份,每股指标,稀释每股收益,20160630,0.21
002803,吉宏股份,每股指标,摊薄每股收益_最新股数,20160630,0.039546
002803,吉宏股份,每股指标,摊薄每股净资产_期末股数,20160630,3.144947
002803,吉宏股份,每股指标,调整每股净资产_期末股数,20160630,2.538121
002803,吉宏股份,每股指标,每股净资产_最新股数,20160630,0.597511
002803,吉宏股份,每股指标,每股经营现金流,20160630,-0.252695
002803,吉宏股份,每股指标,每股现金流量净额,20160630,-0.011641
002803,吉宏股份,每股指标,每股企业自由现金流量,20160630,-0.085842
002803,吉宏股份,每股指标,每股股东自由现金流量,20160630,0.486547
002803,吉宏股份,每股指标,每股未分配利润,20160630,1.610867
002803,吉宏股份,每股指标,每股资本公积金,20160630,0.413394
002803,吉宏股份,每股指标,每股盈余公积金,20160630,0.120703
002803,吉宏股份,每股指标,每股留存收益,20160630,1.731571
002803,吉宏股份,每股指标,每股营业收入,20160630,3.126077
002803,吉宏股份,每股指标,每股营业总收入,20160630,3.126077
002803,吉宏股份,每股指标,每股息税前利润,20160630,0.298125
002803,吉宏股份,盈利能力,净资产收益率(ROE),20160630,6.85
002803,吉宏股份,盈利能力,摊薄净资产收益率,20160630,6.618545
002803,吉宏股份,盈利能力,净资产收益率_平均,20160630,6.845059
002803,吉宏股份,盈利能力,净资产收益率_平均_扣除非经常损益,20160630,6.617875
002803,吉宏股份,盈利能力,摊薄净资产收益率_扣除非经常损益,20160630,6.398879
002803,吉宏股份,盈利能力,息税前利润率,20160630,9.536715
002803,吉宏股份,盈利能力,总资产报酬率,20160630,4.113548
002803,吉宏股份,盈利能力,总资本回报率,20160630,5.639829
002803,吉宏股份,盈利能力,投入资本回报率,20160630,4.953941
002803,吉宏股份,盈利能力,息前税后总资产报酬率_平均,20160630,3.440408
002803,吉宏股份,盈利能力,毛利率,20160630,20.779285
002803,吉宏股份,盈利能力,销售净利率,20160630,6.257716
002803,吉宏股份,盈利能力,成本费用利润率,20160630,8.51386
002803,吉宏股份,盈利能力,营业利润率,20160630,7.554984
002803,吉宏股份,盈利能力,总资产净利率_平均,20160630,2.872063
002803,吉宏股份,盈利能力,总资产净利率_平均(含少数股东损益),20160630,2.699191
002803,吉宏股份,成长能力,归母净利润,20160630,18109029.18
002803,吉宏股份,成长能力,营业总收入,20160630,271968755.55
002803,吉宏股份,成长能力,净利润,20160630,17019033.67
002803,吉宏股份,成长能力,扣非净利润,20160630,17507999.89
002803,吉宏股份,成长能力,营业总收入增长率,20160630,9.526282
002803,吉宏股份,成长能力,归属母公司净利润增长率,20160630,7.994453
002803,吉宏股份,收益质量,经营活动净现金/销售收入,20160630,-0.080834
002803,吉宏股份,收益质量,经营性现金净流量/营业总收入,20160630,-0.080834
002803,吉宏股份,收益质量,成本费用率,20160630,91.830295
002803,吉宏股份,收益质量,期间费用率,20160630,12.60958
002803,吉宏股份,收益质量,销售成本率,20160630,79.220714
002803,吉宏股份,收益质量,经营活动净现金/归属母公司的净利润,20160630,-1.214006
002803,吉宏股份,收益质量,所得税/利润总额,20160630,19.960681
002803,吉宏股份,财务风险,流动比率,20160630,0.983401
002803,吉宏股份,财务风险,速动比率,20160630,0.797413
002803,吉宏股份,财务风险,保守速动比率,20160630,0.719966
002803,吉宏股份,财务风险,资产负债率,20160630,56.239612
002803,吉宏股份,财务风险,权益乘数,20160630,2.383324
002803,吉宏股份,财务风险,权益乘数(含少数股权的净资产),20160630,2.285171
002803,吉宏股份,财务风险,产权比率,20160630,133.2508
002803,吉宏股份,财务风险,现金比率,20160630,0.182884
002803,吉宏股份,营运能力,应收账款周转率,20160630,1.8192
002803,吉宏股份,营运能力,应收账款周转天数,20160630,98.944578
002803,吉宏股份,营运能力,存货周转率,20160630,3.4521
002803,吉宏股份,营运能力,存货周转天数,20160630,52.142169
002803,吉宏股份,营运能力,总资产周转率,20160630,0.431338
002803,吉宏股份,营运能力,总资产周转天数,20160630,417.306032
002803,吉宏股份,营运能力,流动资产周转率,20160630,0.874027
002803,吉宏股份,营运能力,流动资产周转天数,20160630,205.943204
002803,吉宏股份,营运能力,应付账款周转率,20160630,2.494758
002803,吉宏股份,常用指标,归母净利润,20160331,6396159.09
002803,吉宏股份,常用指标,营业总收入,20160331,135787334.9
002803,吉宏股份,常用指标,营业成本,20160331,128201529.64
002803,吉宏股份,常用指标,净利润,20160331,6002893.46
002803,吉宏股份,常用指标,扣非净利润,20160331,6218600.0
002803,吉宏股份,常用指标,股东权益合计(净资产),20160331,272672876.85
002803,吉宏股份,常用指标,商誉,20160331,
002803,吉宏股份,常用指标,经营现金流量净额,20160331,-18434403.59
002803,吉宏股份,常用指标,基本每股收益,20160331,0.07
002803,吉宏股份,常用指标,每股净资产,20160331,3.010325
002803,吉宏股份,常用指标,每股现金流,20160331,-0.211889
002803,吉宏股份,常用指标,净资产收益率(ROE),20160331,2.47
002803,吉宏股份,常用指标,总资产报酬率(ROA),20160331,1.603367
002803,吉宏股份,常用指标,毛利率,20160331,19.549248
002803,吉宏股份,常用指标,销售净利率,20160331,4.420805
002803,吉宏股份,常用指标,期间费用率,20160331,12.857337
002803,吉宏股份,常用指标,资产负债率,20160331,56.038022
002803,吉宏股份,每股指标,基本每股收益,20160331,0.07
002803,吉宏股份,每股指标,稀释每股收益,20160331,0.07
002803,吉宏股份,每股指标,摊薄每股收益_最新股数,20160331,0.013967
002803,吉宏股份,每股指标,摊薄每股净资产_期末股数,20160331,3.010325
002803,吉宏股份,每股指标,调整每股净资产_期末股数,20160331,2.515379
002803,吉宏股份,每股指标,每股净资产_最新股数,20160331,0.571934
002803,吉宏股份,每股指标,每股经营现金流,20160331,-0.211889
002803,吉宏股份,每股指标,每股现金流量净额,20160331,-0.094427
002803,吉宏股份,每股指标,每股企业自由现金流量,20160331,0.003747
002803,吉宏股份,每股指标,每股股东自由现金流量,20160331,0.319494
002803,吉宏股份,每股指标,每股未分配利润,20160331,1.476237
002803,吉宏股份,每股指标,每股资本公积金,20160331,0.413394
002803,吉宏股份,每股指标,每股盈余公积金,20160331,0.120703
002803,吉宏股份,每股指标,每股留存收益,20160331,1.59694
002803,吉宏股份,每股指标,每股营业收入,20160331,1.560773
002803,吉宏股份,每股指标,每股营业总收入,20160331,1.560773
002803,吉宏股份,每股指标,每股息税前利润,20160331,0.113619
002803,吉宏股份,盈利能力,净资产收益率(ROE),20160331,2.47
002803,吉宏股份,盈利能力,摊薄净资产收益率,20160331,2.442229
002803,吉宏股份,盈利能力,净资产收益率_平均,20160331,2.472421
002803,吉宏股份,盈利能力,净资产收益率_平均_扣除非经常损益,20160331,2.403786
002803,吉宏股份,盈利能力,摊薄净资产收益率_扣除非经常损益,20160331,2.374416
002803,吉宏股份,盈利能力,息税前利润率,20160331,7.279691
002803,吉宏股份,盈利能力,总资产报酬率,20160331,1.603367
002803,吉宏股份,盈利能力,总资本回报率,20160331,2.218258
002803,吉宏股份,盈利能力,投入资本回报率,20160331,1.904403
002803,吉宏股份,盈利能力,息前税后总资产报酬率_平均,20160331,1.312721
002803,吉宏股份,盈利能力,毛利率,20160331,19.549248
002803,吉宏股份,盈利能力,销售净利率,20160331,4.420805
002803,吉宏股份,盈利能力,成本费用利润率,20160331,6.152101
002803,吉宏股份,盈利能力,营业利润率,20160331,5.586533
002803,吉宏股份,盈利能力,总资产净利率_平均,20160331,1.03748
002803,吉宏股份,盈利能力,总资产净利率_平均(含少数股东损益),20160331,0.973691
002803,吉宏股份,成长能力,归母净利润,20160331,6396159.09
002803,吉宏股份,成长能力,营业总收入,20160331,135787334.9
002803,吉宏股份,成长能力,净利润,20160331,6002893.46
002803,吉宏股份,成长能力,扣非净利润,20160331,6218600.0
002803,吉宏股份,成长能力,营业总收入增长率,20160331,19.479492
002803,吉宏股份,成长能力,归属母公司净利润增长率,20160331,41.033178
002803,吉宏股份,收益质量,经营活动净现金/销售收入,20160331,-0.135759
002803,吉宏股份,收益质量,经营性现金净流量/营业总收入,20160331,-0.135759
002803,吉宏股份,收益质量,成本费用率,20160331,93.308089
002803,吉宏股份,收益质量,期间费用率,20160331,12.857337
002803,吉宏股份,收益质量,销售成本率,20160331,80.450751
002803,吉宏股份,收益质量,经营活动净现金/归属母公司的净利润,20160331,-2.882105
002803,吉宏股份,收益质量,所得税/利润总额,20160331,22.987962
002803,吉宏股份,财务风险,流动比率,20160331,0.95728
002803,吉宏股份,财务风险,速动比率,20160331,0.764832
002803,吉宏股份,财务风险,保守速动比率,20160331,0.691347
002803,吉宏股份,财务风险,资产负债率,20160331,56.038022
002803,吉宏股份,财务风险,权益乘数,20160331,2.383101
002803,吉宏股份,财务风险,权益乘数(含少数股权的净资产),20160331,2.274692
002803,吉宏股份,财务风险,产权比率,20160331,132.713396
002803,吉宏股份,财务风险,现金比率,20160331,0.151358
002803,吉宏股份,营运能力,应收账款周转率,20160331,0.910222
002803,吉宏股份,营运能力,应收账款周转天数,20160331,98.876968
002803,吉宏股份,营运能力,存货周转率,20160331,1.72827
002803,吉宏股份,营运能力,存货周转天数,20160331,52.075187
002803,吉宏股份,营运能力,总资产周转率,20160331,0.220252
002803,吉宏股份,营运能力,总资产周转天数,20160331,408.622703
002803,吉宏股份,营运能力,流动资产周转率,20160331,0.444311
002803,吉宏股份,营运能力,流动资产周转天数,20160331,202.560604
002803,吉宏股份,营运能力,应付账款周转率,20160331,1.273141
002803,吉宏股份,常用指标,归母净利润,20151231,37384431.31
002803,吉宏股份,常用指标,营业总收入,20151231,521865300.36
002803,吉宏股份,常用指标,营业成本,20151231,487432505.86
002803,吉宏股份,常用指标,净利润,20151231,32858240.73
002803,吉宏股份,常用指标,扣非净利润,20151231,32349400.0
002803,吉宏股份,常用指标,股东权益合计(净资产),20151231,266669811.08
002803,吉宏股份,常用指标,商誉,20151231,
002803,吉宏股份,常用指标,经营现金流量净额,20151231,55260001.84
002803,吉宏股份,常用指标,基本每股收益,20151231,0.43
002803,吉宏股份,常用指标,每股净资产,20151231,2.936804
002803,吉宏股份,常用指标,每股现金流,20151231,0.635172
002803,吉宏股份,常用指标,净资产收益率(ROE),20151231,14.6
002803,吉宏股份,常用指标,总资产报酬率(ROA),20151231,8.435646
002803,吉宏股份,常用指标,毛利率,20151231,20.706286
002803,吉宏股份,常用指标,销售净利率,20151231,6.296306
002803,吉宏股份,常用指标,期间费用率,20151231,12.998153
002803,吉宏股份,常用指标,资产负债率,20151231,56.481286
002803,吉宏股份,每股指标,基本每股收益,20151231,0.43
002803,吉宏股份,每股指标,稀释每股收益,20151231,0.43
002803,吉宏股份,每股指标,摊薄每股收益_最新股数,20151231,0.08164
002803,吉宏股份,每股指标,摊薄每股净资产_期末股数,20151231,2.936804
002803,吉宏股份,每股指标,调整每股净资产_期末股数,20151231,2.455349
002803,吉宏股份,每股指标,每股净资产_最新股数,20151231,0.557966
002803,吉宏股份,每股指标,每股经营现金流,20151231,0.635172
002803,吉宏股份,每股指标,每股现金流量净额,20151231,-0.028257
002803,吉宏股份,每股指标,每股企业自由现金流量,20151231,0.479688
002803,吉宏股份,每股指标,每股股东自由现金流量,20151231,0.562332
002803,吉宏股份,每股指标,每股未分配利润,20151231,1.402718
002803,吉宏股份,每股指标,每股资本公积金,20151231,0.413394
002803,吉宏股份,每股指标,每股盈余公积金,20151231,0.120703
002803,吉宏股份,每股指标,每股留存收益,20151231,1.523421
002803,吉宏股份,每股指标,每股营业收入,20151231,5.998451
002803,吉宏股份,每股指标,每股营业总收入,20151231,5.998451
002803,吉宏股份,每股指标,每股息税前利润,20151231,0.554314
002803,吉宏股份,盈利能力,净资产收益率(ROE),20151231,14.6
002803,吉宏股份,盈利能力,摊薄净资产收益率,20151231,14.631755
002803,吉宏股份,盈利能力,净资产收益率_平均,20151231,15.558032
002803,吉宏股份,盈利能力,净资产收益率_平均_扣除非经常损益,20151231,13.462636
002803,吉宏股份,盈利能力,摊薄净资产收益率_扣除非经常损益,20151231,12.661143
002803,吉宏股份,盈利能力,息税前利润率,20151231,9.240966
002803,吉宏股份,盈利能力,总资产报酬率,20151231,8.435646
002803,吉宏股份,盈利能力,总资本回报率,20151231,11.28436
002803,吉宏股份,盈利能力,投入资本回报率,20151231,11.042655
002803,吉宏股份,盈利能力,息前税后总资产报酬率_平均,20151231,7.463232
002803,吉宏股份,盈利能力,毛利率,20151231,20.706286
002803,吉宏股份,盈利能力,销售净利率,20151231,6.296306
002803,吉宏股份,盈利能力,成本费用利润率,20151231,7.976384
002803,吉宏股份,盈利能力,营业利润率,20151231,6.598023
002803,吉宏股份,盈利能力,总资产净利率_平均,20151231,6.539331
002803,吉宏股份,盈利能力,总资产净利率_平均(含少数股东损益),20151231,5.747604
002803,吉宏股份,成长能力,归母净利润,20151231,37384431.31
002803,吉宏股份,成长能力,营业总收入,20151231,521865300.36
002803,吉宏股份,成长能力,净利润,20151231,32858240.73
002803,吉宏股份,成长能力,扣非净利润,20151231,32349400.0
002803,吉宏股份,成长能力,营业总收入增长率,20151231,35.223671
002803,吉宏股份,成长能力,归属母公司净利润增长率,20151231,95.894792
002803,吉宏股份,收益质量,经营活动净现金/销售收入,20151231,0.105889
002803,吉宏股份,收益质量,经营性现金净流量/营业总收入,20151231,0.105889
002803,吉宏股份,收益质量,成本费用率,20151231,92.291867
002803,吉宏股份,收益质量,期间费用率,20151231,12.998153
002803,吉宏股份,收益质量,销售成本率,20151231,79.293713
002803,吉宏股份,收益质量,经营活动净现金/归属母公司的净利润,20151231,1.478155
002803,吉宏股份,收益质量,所得税/利润总额,20151231,14.47041
002803,吉宏股份,财务风险,流动比率,20151231,0.935812
002803,吉宏股份,财务风险,速动比率,20151231,0.736682
002803,吉宏股份,财务风险,保守速动比率,20151231,0.680916
002803,吉宏股份,财务风险,资产负债率,20151231,56.481286
002803,吉宏股份,财务风险,权益乘数,20151231,2.379147
002803,吉宏股份,财务风险,权益乘数(含少数股权的净资产),20151231,2.297862
002803,吉宏股份,财务风险,产权比率,20151231,135.459057
002803,吉宏股份,财务风险,现金比率,20151231,0.176859
002803,吉宏股份,营运能力,应收账款周转率,20151231,4.079901
002803,吉宏股份,营运能力,应收账款周转天数,20151231,88.237432
002803,吉宏股份,营运能力,存货周转率,20151231,6.962205
002803,吉宏股份,营运能力,存货周转天数,20151231,51.707749
002803,吉宏股份,营运能力,总资产周转率,20151231,0.912853
002803,吉宏股份,营运能力,总资产周转天数,20151231,394.367863
002803,吉宏股份,营运能力,流动资产周转率,20151231,1.911281
002803,吉宏股份,营运能力,流动资产周转天数,20151231,188.355325
002803,吉宏股份,营运能力,应付账款周转率,20151231,5.864449
002803,吉宏股份,常用指标,归母净利润,20150930,26065452.01
002803,吉宏股份,常用指标,营业总收入,20150930,384072307.52
002803,吉宏股份,常用指标,营业成本,20150930,359257097.06
002803,吉宏股份,常用指标,净利润,20150930,22650420.63
002803,吉宏股份,常用指标,扣非净利润,20150930,
002803,吉宏股份,常用指标,股东权益合计(净资产),20150930,
002803,吉宏股份,常用指标,商誉,20150930,
002803,吉宏股份,常用指标,经营现金流量净额,20150930,35303270.3
002803,吉宏股份,常用指标,基本每股收益,20150930,0.3
002803,吉宏股份,常用指标,每股净资产,20150930,
002803,吉宏股份,常用指标,每股现金流,20150930,
002803,吉宏股份,常用指标,净资产收益率(ROE),20150930,
002803,吉宏股份,常用指标,总资产报酬率(ROA),20150930,
002803,吉宏股份,常用指标,毛利率,20150930,20.56235
002803,吉宏股份,常用指标,销售净利率,20150930,5.897436
002803,吉宏股份,常用指标,期间费用率,20150930,12.7591
002803,吉宏股份,常用指标,资产负债率,20150930,
002803,吉宏股份,每股指标,基本每股收益,20150930,0.3
002803,吉宏股份,每股指标,稀释每股收益,20150930,0.3
002803,吉宏股份,每股指标,摊薄每股收益_最新股数,20150930,0.056921
002803,吉宏股份,每股指标,摊薄每股净资产_期末股数,20150930,
002803,吉宏股份,每股指标,调整每股净资产_期末股数,20150930,
002803,吉宏股份,每股指标,每股净资产_最新股数,20150930,
002803,吉宏股份,每股指标,每股经营现金流,20150930,
002803,吉宏股份,每股指标,每股现金流量净额,20150930,
002803,吉宏股份,每股指标,每股企业自由现金流量,20150930,
002803,吉宏股份,每股指标,每股股东自由现金流量,20150930,
002803,吉宏股份,每股指标,每股未分配利润,20150930,
002803,吉宏股份,每股指标,每股资本公积金,20150930,
002803,吉宏股份,每股指标,每股盈余公积金,20150930,
002803,吉宏股份,每股指标,每股留存收益,20150930,
002803,吉宏股份,每股指标,每股营业收入,20150930,
002803,吉宏股份,每股指标,每股营业总收入,20150930,
002803,吉宏股份,每股指标,每股息税前利润,20150930,
002803,吉宏股份,盈利能力,净资产收益率(ROE),20150930,
002803,吉宏股份,盈利能力,摊薄净资产收益率,20150930,
002803,吉宏股份,盈利能力,净资产收益率_平均,20150930,
002803,吉宏股份,盈利能力,净资产收益率_平均_扣除非经常损益,20150930,
002803,吉宏股份,盈利能力,摊薄净资产收益率_扣除非经常损益,20150930,
002803,吉宏股份,盈利能力,息税前利润率,20150930,9.758447
002803,吉宏股份,盈利能力,总资产报酬率,20150930,
002803,吉宏股份,盈利能力,总资本回报率,20150930,
002803,吉宏股份,盈利能力,投入资本回报率,20150930,
002803,吉宏股份,盈利能力,息前税后总资产报酬率_平均,20150930,
002803,吉宏股份,盈利能力,毛利率,20150930,20.56235
002803,吉宏股份,盈利能力,销售净利率,20150930,5.897436
002803,吉宏股份,盈利能力,成本费用利润率,20150930,8.042397
002803,吉宏股份,盈利能力,营业利润率,20150930,6.461077
002803,吉宏股份,盈利能力,总资产净利率_平均,20150930,
002803,吉宏股份,盈利能力,总资产净利率_平均(含少数股东损益),20150930,
002803,吉宏股份,成长能力,归母净利润,20150930,26065452.01
002803,吉宏股份,成长能力,营业总收入,20150930,384072307.52
002803,吉宏股份,成长能力,净利润,20150930,22650420.63
002803,吉宏股份,成长能力,扣非净利润,20150930,
002803,吉宏股份,成长能力,营业总收入增长率,20150930,
002803,吉宏股份,成长能力,归属母公司净利润增长率,20150930,
002803,吉宏股份,收益质量,经营活动净现金/销售收入,20150930,0.091918
002803,吉宏股份,收益质量,经营性现金净流量/营业总收入,20150930,0.091918
002803,吉宏股份,收益质量,成本费用率,20150930,92.196749
002803,吉宏股份,收益质量,期间费用率,20150930,12.7591
002803,吉宏股份,收益质量,销售成本率,20150930,79.437649
002803,吉宏股份,收益质量,经营活动净现金/归属母公司的净利润,20150930,1.354408
002803,吉宏股份,收益质量,所得税/利润总额,20150930,20.464291
002803,吉宏股份,财务风险,流动比率,20150930,
002803,吉宏股份,财务风险,速动比率,20150930,
002803,吉宏股份,财务风险,保守速动比率,20150930,
002803,吉宏股份,财务风险,资产负债率,20150930,
002803,吉宏股份,财务风险,权益乘数,20150930,
002803,吉宏股份,财务风险,权益乘数(含少数股权的净资产),20150930,
002803,吉宏股份,财务风险,产权比率,20150930,
002803,吉宏股份,财务风险,现金比率,20150930,
002803,吉宏股份,营运能力,应收账款周转率,20150930,
002803,吉宏股份,营运能力,应收账款周转天数,20150930,
002803,吉宏股份,营运能力,存货周转率,20150930,
002803,吉宏股份,营运能力,存货周转天数,20150930,
002803,吉宏股份,营运能力,总资产周转率,20150930,
002803,吉宏股份,营运能力,总资产周转天数,20150930,
002803,吉宏股份,营运能力,流动资产周转率,20150930,
002803,吉宏股份,营运能力,流动资产周转天数,20150930,
002803,吉宏股份,营运能力,应付账款周转率,20150930,
002803,吉宏股份,常用指标,归母净利润,20150630,16768480.77
002803,吉宏股份,常用指标,营业总收入,20150630,248313692.36
002803,吉宏股份,常用指标,营业成本,20150630,230720318.38
002803,吉宏股份,常用指标,净利润,20150630,14707133.61
002803,吉宏股份,常用指标,扣非净利润,20150630,16497800.0
002803,吉宏股份,常用指标,股东权益合计(净资产),20150630,248519559.76
002803,吉宏股份,常用指标,商誉,20150630,
002803,吉宏股份,常用指标,经营现金流量净额,20150630,28192598.27
002803,吉宏股份,常用指标,基本每股收益,20150630,0.19
002803,吉宏股份,常用指标,每股净资产,20150630,2.699849
002803,吉宏股份,常用指标,每股现金流,20150630,0.324052
002803,吉宏股份,常用指标,净资产收益率(ROE),20150630,6.73
002803,吉宏股份,常用指标,总资产报酬率(ROA),20150630,4.673117
002803,吉宏股份,常用指标,毛利率,20150630,20.958348
002803,吉宏股份,常用指标,销售净利率,20150630,5.922804
002803,吉宏股份,常用指标,期间费用率,20150630,12.688027
002803,吉宏股份,常用指标,资产负债率,20150630,54.13347
002803,吉宏股份,每股指标,基本每股收益,20150630,0.19
002803,吉宏股份,每股指标,稀释每股收益,20150630,0.19
002803,吉宏股份,每股指标,摊薄每股收益_最新股数,20150630,0.036619
002803,吉宏股份,每股指标,摊薄每股净资产_期末股数,20150630,2.699849
002803,吉宏股份,每股指标,调整每股净资产_期末股数,20150630,2.32909
002803,吉宏股份,每股指标,每股净资产_最新股数,20150630,0.512946
002803,吉宏股份,每股指标,每股经营现金流,20150630,0.324052
002803,吉宏股份,每股指标,每股现金流量净额,20150630,-0.119881
002803,吉宏股份,每股指标,每股企业自由现金流量,20150630,0.23861
002803,吉宏股份,每股指标,每股股东自由现金流量,20150630,0.058897
002803,吉宏股份,每股指标,每股未分配利润,20150630,1.199566
002803,吉宏股份,每股指标,每股资本公积金,20150630,0.413394
002803,吉宏股份,每股指标,每股盈余公积金,20150630,0.08689
002803,吉宏股份,每股指标,每股留存收益,20150630,1.286456
002803,吉宏股份,每股指标,每股营业收入,20150630,2.85418
002803,吉宏股份,每股指标,每股营业总收入,20150630,2.85418
002803,吉宏股份,每股指标,每股息税前利润,20150630,0.288023
002803,吉宏股份,盈利能力,净资产收益率(ROE),20150630,6.73
002803,吉宏股份,盈利能力,摊薄净资产收益率,20150630,7.138958
002803,吉宏股份,盈利能力,净资产收益率_平均,20150630,7.291192
002803,吉宏股份,盈利能力,净资产收益率_平均_扣除非经常损益,20150630,7.173496
002803,吉宏股份,盈利能力,摊薄净资产收益率_扣除非经常损益,20150630,
002803,吉宏股份,盈利能力,息税前利润率,20150630,10.091282
002803,吉宏股份,盈利能力,总资产报酬率,20150630,4.673117
002803,吉宏股份,盈利能力,总资本回报率,20150630,6.14652
002803,吉宏股份,盈利能力,投入资本回报率,20150630,5.679151
002803,吉宏股份,盈利能力,息前税后总资产报酬率_平均,20150630,2.742759
002803,吉宏股份,盈利能力,毛利率,20150630,20.958348
002803,吉宏股份,盈利能力,销售净利率,20150630,5.922804
002803,吉宏股份,盈利能力,成本费用利润率,20150630,8.198287
002803,吉宏股份,盈利能力,营业利润率,20150630,7.08514
002803,吉宏股份,盈利能力,总资产净利率_平均,20150630,3.127183
002803,吉宏股份,盈利能力,总资产净利率_平均(含少数股东损益),20150630,2.742759
002803,吉宏股份,成长能力,归母净利润,20150630,16768480.77
002803,吉宏股份,成长能力,营业总收入,20150630,248313692.36
002803,吉宏股份,成长能力,净利润,20150630,14707133.61
002803,吉宏股份,成长能力,扣非净利润,20150630,16497800.0
002803,吉宏股份,成长能力,营业总收入增长率,20150630,
002803,吉宏股份,成长能力,归属母公司净利润增长率,20150630,
002803,吉宏股份,收益质量,经营活动净现金/销售收入,20150630,0.113536
002803,吉宏股份,收益质量,经营性现金净流量/营业总收入,20150630,0.113536
002803,吉宏股份,收益质量,成本费用率,20150630,91.729679
002803,吉宏股份,收益质量,期间费用率,20150630,12.688027
002803,吉宏股份,收益质量,销售成本率,20150630,79.041651
002803,吉宏股份,收益质量,经营活动净现金/归属母公司的净利润,20150630,1.681285
002803,吉宏股份,收益质量,所得税/利润总额,20150630,21.242058
002803,吉宏股份,财务风险,流动比率,20150630,0.945344
002803,吉宏股份,财务风险,速动比率,20150630,0.746014
002803,吉宏股份,财务风险,保守速动比率,20150630,0.654409
002803,吉宏股份,财务风险,资产负债率,20150630,54.13347
002803,吉宏股份,财务风险,权益乘数,20150630,2.331552
002803,吉宏股份,财务风险,权益乘数(含少数股权的净资产),20150630,2.180239
002803,吉宏股份,财务风险,产权比率,20150630,124.873915
002803,吉宏股份,财务风险,现金比率,20150630,0.131162
002803,吉宏股份,营运能力,应收账款周转率,20150630,2.216449
002803,吉宏股份,营运能力,应收账款周转天数,20150630,81.21097
002803,吉宏股份,营运能力,存货周转率,20150630,3.566889
002803,吉宏股份,营运能力,存货周转天数,20150630,50.464136
002803,吉宏股份,营运能力,总资产周转率,20150630,0.463084
002803,吉宏股份,营运能力,总资产周转天数,20150630,388.697847
002803,吉宏股份,营运能力,流动资产周转率,20150630,0.979503
002803,吉宏股份,营运能力,流动资产周转天数,20150630,183.766583
002803,吉宏股份,营运能力,应付账款周转率,20150630,3.022698
002803,吉宏股份,常用指标,归母净利润,20150331,4535215.88
002803,吉宏股份,常用指标,营业总收入,20150331,113649072.41
002803,吉宏股份,常用指标,营业成本,20150331,108864935.41
002803,吉宏股份,常用指标,净利润,20150331,3479069.05
002803,吉宏股份,常用指标,扣非净利润,20150331,4367800.0
002803,吉宏股份,常用指标,股东权益合计(净资产),20150331,
002803,吉宏股份,常用指标,商誉,20150331,
002803,吉宏股份,常用指标,经营现金流量净额,20150331,-7081598.49
002803,吉宏股份,常用指标,基本每股收益,20150331,0.05
002803,吉宏股份,常用指标,每股净资产,20150331,
002803,吉宏股份,常用指标,每股现金流,20150331,
002803,吉宏股份,常用指标,净资产收益率(ROE),20150331,1.87
002803,吉宏股份,常用指标,总资产报酬率(ROA),20150331,
002803,吉宏股份,常用指标,毛利率,20150331,20.145788
002803,吉宏股份,常用指标,销售净利率,20150331,3.061238
002803,吉宏股份,常用指标,期间费用率,20150331,13.890359
002803,吉宏股份,常用指标,资产负债率,20150331,
002803,吉宏股份,每股指标,基本每股收益,20150331,0.05
002803,吉宏股份,每股指标,稀释每股收益,20150331,0.05
002803,吉宏股份,每股指标,摊薄每股收益_最新股数,20150331,0.009904
002803,吉宏股份,每股指标,摊薄每股净资产_期末股数,20150331,
002803,吉宏股份,每股指标,调整每股净资产_期末股数,20150331,
002803,吉宏股份,每股指标,每股净资产_最新股数,20150331,
002803,吉宏股份,每股指标,每股经营现金流,20150331,
002803,吉宏股份,每股指标,每股现金流量净额,20150331,
002803,吉宏股份,每股指标,每股企业自由现金流量,20150331,
002803,吉宏股份,每股指标,每股股东自由现金流量,20150331,
002803,吉宏股份,每股指标,每股未分配利润,20150331,
002803,吉宏股份,每股指标,每股资本公积金,20150331,
002803,吉宏股份,每股指标,每股盈余公积金,20150331,
002803,吉宏股份,每股指标,每股留存收益,20150331,
002803,吉宏股份,每股指标,每股营业收入,20150331,
002803,吉宏股份,每股指标,每股营业总收入,20150331,
002803,吉宏股份,每股指标,每股息税前利润,20150331,
002803,吉宏股份,盈利能力,净资产收益率(ROE),20150331,1.87
002803,吉宏股份,盈利能力,摊薄净资产收益率,20150331,
002803,吉宏股份,盈利能力,净资产收益率_平均,20150331,
002803,吉宏股份,盈利能力,净资产收益率_平均_扣除非经常损益,20150331,
002803,吉宏股份,盈利能力,摊薄净资产收益率_扣除非经常损益,20150331,
002803,吉宏股份,盈利能力,息税前利润率,20150331,7.237534
002803,吉宏股份,盈利能力,总资产报酬率,20150331,
002803,吉宏股份,盈利能力,总资本回报率,20150331,
002803,吉宏股份,盈利能力,投入资本回报率,20150331,
002803,吉宏股份,盈利能力,息前税后总资产报酬率_平均,20150331,
002803,吉宏股份,盈利能力,毛利率,20150331,20.145788
002803,吉宏股份,盈利能力,销售净利率,20150331,3.061238
002803,吉宏股份,盈利能力,成本费用利润率,20150331,4.675588
002803,吉宏股份,盈利能力,营业利润率,20150331,4.209569
002803,吉宏股份,盈利能力,总资产净利率_平均,20150331,
002803,吉宏股份,盈利能力,总资产净利率_平均(含少数股东损益),20150331,
002803,吉宏股份,成长能力,归母净利润,20150331,4535215.88
002803,吉宏股份,成长能力,营业总收入,20150331,113649072.41
002803,吉宏股份,成长能力,净利润,20150331,3479069.05
002803,吉宏股份,成长能力,扣非净利润,20150331,4367800.0
002803,吉宏股份,成长能力,营业总收入增长率,20150331,
002803,吉宏股份,成长能力,归属母公司净利润增长率,20150331,
002803,吉宏股份,收益质量,经营活动净现金/销售收入,20150331,-0.062311
002803,吉宏股份,收益质量,经营性现金净流量/营业总收入,20150331,-0.062311
002803,吉宏股份,收益质量,成本费用率,20150331,93.74457
002803,吉宏股份,收益质量,期间费用率,20150331,13.890359
002803,吉宏股份,收益质量,销售成本率,20150331,79.854211
002803,吉宏股份,收益质量,经营活动净现金/归属母公司的净利润,20150331,-1.561468
002803,吉宏股份,收益质量,所得税/利润总额,20150331,30.15831
002803,吉宏股份,财务风险,流动比率,20150331,
002803,吉宏股份,财务风险,速动比率,20150331,
002803,吉宏股份,财务风险,保守速动比率,20150331,
002803,吉宏股份,财务风险,资产负债率,20150331,
002803,吉宏股份,财务风险,权益乘数,20150331,
002803,吉宏股份,财务风险,权益乘数(含少数股权的净资产),20150331,
002803,吉宏股份,财务风险,产权比率,20150331,
002803,吉宏股份,财务风险,现金比率,20150331,
002803,吉宏股份,营运能力,应收账款周转率,20150331,
002803,吉宏股份,营运能力,应收账款周转天数,20150331,
002803,吉宏股份,营运能力,存货周转率,20150331,
002803,吉宏股份,营运能力,存货周转天数,20150331,
002803,吉宏股份,营运能力,总资产周转率,20150331,
002803,吉宏股份,营运能力,总资产周转天数,20150331,
002803,吉宏股份,营运能力,流动资产周转率,20150331,
002803,吉宏股份,营运能力,流动资产周转天数,20150331,
002803,吉宏股份,营运能力,应付账款周转率,20150331,
002803,吉宏股份,常用指标,归母净利润,20141231,19083933.16
002803,吉宏股份,常用指标,营业总收入,20141231,385927475.74
002803,吉宏股份,常用指标,营业成本,20141231,370603948.54
002803,吉宏股份,常用指标,净利润,20141231,17177916.97
002803,吉宏股份,常用指标,扣非净利润,20141231,14728200.0
002803,吉宏股份,常用指标,股东权益合计(净资产),20141231,240772421.62
002803,吉宏股份,常用指标,商誉,20141231,
002803,吉宏股份,常用指标,经营现金流量净额,20141231,15654982.1
002803,吉宏股份,常用指标,基本每股收益,20141231,0.22
002803,吉宏股份,常用指标,每股净资产,20141231,2.587108
002803,吉宏股份,常用指标,每股现金流,20141231,0.179942
002803,吉宏股份,常用指标,净资产收益率(ROE),20141231,8.58
002803,吉宏股份,常用指标,总资产报酬率(ROA),20141231,5.357499
002803,吉宏股份,常用指标,毛利率,20141231,19.125363
002803,吉宏股份,常用指标,销售净利率,20141231,4.451073
002803,吉宏股份,常用指标,期间费用率,20141231,14.308935
002803,吉宏股份,常用指标,资产负债率,20141231,54.622718
002803,吉宏股份,每股指标,基本每股收益,20141231,0.22
002803,吉宏股份,每股指标,稀释每股收益,20141231,0.22
002803,吉宏股份,每股指标,摊薄每股收益_最新股数,20141231,0.041675
002803,吉宏股份,每股指标,摊薄每股净资产_期末股数,20141231,2.587108
002803,吉宏股份,每股指标,调整每股净资产_期末股数,20141231,2.221443
002803,吉宏股份,每股指标,每股净资产_最新股数,20141231,0.491526
002803,吉宏股份,每股指标,每股经营现金流,20141231,0.179942
002803,吉宏股份,每股指标,每股现金流量净额,20141231,0.040645
002803,吉宏股份,每股指标,每股企业自由现金流量,20141231,0.509864
002803,吉宏股份,每股指标,每股股东自由现金流量,20141231,1.014341
002803,吉宏股份,每股指标,每股未分配利润,20141231,1.086825
002803,吉宏股份,每股指标,每股资本公积金,20141231,0.413394
002803,吉宏股份,每股指标,每股盈余公积金,20141231,0.08689
002803,吉宏股份,每股指标,每股留存收益,20141231,1.173715
002803,吉宏股份,每股指标,每股营业收入,20141231,4.435947
002803,吉宏股份,每股指标,每股营业总收入,20141231,4.435947
002803,吉宏股份,每股指标,每股息税前利润,20141231,0.302789
002803,吉宏股份,盈利能力,净资产收益率(ROE),20141231,8.58
002803,吉宏股份,盈利能力,摊薄净资产收益率,20141231,8.478792
002803,吉宏股份,盈利能力,净资产收益率_平均,20141231,8.713469
002803,吉宏股份,盈利能力,净资产收益率_平均_扣除非经常损益,20141231,6.724699
002803,吉宏股份,盈利能力,摊薄净资产收益率_扣除非经常损益,20141231,6.543587
002803,吉宏股份,盈利能力,息税前利润率,20141231,6.825813
002803,吉宏股份,盈利能力,总资产报酬率,20141231,5.357499
002803,吉宏股份,盈利能力,总资本回报率,20141231,6.839969
002803,吉宏股份,盈利能力,投入资本回报率,20141231,7.35665
002803,吉宏股份,盈利能力,息前税后总资产报酬率_平均,20141231,5.374557
002803,吉宏股份,盈利能力,毛利率,20141231,19.125363
002803,吉宏股份,盈利能力,销售净利率,20141231,4.451073
002803,吉宏股份,盈利能力,成本费用利润率,20141231,4.653472
002803,吉宏股份,盈利能力,营业利润率,20141231,3.970571
002803,吉宏股份,盈利能力,总资产净利率_平均,20141231,3.881235
002803,吉宏股份,盈利能力,总资产净利率_平均(含少数股东损益),20141231,3.493595
002803,吉宏股份,成长能力,归母净利润,20141231,19083933.16
002803,吉宏股份,成长能力,营业总收入,20141231,385927475.74
002803,吉宏股份,成长能力,净利润,20141231,17177916.97
002803,吉宏股份,成长能力,扣非净利润,20141231,14728200.0
002803,吉宏股份,成长能力,营业总收入增长率,20141231,-0.343036
002803,吉宏股份,成长能力,归属母公司净利润增长率,20141231,-47.473618
002803,吉宏股份,收益质量,经营活动净现金/销售收入,20141231,0.040564
002803,吉宏股份,收益质量,经营性现金净流量/营业总收入,20141231,0.040564
002803,吉宏股份,收益质量,成本费用率,20141231,95.183571
002803,吉宏股份,收益质量,期间费用率,20141231,14.308935
002803,吉宏股份,收益质量,销售成本率,20141231,80.874636
002803,吉宏股份,收益质量,经营活动净现金/归属母公司的净利润,20141231,0.820322
002803,吉宏股份,收益质量,所得税/利润总额,20141231,-0.490653
002803,吉宏股份,财务风险,流动比率,20141231,0.918301
002803,吉宏股份,财务风险,速动比率,20141231,0.712884
002803,吉宏股份,财务风险,保守速动比率,20141231,0.636335
002803,吉宏股份,财务风险,资产负债率,20141231,54.622718
002803,吉宏股份,财务风险,权益乘数,20141231,2.245024
002803,吉宏股份,财务风险,权益乘数(含少数股权的净资产),20141231,2.203745
002803,吉宏股份,财务风险,产权比率,20141231,128.767922
002803,吉宏股份,财务风险,现金比率,20141231,0.162191
002803,吉宏股份,营运能力,应收账款周转率,20141231,3.874044
002803,吉宏股份,营运能力,应收账款周转天数,20141231,92.926139
002803,吉宏股份,营运能力,存货周转率,20141231,6.310632
002803,吉宏股份,营运能力,存货周转天数,20141231,57.04658
002803,吉宏股份,营运能力,总资产周转率,20141231,0.784888
002803,吉宏股份,营运能力,总资产周转天数,20141231,458.664076
002803,吉宏股份,营运能力,流动资产周转率,20141231,1.691325
002803,吉宏股份,营运能力,流动资产周转天数,20141231,212.850801
002803,吉宏股份,营运能力,应付账款周转率,20141231,5.203019
002803,吉宏股份,常用指标,归母净利润,20131231,36332091.71
002803,吉宏股份,常用指标,营业总收入,20131231,387255903.69
002803,吉宏股份,常用指标,营业成本,20131231,349633728.97
002803,吉宏股份,常用指标,净利润,20131231,36332091.71
002803,吉宏股份,常用指标,扣非净利润,20131231,32280500.0
002803,吉宏股份,常用指标,股东权益合计(净资产),20131231,212954502.06
002803,吉宏股份,常用指标,商誉,20131231,
002803,吉宏股份,常用指标,经营现金流量净额,20131231,35360243.55
002803,吉宏股份,常用指标,基本每股收益,20131231,0.42
002803,吉宏股份,常用指标,每股净资产,20131231,2.447752
002803,吉宏股份,常用指标,每股现金流,20131231,0.406439
002803,吉宏股份,常用指标,净资产收益率(ROE),20131231,18.53
002803,吉宏股份,常用指标,总资产报酬率(ROA),20131231,11.172899
002803,吉宏股份,常用指标,毛利率,20131231,21.804878
002803,吉宏股份,常用指标,销售净利率,20131231,9.381933
002803,吉宏股份,常用指标,期间费用率,20131231,11.631421
002803,吉宏股份,常用指标,资产负债率,20131231,52.968745
002803,吉宏股份,每股指标,基本每股收益,20131231,0.42
002803,吉宏股份,每股指标,稀释每股收益,20131231,0.42
002803,吉宏股份,每股指标,摊薄每股收益_最新股数,20131231,0.079342
002803,吉宏股份,每股指标,摊薄每股净资产_期末股数,20131231,2.447752
002803,吉宏股份,每股指标,调整每股净资产_期末股数,20131231,2.126105
002803,吉宏股份,每股指标,每股净资产_最新股数,20131231,0.46505
002803,吉宏股份,每股指标,每股经营现金流,20131231,0.406439
002803,吉宏股份,每股指标,每股现金流量净额,20131231,0.205521
002803,吉宏股份,每股指标,每股企业自由现金流量,20131231,0.169564
002803,吉宏股份,每股指标,每股股东自由现金流量,20131231,0.641924
002803,吉宏股份,每股指标,每股未分配利润,20131231,0.961375
002803,吉宏股份,每股指标,每股资本公积金,20131231,0.413394
002803,吉宏股份,每股指标,每股盈余公积金,20131231,0.072983
002803,吉宏股份,每股指标,每股留存收益,20131231,1.034359
002803,吉宏股份,每股指标,每股营业收入,20131231,4.451217
002803,吉宏股份,每股指标,每股营业总收入,20131231,4.451217
002803,吉宏股份,每股指标,每股息税前利润,20131231,0.529475
002803,吉宏股份,盈利能力,净资产收益率(ROE),20131231,18.53
002803,吉宏股份,盈利能力,摊薄净资产收益率,20131231,17.060964
002803,吉宏股份,盈利能力,净资产收益率_平均,20131231,18.510715
002803,吉宏股份,盈利能力,净资产收益率_平均_扣除非经常损益,20131231,16.446484
002803,吉宏股份,盈利能力,摊薄净资产收益率_扣除非经常损益,20131231,15.158451
002803,吉宏股份,盈利能力,息税前利润率,20131231,11.895066
002803,吉宏股份,盈利能力,总资产报酬率,20131231,11.172899
002803,吉宏股份,盈利能力,总资本回报率,20131231,14.684151
002803,吉宏股份,盈利能力,投入资本回报率,20131231,13.523331
002803,吉宏股份,盈利能力,息前税后总资产报酬率_平均,20131231,10.289652
002803,吉宏股份,盈利能力,毛利率,20131231,21.804878
002803,吉宏股份,盈利能力,销售净利率,20131231,9.381933
002803,吉宏股份,盈利能力,成本费用利润率,20131231,11.491335
002803,吉宏股份,盈利能力,营业利润率,20131231,9.715068
002803,吉宏股份,盈利能力,总资产净利率_平均,20131231,8.812342
002803,吉宏股份,盈利能力,总资产净利率_平均(含少数股东损益),20131231,8.812342
002803,吉宏股份,成长能力,归母净利润,20131231,36332091.71
002803,吉宏股份,成长能力,营业总收入,20131231,387255903.69
002803,吉宏股份,成长能力,净利润,20131231,36332091.71
002803,吉宏股份,成长能力,扣非净利润,20131231,32280500.0
002803,吉宏股份,成长能力,营业总收入增长率,20131231,8.935443
002803,吉宏股份,成长能力,归属母公司净利润增长率,20131231,2.709541
002803,吉宏股份,收益质量,经营活动净现金/销售收入,20131231,0.091309
002803,吉宏股份,收益质量,经营性现金净流量/营业总收入,20131231,0.091309
002803,吉宏股份,收益质量,成本费用率,20131231,89.826542
002803,吉宏股份,收益质量,期间费用率,20131231,11.631421
002803,吉宏股份,收益质量,销售成本率,20131231,78.195121
002803,吉宏股份,收益质量,经营活动净现金/归属母公司的净利润,20131231,0.97325
002803,吉宏股份,收益质量,所得税/利润总额,20131231,9.109775
002803,吉宏股份,财务风险,流动比率,20131231,1.058264
002803,吉宏股份,财务风险,速动比率,20131231,0.837388
002803,吉宏股份,财务风险,保守速动比率,20131231,0.769691
002803,吉宏股份,财务风险,资产负债率,20131231,52.968745
002803,吉宏股份,财务风险,权益乘数,20131231,2.100544
002803,吉宏股份,财务风险,权益乘数(含少数股权的净资产),20131231,2.126245
002803,吉宏股份,财务风险,产权比率,20131231,112.624562
002803,吉宏股份,财务风险,现金比率,20131231,0.183689
002803,吉宏股份,营运能力,应收账款周转率,20131231,4.180904
002803,吉宏股份,营运能力,应收账款周转天数,20131231,86.105767
002803,吉宏股份,营运能力,存货周转率,20131231,6.86327
002803,吉宏股份,营运能力,存货周转天数,20131231,52.453129
002803,吉宏股份,营运能力,总资产周转率,20131231,0.939288
002803,吉宏股份,营运能力,总资产周转天数,20131231,383.268829
002803,吉宏股份,营运能力,流动资产周转率,20131231,1.894709
002803,吉宏股份,营运能力,流动资产周转天数,20131231,190.002782
002803,吉宏股份,营运能力,应付账款周转率,20131231,5.513969
002803,吉宏股份,常用指标,归母净利润,20121231,35373628.7
002803,吉宏股份,常用指标,营业总收入,20121231,355491188.56
002803,吉宏股份,常用指标,营业成本,20121231,319856499.78
002803,吉宏股份,常用指标,净利润,20121231,35354191.05
002803,吉宏股份,常用指标,扣非净利润,20121231,30857600.0
002803,吉宏股份,常用指标,股东权益合计(净资产),20121231,179597486.45
002803,吉宏股份,常用指标,商誉,20121231,
002803,吉宏股份,常用指标,经营现金流量净额,20121231,28559551.14
002803,吉宏股份,常用指标,基本每股收益,20121231,0.42
002803,吉宏股份,常用指标,每股净资产,20121231,2.112911
002803,吉宏股份,常用指标,每股现金流,20121231,0.335994
002803,吉宏股份,常用指标,净资产收益率(ROE),20121231,23.12
002803,吉宏股份,常用指标,总资产报酬率(ROA),20121231,12.671735
002803,吉宏股份,常用指标,毛利率,20121231,21.886431
002803,吉宏股份,常用指标,销售净利率,20121231,9.945166
002803,吉宏股份,常用指标,期间费用率,20121231,10.699289
002803,吉宏股份,常用指标,资产负债率,20121231,51.692444
002803,吉宏股份,每股指标,基本每股收益,20121231,0.42
002803,吉宏股份,每股指标,稀释每股收益,20121231,0.42
002803,吉宏股份,每股指标,摊薄每股收益_最新股数,20121231,0.077249
002803,吉宏股份,每股指标,摊薄每股净资产_期末股数,20121231,2.112911
002803,吉宏股份,每股指标,调整每股净资产_期末股数,20121231,1.912431
002803,吉宏股份,每股指标,每股净资产_最新股数,20121231,0.392205
002803,吉宏股份,每股指标,每股经营现金流,20121231,0.335994
002803,吉宏股份,每股指标,每股现金流量净额,20121231,0.011584
002803,吉宏股份,每股指标,每股企业自由现金流量,20121231,0.151046
002803,吉宏股份,每股指标,每股股东自由现金流量,20121231,0.294072
002803,吉宏股份,每股指标,每股未分配利润,20121231,0.618289
002803,吉宏股份,每股指标,每股资本公积金,20121231,0.44665
002803,吉宏股份,每股指标,每股盈余公积金,20121231,0.047971
002803,吉宏股份,每股指标,每股留存收益,20121231,0.666261
002803,吉宏股份,每股指标,每股营业收入,20121231,4.182249
002803,吉宏股份,每股指标,每股营业总收入,20121231,4.182249
002803,吉宏股份,每股指标,每股息税前利润,20121231,0.519405
002803,吉宏股份,盈利能力,净资产收益率(ROE),20121231,23.12
002803,吉宏股份,盈利能力,摊薄净资产收益率,20121231,19.69606
002803,吉宏股份,盈利能力,净资产收益率_平均,20121231,22.437555
002803,吉宏股份,盈利能力,净资产收益率_平均_扣除非经常损益,20121231,19.57303
002803,吉宏股份,盈利能力,摊薄净资产收益率_扣除非经常损益,20121231,
002803,吉宏股份,盈利能力,息税前利润率,20121231,12.419296
002803,吉宏股份,盈利能力,总资产报酬率,20121231,12.671735
002803,吉宏股份,盈利能力,总资本回报率,20121231,17.677994
002803,吉宏股份,盈利能力,投入资本回报率,20121231,17.223709
002803,吉宏股份,盈利能力,息前税后总资产报酬率_平均,20121231,10.147315
002803,吉宏股份,盈利能力,毛利率,20121231,21.886431
002803,吉宏股份,盈利能力,销售净利率,20121231,9.945166
002803,吉宏股份,盈利能力,成本费用利润率,20121231,11.563395
002803,吉宏股份,盈利能力,营业利润率,20121231,10.02407
002803,吉宏股份,盈利能力,总资产净利率_平均,20121231,10.152894
002803,吉宏股份,盈利能力,总资产净利率_平均(含少数股东损益),20121231,10.147315
002803,吉宏股份,成长能力,归母净利润,20121231,35373628.7
002803,吉宏股份,成长能力,营业总收入,20121231,355491188.56
002803,吉宏股份,成长能力,净利润,20121231,35354191.05
002803,吉宏股份,成长能力,扣非净利润,20121231,30857600.0
002803,吉宏股份,成长能力,营业总收入增长率,20121231,15.201881
002803,吉宏股份,成长能力,归属母公司净利润增长率,20121231,55.040904
002803,吉宏股份,收益质量,经营活动净现金/销售收入,20121231,0.080338
002803,吉宏股份,收益质量,经营性现金净流量/营业总收入,20121231,0.080338
002803,吉宏股份,收益质量,成本费用率,20121231,88.812857
002803,吉宏股份,收益质量,期间费用率,20121231,10.699289
002803,吉宏股份,收益质量,销售成本率,20121231,78.113568
002803,吉宏股份,收益质量,经营活动净现金/归属母公司的净利润,20121231,0.807368
002803,吉宏股份,收益质量,所得税/利润总额,20121231,3.160881
002803,吉宏股份,财务风险,流动比率,20121231,1.101937
002803,吉宏股份,财务风险,速动比率,20121231,0.855617
002803,吉宏股份,财务风险,保守速动比率,20121231,0.80256
002803,吉宏股份,财务风险,资产负债率,20121231,51.692444
002803,吉宏股份,财务风险,权益乘数,20121231,2.209966
002803,吉宏股份,财务风险,权益乘数(含少数股权的净资产),20121231,2.070069
002803,吉宏股份,财务风险,产权比率,20121231,107.006957
002803,吉宏股份,财务风险,现金比率,20121231,0.212867
002803,吉宏股份,营运能力,应收账款周转率,20121231,4.499478
002803,吉宏股份,营运能力,应收账款周转天数,20121231,80.009274
002803,吉宏股份,营运能力,存货周转率,20121231,5.896376
002803,吉宏股份,营运能力,存货周转天数,20121231,61.054448
002803,吉宏股份,营运能力,总资产周转率,20121231,1.020326
002803,吉宏股份,营运能力,总资产周转天数,20121231,352.828276
002803,吉宏股份,营运能力,流动资产周转率,20121231,2.040068
002803,吉宏股份,营运能力,流动资产周转天数,20121231,176.464703
002803,吉宏股份,营运能力,应付账款周转率,20121231,5.191705
002803,吉宏股份,常用指标,归母净利润,20111231,22815674.92
002803,吉宏股份,常用指标,营业总收入,20111231,308581061.71
002803,吉宏股份,常用指标,营业成本,20111231,281298766.53
002803,吉宏股份,常用指标,净利润,20111231,22815674.92
002803,吉宏股份,常用指标,扣非净利润,20111231,22234500.0
002803,吉宏股份,常用指标,股东权益合计(净资产),20111231,135709845.34
002803,吉宏股份,常用指标,商誉,20111231,
002803,吉宏股份,常用指标,经营现金流量净额,20111231,33778341.27
002803,吉宏股份,常用指标,基本每股收益,20111231,0.27
002803,吉宏股份,常用指标,每股净资产,20111231,1.596586
002803,吉宏股份,常用指标,每股现金流,20111231,0.397392
002803,吉宏股份,常用指标,净资产收益率(ROE),20111231,18.28
002803,吉宏股份,常用指标,总资产报酬率(ROA),20111231,11.036867
002803,吉宏股份,常用指标,毛利率,20111231,20.718307
002803,吉宏股份,常用指标,销售净利率,20111231,7.393737
002803,吉宏股份,常用指标,期间费用率,20111231,11.604202
002803,吉宏股份,常用指标,资产负债率,20111231,58.24817
002803,吉宏股份,每股指标,基本每股收益,20111231,0.27
002803,吉宏股份,每股指标,稀释每股收益,20111231,0.27
002803,吉宏股份,每股指标,摊薄每股收益_最新股数,20111231,0.049824
002803,吉宏股份,每股指标,摊薄每股净资产_期末股数,20111231,1.596586
002803,吉宏股份,每股指标,调整每股净资产_期末股数,20111231,1.410896
002803,吉宏股份,每股指标,每股净资产_最新股数,20111231,0.296363
002803,吉宏股份,每股指标,每股经营现金流,20111231,0.397392
002803,吉宏股份,每股指标,每股现金流量净额,20111231,0.046261
002803,吉宏股份,每股指标,每股企业自由现金流量,20111231,0.205498
002803,吉宏股份,每股指标,每股股东自由现金流量,20111231,0.494122
002803,吉宏股份,每股指标,每股未分配利润,20111231,0.246047
002803,吉宏股份,每股指标,每股资本公积金,20111231,0.329003
002803,吉宏股份,每股指标,每股盈余公积金,20111231,0.021535
002803,吉宏股份,每股指标,每股留存收益,20111231,0.267583
002803,吉宏股份,每股指标,每股营业收入,20111231,3.630365
002803,吉宏股份,每股指标,每股营业总收入,20111231,3.630365
002803,吉宏股份,每股指标,每股息税前利润,20111231,0.422048
002803,吉宏股份,盈利能力,净资产收益率(ROE),20111231,18.28
002803,吉宏股份,盈利能力,摊薄净资产收益率,20111231,16.8121
002803,吉宏股份,盈利能力,净资产收益率_平均,20111231,16.8121
002803,吉宏股份,盈利能力,净资产收益率_平均_扣除非经常损益,20111231,16.383851
002803,吉宏股份,盈利能力,摊薄净资产收益率_扣除非经常损益,20111231,
002803,吉宏股份,盈利能力,息税前利润率,20111231,11.62552
002803,吉宏股份,盈利能力,总资产报酬率,20111231,11.036867
002803,吉宏股份,盈利能力,总资本回报率,20111231,15.708592
002803,吉宏股份,盈利能力,投入资本回报率,20111231,13.362846
002803,吉宏股份,盈利能力,息前税后总资产报酬率_平均,20111231,7.019359
002803,吉宏股份,盈利能力,毛利率,20111231,20.718307
002803,吉宏股份,盈利能力,销售净利率,20111231,7.393737
002803,吉宏股份,盈利能力,成本费用利润率,20111231,10.045302
002803,吉宏股份,盈利能力,营业利润率,20111231,8.841208
002803,吉宏股份,盈利能力,总资产净利率_平均,20111231,7.019359
002803,吉宏股份,盈利能力,总资产净利率_平均(含少数股东损益),20111231,7.019359
002803,吉宏股份,成长能力,归母净利润,20111231,22815674.92
002803,吉宏股份,成长能力,营业总收入,20111231,308581061.71
002803,吉宏股份,成长能力,净利润,20111231,22815674.92
002803,吉宏股份,成长能力,扣非净利润,20111231,22234500.0
002803,吉宏股份,成长能力,营业总收入增长率,20111231,
002803,吉宏股份,成长能力,归属母公司净利润增长率,20111231,
002803,吉宏股份,收益质量,经营活动净现金/销售收入,20111231,0.109463
002803,吉宏股份,收益质量,经营性现金净流量/营业总收入,20111231,0.109463
002803,吉宏股份,收益质量,成本费用率,20111231,90.885894
002803,吉宏股份,收益质量,期间费用率,20111231,11.604202
002803,吉宏股份,收益质量,销售成本率,20111231,79.281692
002803,吉宏股份,收益质量,经营活动净现金/归属母公司的净利润,20111231,1.480488
002803,吉宏股份,收益质量,所得税/利润总额,20111231,19.01501
002803,吉宏股份,财务风险,流动比率,20111231,0.92855
002803,吉宏股份,财务风险,速动比率,20111231,0.620944
002803,吉宏股份,财务风险,保守速动比率,20111231,0.542913
002803,吉宏股份,财务风险,资产负债率,20111231,58.24817
002803,吉宏股份,财务风险,权益乘数,20111231,2.395104
002803,吉宏股份,财务风险,权益乘数(含少数股权的净资产),20111231,2.395104
002803,吉宏股份,财务风险,产权比率,20111231,139.510465
002803,吉宏股份,财务风险,现金比率,20111231,0.124342
002803,吉宏股份,营运能力,应收账款周转率,20111231,5.132737
002803,吉宏股份,营运能力,应收账款周转天数,20111231,70.138014
002803,吉宏股份,营运能力,存货周转率,20111231,4.885775
002803,吉宏股份,营运能力,存货周转天数,20111231,73.683288
002803,吉宏股份,营运能力,总资产周转率,20111231,0.949365
002803,吉宏股份,营运能力,总资产周转天数,20111231,379.200657
002803,吉宏股份,营运能力,流动资产周转率,20111231,2.041499
002803,吉宏股份,营运能力,流动资产周转天数,20111231,176.341
002803,吉宏股份,营运能力,应付账款周转率,20111231,5.196107
